char	root1	gloss1	root2	gloss2
粟	panic	【料】キビ団子	mili	{Ｏ}【植】雑穀（アワ，キビ，ヒエ，モロコシなど）,>>setario,>>pa
案	projekt	［他］計画する,企画する,立案する	pupitr	{Ｏ}（傾斜した）見台,書見台,記帳台,立ち机;【楽】譜面台
杏	anzu	【植】【PIV】1 Var. (Vari(aj^)o) de abrikotar	abrikot	アンズの
胃	gastr	【医】【PIV】Stomako (en kunmetaj^oj).	stomak	胃の
引	gravit	重力の	cit	{Ｂ}［他］引用する;（名前や例を）挙げる,引き合いに出す
淫	porn	［略］=pornografio（ポルノグラフィー）	obscen	わいせつな,みだらな,>>malc^asta,>>maldeca
羽	volan	【運】（バドミントンの）羽根,シャトル	plum	羽根の,羽根のような
疫	epidemi	【病】流行性の;流行病の;《転》伝染性の,流行性の	pest	ペストの;《転》悪疫の,有害な
益	benefic	慈善興行;【法】（法律で認められた）特典,特権	util	{Ｂ}有用な,有益な,役に立つ;便利な,実用的な
悦	plac^	感じの良い,気持ちのよい	delekt	【PIV】(tr (transitiva)) Tre plezurigi: la
越	ju	(語釈なし)	trans	向こうの,向こう側の;【情】遠隔の,リモートの
宴	festen	{Ｂ}［自］ごちそうを食べる;宴会に参加する;祝宴を催す	banked	［自］宴会に参加する;会食する
炎	katar	【医】カタル性の	inflam	［自］炎症を起こしている
横	transvers	横の,横線状の,横断の,>>lau^larg^a,><lau^longa	horizontal	{Ｂ}水平の,横の,>>vertikala
王	rag^	ラージャ（インドの王・王族の称号）	reg^	王の,国王の;王立の
黄	flav	{Ｂ}黄色い,黄色の	flavin	【化】【PIV】Rug^flava hetero-kvarcikla aroma
加	adici	{Ｂ}［他］【数】加える,足し算する,>>aldoni	plus	超過,余剰
寡	vidv	配偶者を失った,やもめの	oligo	(語釈なし)
蚊	kul	{Ｏ}【虫】カ（蚊）;（特に）イエカ（属）,>>moskito	moskit	{Ｂ}《般》【虫】蚊（か）,>>kulo
我	mi	私の,僕の,あたしの	atm	【哲】【PIV】Koncepto de persona memo en la h
快	alegr	【楽】（速度標語）速く,快速に	agrabl	{Ｂ}快い,心地よい,気持ちのよい
悔	rimors	【PIV】Konsciencriproc^o: vermo la hau^ton	pent	{Ｂ}［他］後悔する,悔悟する,改悛する
芥	sinap	【医】からし泥（でい）	mustard	【軍】マスタードガス,=iperito
害	noc	《稀》=malutili（有害である）	atenc	{Ｏ}［他］危害を加える,侵害する
廓	kontur	［他］輪郭を描く,かたどる	profil	横顔の;縦断面の;輪郭の
割	serp	［他］（鎌で）刈る	sekant	【数】セカント（正割）,>>kosinuso
褐	bistr	ビスタ色の,焦げ茶色の	brun	{Ｂ}褐色の,栗色の,茶色の
汗	s^vit	汗の;汗ばんだ,汗まみれの	h^an	【史】ハーン,カン（汗）（中央アジア遊牧民の族長・君主の称号）
丸	pilol	{Ｏ}【薬】錠剤,丸薬;《般》（避妊用の）ピル	testik	【解】睾丸（こうがん）転位
癌	kancer	がん細胞	karcinom	【医】【PIV】Epitelia kancera variaj^o.
岩	petr	{Ｏ}（男子名）ペテロ,ペトロ,ピーター	rok	岩の,岩石からなる;岩に覆われた
危	dang^er	危険な,危害を与える,物騒な	kriz	危機的な;=sojla（臨界の）
喜	g^oj	喜びの,うれしい	s^at	{Ｂ}［他］価値を認める,高く評価する,尊重する;好む,好く,愛好する,=ami
寄	visk	{Ｏ}【植】ヤドリギ（宿木）（属）	konsign	【PIV】(tr (transitiva)) 1 Sendi trajne, s
季	trimestr	四半期に一度の,季刊の,>>trimonata	sezon	季節の,季節的な
稀	dilu	［他］【化】希釈する;薄める,=malkoncentri	rar	まれな,希少な,珍しい,=malofta
共	komun	{Ｂ}共通の,共有の,共同の;一般の,普通の	kun	いっしょの,同じ
境	eko	(語釈なし)	medi	環境の
峡	ravin	【地理】峡谷,渓谷	istm	{Ｏ}【地理】地峡;【解】峡部
怯	poltron	《詩》=malkurag^a（臆病な）	timid	《詩》=sing^ena（内気な）
玉	jad	【鉱】翡翠（ひすい）,玉（ぎょく）	gem	{Ｏ}宝石
勤	diligent	{Ｂ}勤勉な	asidu	【PIV】Regule vizitanta la lokon de sia of
筋	muskol	筋肉の;筋肉の多い,筋骨たくましい	tenden	{Ｏ}【解】腱（けん）;（弓の）弦,つる
芹	celeri	{Ｏ}【植】セロリ,オランダミツバ	api	{Ｏ}【植】オランダミツバ（属）,>>celerio
掘	sape	［他］（城壁などを土台から）掘り崩す;対壕を掘る	fos	{Ｂ}［他］掘る;発掘する;《転》（問題などを）掘り下げる
栗	maron	【果】（栽培された）栗,大栗,>>kas^tano	kas^tan	{Ｂ}【果】クリ（栗）
群	ar	【単】アール（面積の単位，＝100平方メートル）	greg	群れの,群集の
刑	kriminal	{Ｏ}【法】刑事上の	linc^	［他］リンチを加える,私刑にする
型	muld	{Ｏ}［他］型に入れて作る,鋳造する;型を取る,鋳型をとる	tip	典型的な,代表的な;特有の,いかにも〜らしい;類型的な,型にはまった
景	pejzag^	{Ｂ}風景,景色,眺め;【美】風景画;【環】景観	panoram	パノラマのような,全景を見渡せる
桂	lau^r	{Ｏ}【植】ゲッケイジュ（属）（月桂樹）	cinam	{Ｂ}【料】桂皮,シナモン
茎	kulm	【植】（麦などの）茎,>>tigo;《詩》=>kulmino（頂点）	tig	{Ｂ}【植】茎（くき）;（ピストンなどの）棒,軸;（グラスの）あし
健	salubr	【医】【PIV】Favora por la sano: salubra klim	san	{Ｂ}健康な,健やかな,丈夫な,元気な;《転》健全な
券	bil	【経】証券,手形	kupon	{Ｂ}クーポン（券）,切符の半券;【経】利札（りさつ）
肩	skapol	肩甲骨の	s^ultr	肩の
元	vokoid	【語】【PIV】Parolsono, dum kies prononco la 	vokal	{Ｏ}【声】母音
限	restrikt	【PIV】(tr (transitiva)) Malvastigi: restr	fini	【数】【PIV】a) (pp (se paroli pri) aro) Hava
古	antikv	{Ｏ}古代の,大昔の	arka	【PIV】Arkaika.
糊	amel	［他］糊付けする	past	{Ｂ}【料】ペースト,ねり粉,生地;ペースト状のもの
互	mutual	【法】相互扶助の,共済の	reciprok	{Ｂ}相互の,お互いの;互恵的な
侯	princ	君主の;君主にふさわしい	markiz	{Ｏ}侯爵
后	post	後の;後ろの	aposterior	【哲】後天的,経験的,帰納的,><apriora
喉	gorg^	のどの	laring	喉頭の;【声】喉頭音の
孔	por	小孔のある;多孔質の	apertur	{Ｂ}開口部,口,穴;出入り口;【理】口径
宏	makro	【情】マクロ	grandioz	{Ｂ}雄大な,堂々たる,荘厳な
梗	pedunkl	【植】花柄;【解】脳脚	infarkt	【医】【PIV】Nomo donata al vaskula teritorio
高	alt	{Ｂ}高い;高貴な,高級な	altitud	【地理】標高,海抜,=absoluta alteco
劫	korsar	{Ｏ}【史】私掠船船長,私掠船乗組員,=kaperisto,>>pirato;=	kaper	［他］（敵船を）私掠（しりゃく）する,捕獲する
克	konker	{Ｏ}［他］征服する,戦い取る;《転》（努力して）勝ち取る,克服する	gram	{Ｂ}【単】グラム（g）
此	c^i	(語釈なし)	cis	(語釈なし)
婚	fianc^	{Ｂ}婚約者（男）,いいなずけ（男）	nupt	《詩》=geedzig^ofesto（婚礼）
根	radik	根の;《転》根本的な,根源的な;【植】根生の;【Ｇ】語根の;【数】根の	radikl	【解】【PIV】Radiko de krania au^ spina nervo
塞	plosiv	【語】破裂音,閉鎖音	kork	コルク製の
祭	mes	{Ｏ}【キ】ミサ,聖祭;【楽】ミサ曲	hieratik	聖事に関する,聖職者の;【史】神官文字の
作	au^tor	{Ｂ}著者,作者	verk	［他］著作する,（論文・記事などを）書く,制作する
三	terciar	【学】第三の,三次の,>>sekundara;【地質】第三紀の,>>kvater	tri	第三の,三番目の
餐	supe	【PIV】Delikata au^ festa vespermang^o.	restoraci	{Ｂ}レストラン,料理店,食堂
史	anal	【史】【PIV】Rakonto de historiaj faktoj, str	histori	歴史上の,歴史的な
士	licenci	学士号,>>bakalau^reco;学位,>>magistreco,>>dok	kavalir	騎士の
姿	gest	身ぶりで	poz	{Ｏ}［自］【美】ポーズをとる;《転》気取る
子	atom	原子の;原子力の,核の	id	子ども;子孫（一人）;《転》信奉者,弟子
止	c^es	{Ｂ}［自］やむ,〜しなくなる	apne	【医】無呼吸症候群
私	partikular	分離独立的な,自己中心的な,排他的な	privat	{Ｂ}私的な,私の,非公式な;私立の,私有の
次	sekundar	【学】第二の,二次の,>>primara;《古》第二紀の,=mezozoika	foj	一度,ある時
自	sin	{Ｂ}胸部;懐（ふところ）;胎内;《転》内奥;《転》胸の内	mem	自身の,自らの
邪	pervers	邪悪な,よこしまな,倒錯した,>>malica	perversi	【医】異常;《般》性的倒錯
勺	s^kop	【PIV】Ujo el ligno au^ lado, uzata por fo	kuler	{Ｂ}【料】さじ,スプーン
守	gard	番をして;用心深く	garnizon	［自］【軍】駐屯する
手	man	手で	kiral	【理】【PIV】1 Ne simetria sub speguligo: mul
朱	vermiljon	朱の,朱色の	cinabr	朱の;朱色の
首	c^ef	主な,主要な	arki	(語釈なし)
授	profesor	{Ｂ}（大学・高等教育機関の）教授（人）	inic	［他］（人に）秘伝を授ける;手ほどきをする
酬	honorari	［他］謝礼金を払う	rekompenc	お返しに,褒美として
十	decimal	{Ｏ}【数】十進法の,=dekuma	dek	十番目の
汁	most	{Ｏ}（発酵前の）ブドウ液,>>vino	suk	汁の;みずみずしい,=sukplena
醇	glikol	【化】【PIV】1 Senkolora likvo, diolo, HOCH 2	alkohol	アルコールの
助	help	手助けの,援助の;補助的な	adjunkt	助役,補佐,助手,>>asistanto
序	sekvenc	【楽】【PIV】1 【楽】Almenau^ dufoja ripeto de f	ord	順序の;整理された
匠	virtuoz	{Ｏ}（演奏の）名手,巨匠;（一般に）名人,達人,>>majstro	prot	【PIV】Laborestro en pasintecaj presejoj.
唱	h^or	{Ｂ}合唱団,合唱隊;合唱,合唱曲,=koruso;【劇】コロス（古代ギリシア演	kant	{Ｂ}［他］歌う;（鳥が）さえずる;《転》心地よい音を奏でる;（詩や歌で）褒めた
将	baldau^	まもなくの	general	{Ｂ}【軍】将軍;将官
照	fotograf	【写】写真濃度	ilumin	{Ｏ}［他］照明する,イルミネーションで飾る;【宗】天啓を与える
障	handikap	［他］【運】ハンディキャップをつける	bar	{Ｏ}［他］道をふさぐ;《転》妨げる
上	sur	【解】ふくらはぎ,=tibikarno	super	上方の;上位の;優れた
条	lat	［他］木摺りを打ちつける	stri	線状の,筋状の
拭	s^vabr	［他］モップで拭く	vis^	{Ｂ}［他］ふく,ぬぐう;ふき取る
殖	koloni	植民地の,植民の	prolifer	【PIV】(ntr (netransitiva)) 1 (pp (se paro
食	eklips	【天】食の	mang^	{Ｂ}［他］食べる;（虫が）食う;常食とする;《転》腐食する,むしばむ;《転》む
辱	blasfem	{Ｂ}［自］【宗】不敬なことを言う,冒涜的な言葉を吐く;［他］ののしる	sakrilegi	冒涜的な,神聖を汚す;無礼な,罰当たりな
伸	etend	{Ｂ}［他］伸ばす;（手を伸ばして）差し出す;（金属を）延ばす;広げる,拡張する	ekstens	【解】【PIV】(tr (transitiva)) Malfaldi anato
振	oscil	［自］【理】（往復）振動する	vibr	震動の,振動の
疹	ekzantem	【病】発疹性の	tif	{Ｏ}【病】チフス（通称）,>>ekzantema tifo,>>tifoido
真	au^tentik	{Ｏ}真正の,（典拠により）確かな;【法】認証された	ver	{Ｂ}本当の,実際の;真実の,真の,本物の
神	di	神の;神のような,この上なくすばらしい	numen	【心】【宗】【PIV】1 Tio, kio, je supernatura ni
臣	vasal	{Ｏ}【史】（封建制下の）家臣,臣下	ministr	大臣の
逗	kom	【地名】コモ湖（イタリア）	s^erc	冗談の,おどけた
吹	blov	{Ｂ}［自］（風が）吹く,息を吐く;［他］吹く,吹き鳴らす	blag	［自］でたらめをいう,ほらを吹く
睡	pij^am	{Ｏ}【服】パジャマ,>>noktoc^emizo	dorm	{Ｂ}［自］眠っている;《転》休止している
衰	atenu	【電】減衰指数,減衰定数	kah^eksi	【医】【PIV】Grava perturbo de c^iuj funkcioj
誓	j^ur	誓約した;宣誓した	vot	誓いの,誓願の
青	livid	【医】【PIV】Havanta koloron blanketan, iom v	cian	【化】シアン
税	impost	税収	akciz	［他］【経】消費税を課す
千	mil	千	kilometr	{Ｂ}【単】キロメートル（km）
潜	plong^	{Ｂ}［自］（水に）飛び込む,ダイビングする;【空】急降下する	latent	潜在的な,隠れた;【医】潜伏性の,潜伏期の
腺	aden	【地名】アデン湾（アラビア半島南部）	gland	{Ｏ}【解】腺
粗	rasp	ざらざらした,きめの粗い;《転》しわがれた,ごつごつした	krud	{Ｂ}生の,未加工の;粗野な,荒々しい
霜	prujn	霜の	frost	厳寒の,凍りつくような
像	statu	{Ｂ}立像,彫像	s^ajn	見かけの,外見上の
促	forc	［他］【農】促成栽培する	akcel	{Ｂ}［他］加速する,促進する,>>plirapidigi
即	ekstemporal	即座に,即席で	tuj	すぐの,即時の
属	aparten	{Ｂ}［自］（〜 al）〜のものである;〜に所属する	genr	{Ｏ}【Ｇ】性;【生】（分類学上の）属
托	korbel	【建】持送り積み	kolb	【軍】（銃床の）床尾（しょうび）
探	esplor	{Ｂ}［他］探検する,踏査する;調査する,探究する,研究する;【医】診査する,（	sond	{Ｏ}［他］（機具で深い所を）探る,調査する;【海】（測鉛で）測深する;【医】（
炭	brag^	おき,消し炭	karb	{Ｂ}炭,石炭,木炭
短	kurt	《詩》=mallonga（短い）	efemer	{Ｏ}はかない,束の間の,一日限りの
胆	gal	胆汁の;胆汁質の;ひどく苦い	kole	【化】【医】【PIV】Galo 1 (pref-e (prefikse) uza
断	intermit	断続的な,間欠的な	asert	{Ｂ}［他］断言する,主張する
知	gnostik	【PIV】1 Unua provo de kristana teologio: 	sci	{Ｂ}［他］知っている,知識がある;心得ている,〜できる
逐	proskrib	［他］追放する,=ekzili;=malpermesi;=eksterleg^i	ekzil	{Ｏ}［他］祖国から追放する,>>proskribi,>>elpeli
窒	asfiksi	［他］【医】窒息させる	sufok	窒息するような,息苦しい,息詰まる
抽	ekstrakt	［他］抽出する;抜粋する,引用する	abstrakt	{Ｏ}抽象的な,><konkreta;観念的な;【美】抽象派の
兆	bilion	（米英で）十億,=miliardo;（独仏で）一兆,=duiliono,=mil	megom	【電】=megaomo（メガオーム）
跳	kapriol	［自］跳ね回る,跳躍する	salt	{Ｂ}［自］跳ぶ,跳び上がる,跳躍する;飛び移る,飛びのく;《転》飛躍する;《転
痛	dolor	痛い,痛ましい	algi	【医】【PIV】Doloro (suf-e (sufikse) uzata): 
爪	klik	【機】歯止め,爪（つめ）;（排他的な）徒党,一味,派閥	ung	［他］つめを立てる,ひっかく,>>ungograti,>>ungovundi
低	bas	【楽】バスの,低音の;《詩》=malalta（低い）	depresi	【経】不況,不景気;【医】=deprimo（うつ病）
提	menci	{Ｂ}［他］言及する,ちょっと触れる,名を挙げる	suflor	［他］せりふを付ける;《転》そっと教える,耳打ちする
艇	jakt	【海】ヨット	jah^t	【海】=jakto（ヨット）
摘	pluk	［他］（花や実を）摘む,摘みとる,>>des^iri;つまみ上げる;【楽】（ハー	enukle	［他］【医】（腫瘍・眼球などを）摘出する
笛	fajf	{Ｂ}［自］（高く鋭い音を出すこと）口笛を吹く,指笛を吹く;警笛を鳴らす,汽笛を	flut	［自］フルートを吹く;［他］フルートで演奏する
哲	filozof	［自］=filozofii（哲学する）;達観する	filozofi	哲学的な
田	hub	【史】小農地,フーフェ（中世ヨーロッパで農民に割り当てられた土地）	kamp	【植】ルリハコベ
堵	s^top	{Ｂ}［他］（穴・隙間などを）ふさぐ,栓をする,詰め物をする,埋める;ふさいで邪	obtur	【写】シャッター速度
徒	adept	{Ｏ}（学説・教義の）信奉者;（思想・運動の）支持者,仲間,同志	van	{Ｂ}実りのない,むだな;むなしい,実質を伴わない
怒	kolerik	【医】【PIV】Apartenanta al unu el la kvar te	koler	怒りの,立腹した,怒っている
倒	kusp	毛並みに逆らって,逆に	inversi	［他］倒置する
投	spekul	投機的な	j^et	{Ｂ}［他］投げる;投げ出す,まき散らす;（勢いよく無造作に）押しやる,突き出す
灯	lamp	【化】灯油,ケロシン,=keroseno	lucern	{Ｏ}つりランプ;《転》傑出した人物
当	lombard	［他］質入れする	dej^or	【日】用番老中（ようばんろうじゅう）【私家版】
痘	variol	{Ｏ}【病】天然痘,痘瘡（とうそう）	akn	{Ｂ}にきび,吹き出物（ふきでもの）
橡	kverk	{Ｂ}【植】ナラ（楢）,カシ（樫）,オーク;【植】コナラ属	glan	{Ｏ}【植】カシの実,どんぐり;【解】亀頭
任	kapric	気まぐれな,移り気な;予測できない	investitur	［他］（儀式を伴って）任命する,>>enoficigi
猫	kat	猫の,猫のような	felis	【動】ネコ属（の動物）,>>kato
燃	brul	燃えるような,燃焼の	fuel	【技】【PIV】Solida, likva au^ gasa substanco
粘	viskoz	粘り気のある;【理】粘性の	muk	{Ｏ}【生】（粘膜から分泌される）粘液
破	c^ifon	ぼろぼろの	romp	{Ｂ}［他］破壊する,壊す,割る,折る,破る;断つ,断絶する;《転》（勇気・無関
背	parker	{Ｏ}暗記して,暗記で	dors	背の,裏の
肺	pneu^mon	【医】【PIV】Pulmo (en kunmetaj^oj).	pulm	肺の
倍	obl	【数】倍数	ploid	【生】【PIV】Nombro de homologaj serioj de la
媒	medium	霊媒の	svat	{Ｂ}［他］（職業的に）結婚を仲介する,仲人する
博	erudici	学識豊かな,博識の	doktor	博士の
八	okta	(語釈なし)	ok	第八の,八番目の
半	hemi	(語釈なし)	semi	(語釈なし)
卑	fi	下劣な,いやらしい	trivial	{Ｏ}野卑な,下卑た,卑俗な,低俗な,>>banala,>>vulgara
批	ratif	［他］=ratifiki（批准する）	ratifik	［他］【政】批准する
比	ol	(語釈なし)	proporci	釣り合いのとれた;比例した
避	rifug^	{Ｂ}［自］避難する,逃げ込む,保護を求める;亡命する	evit	{Ｂ}［他］避ける,回避する,
尾	vost	尾の;《転》後尾の	kulas	【軍】銃尾,砲尾,遊底,=postumo;【機】（内燃機関の）シリンダーヘッド
菱	romb	{Ｏ}【数】菱形（ひしがた）;【魚】=rombofis^o（ヒラメの一種）	lozang^	{Ｏ}（紋章の）菱形紋;（宝石の）菱形面;（ひし形の）糖衣錠,=pastelo;
百	centezimal	【数】百分法の,百進法の	cent	百番目の
豹	panter	{Ｏ}【動】ヒョウ（豹）（種）=leopardo;ヒョウ（属）	leopard	{Ｏ}【動】ヒョウ（豹）,=pantero
病	morb	【医】症候群	pati	【医】【PIV】Kn (Kolektiva nomo) de malsanoj,
敏	prompt	【PIV】Aganta, efikanta tuj, senprokraste,	sagac	{Ｂ}明敏な,賢明な,巧妙な,抜け目のない
富	ric^	{Ｂ}金持ちの,富んだ,裕福な;豪華な,高価な;豊かな,豊富な	oz	【化】【PIV】Monosakarido; malofte uzata mems
怖	teror	【政】テロル,テロ,組織的暴力	horor	身の毛もよだつ,戦慄すべき
浮	pelag	【生態】【PIV】Vivularo de la akvomaso de maro	bu	［他］【海】浮標を設置する
副	adverb	{Ｂ}【Ｇ】副詞,>>e-vorto	akcesor	{Ｏ}副の,副次的な,付随的な,>>flanka
福	beat	至福の;【カ】福者の列に加えられた	elize	エリジウムの;至福の,喜びに満ちた
腹	ventr	腹の,腹部の	lapar	【医】【PIV】Abdomeno (en kunmetaj^oj).
覆	mulc^	［他］【農】（作物に）敷き藁を敷く,マルチングする	teg	{Ｂ}［他］（布・皮などで）上張りする,覆いをする
物	aj^	物,事物,ものごと,>>objekto	objekt	物体の
柄	ans	（水差し・つぼ・引き出し・ドアなどの）取っ手,>>tenilo	stip	{Ｏ}【植】ハネガヤ（羽茅）（属）;【植】（キノコやシダ類の）柄
壁	mur	{Ｂ}壁,へい（塀）;壁状のもの;《転》障壁	pariet	【機】内壁;【解】壁
募	kvest	【PIV】(ntr (netransitiva)) Peti k kolekti	varb	{Ｏ}［他］（会員などを）募集する;【軍】徴募する
蓬	vil	毛で覆われた,毛むくじゃらの,けば立った	hirt	{Ｏ}（毛の）逆立った,（髪の）乱れた
忘	amnezi	【病】健忘症	forges	{Ｂ}［他］忘れる,失念する;なおざりにする,おろそかにする
望	esper	希望の	perspektiv	{Ｏ}眺望,見晴らし,遠景;展望,見通し;【美】遠近法,透視図法
膨	ekspansi	［自］【理】（気体が）膨張する,>>dilati	dilat	［他］【理】膨張させる,>>ekspansii
墨	tuc^	［他］墨でかく;（水彩で）薄く塗る,=lavumi	ink	（万年筆などの）インクカートリッジ
朴	naiv	{Ｂ}素朴な,無邪気な;うぶな,世間知らずの,愚直な	rustik	【建】【PIV】Prezentanta simplan, ec^ krudan 
盆	basen	{Ｏ}泉水,ため池;船溜まり;（川の）流域;【地理】盆地,=rondvalo	pelv	{Ｏ}たらい,洗面器,水盤;【解】骨盤
幕	kulis	{Ｏ}【劇】舞台裏;舞台の袖（そで）;《転》内幕,舞台裏	akt	{Ｂ}【劇】幕;【法】証書
慢	adag^	【楽】（速度標語）ゆるやかに	kronik	【医】慢性の,><akuta
魅	fascin	魅惑的な,魅了する	c^arm	{Ｂ}魅力的な,魅惑的な,かわいい
蜜	miel	蜂蜜の,蜂蜜入りの;蜜のように甘い;《転》甘ったるい	nektar	{Ｏ}【神】ネクタル（酒）;《転》甘露,美酒;【植】花蜜（かみつ）
矛	halebard	{Ｏ}【軍】ほこやり（矛槍）	lanc	{Ｏ}槍（やり）;銛（もり）;【遊】（将棋の）香車
明	morgau^	明日の;《転》将来の	eksplicit	明示された,=malimplicita
迷	zelot	《転》熱心なファン,（サッカーの）サポーター【私家版】	superstic^	迷信的な,迷信深い
模	model	模範的な	s^ablon	ひな型の,型から作った;紋切型の,月並みの
盲	anopsi	【医】【PIV】Perdo de la vido.	blind	{Ｂ}盲目の;《転》盲目的な（差別的表現なので避けるべき）,=>senkriti
目	okul	目の	oftalm	【解】【PIV】Okulo 1.
役	kampanj	［自］キャンペーンを張る	servut	賦役の,農奴労働の
柳	vimen	【植】タイリクキヌヤナギ（大陸絹柳）（種）;《般》（柔らかい）柳の枝	salik	{Ｂ}【植】ヤナギ（柳）（属）
愈	des	(語釈なし)	konvalesk	【医】【PIV】Transiro de la malsana al la san
勇	kurag^	{Ｂ}勇気ある,勇敢な,度胸のある,元気な	brav	{Ｂ}勇敢な,勇ましい,りりしい;実直な,律義な;りっぱな
幼	neoten	【生】【PIV】Konservanta larvajn au^ junecajn	jun	{Ｂ}若い,年の若い,年少の,幼い
容	kapacit	【理】容量,容積;【電】電気容量	mien	［自］顔つきをしている;（〜のように）見える,>>aspekti
翼	plane	【空】翼板,翼（よく）	al	（飛行機の）翼（つばさ）,（プロペラ・風車の）羽根,（建物・陣形の）翼（よく）;
落	decidu	【植】【動】【PIV】Defalema.	fal	{Ｂ}［自］落ちる,落下する;倒れる,転ぶ;降る;《転》滅びる
酪	krem	クリーム入りの;クリーム状の	fromag^	{Ｂ}【料】チーズ
李	prunus	【植】【PIV】G. (Genro) (Prunus el rozacoj) d	prun	{Ｂ}【果】西洋すもも,すもも（李）,プラム
率	procent	{Ｂ}パーセント,=elcento;利率,利回り;利息,利子,=interezo	susceptibl	【理】磁化されうる
力	potenc	強力な,威力のある;有力な,権力のある,強大な	dinamik	力学の,動的な
露	ros	［自］（無主語）露がおりる	ekshibici	【PIV】Emo sin montri, aparte en erotika s
老	senil	【病】老人性認知症	veteran	老練な,長く経験を積んだ,ベテランの
湾	sinu	【PIV】C^iu el la kurbaj^oj, fleksoj de vo	golf	ゴルフクラブ
舒	komfort	{Ｂ}快適な,心地よい,安楽な	diastol	【医】拡張期血圧,=malsupra premo
佛	buda	【仏】=Budho（仏陀）	budh	仏像
假	fint	［自］牽制する,フェイントをかける,>>s^ajnigi	feri	休日の
刮	rugin	【医】【PIV】Kirurgia skrapilo, uzata precipe	skrap	{Ｂ}［他］削り取る,かき落とす,こそげる;きいきい鳴らす
辨	disting	他との区別を示す,特有の;示差的な	diskrimin	【PIV】(ntr (netransitiva)) 1 Distingi int
听	au^skult	{Ｂ}［他］聴く,耳を傾ける,傾聴する	au^d	聴覚の
咏	c^ant	【楽】【PIV】Formo de kantado uzata por psalm	psalm	［他］【カ】（詩篇を）詠唱する;単調に歌う
咒	anatem	［他］【宗】（教会が公式に）のろう,破門する	envult	［他］（相手をかたどった人形で）呪いをかける
啼	grak	［自］（カラスなどが）カアカア鳴く,>>bleki;（痰を出そうとして）のどを鳴	kokerik	［自］（雄鶏が）コケコッコと鳴く
嗅	flar	{Ｂ}［他］（においを）感じる;嗅ぐ;嗅ぎ分ける	olfakt	【生】【PIV】Flarsenso.
噪	kakofoni	【PIV】1 Kunmeto de sonoj, silaboj au^ vor	bru	騒がしい
圈	boben	［他］（巻枠に）巻取る	cirk	{Ｏ}サーカス小屋;【史】（古代ローマの）円形競技場;【地理】圏谷（けんこく）,
堡	burg	【史】【PIV】Mezepoka fortikigita kastelo.	fuort	【軍】砦（とりで）,堡塁（ほうるい）,=fortikaj^eto
夸	bombast	誇張した,大げさな	fanfaron	{Ｂ}［自］空威張りする,大言壮語する,ほらを吹く,>>bombasti
孕	koncip	［他］（子を）はらむ,妊娠する,>>gravedig^i	graved	{Ｂ}妊娠した;《転》はらんだ
屎	merd	【PIV】(fm (familiara, familiare)) 1 Fekaj	kak	《Ｎ》［自］うんちをする（幼児語）,>>feki
巫	s^aman	【宗】シャーマン	mag	【史】マギ（古代ペルシャの祭司）;（古代の）占星術師
并	paralel	【数】平行の;並列の,平行する;【電】並列の;【情】パラレルの,>>seria	aneks	{Ｏ}［他］【政】併合する;添付する
揉	tau^z	［他］（髪など）かき乱す,かきむしる,かき回す,もみくしゃにする;《転》小突き回	kned	{Ｂ}［他］（穀粉・粘土を）こねる,練る;もむ;《転》（性格などを）鍛える
框	fram	{Ｏ}【機】フレーム,枠;【建】骨組,>>c^asio,>>kadro	kadr	【情】けい（罫）線
棕	palm	{Ｂ}【植】ヤシ（椰子）,シュロ（棕櫚）（ヤシ科の植物の総称）	arek	【植】【PIV】G. (Genro) (Areca el arekacoj) d
椒	pipr	［他］こしょうをきかせる	piper	【植】【PIV】G. (Genro) (Piper el piperacoj) 
榴	punik	【植】【PIV】G. (Genro) (Punica el punikacoj)	granat	{Ｏ}【果】ザクロ
檐	vizier	{Ｏ}（帽子の）ひさし;（かぶとの）まびさし（眉庇）;（洋式かぶとの）面ぼお	kornic	カーテンレール
淤	kongest	鬱血した	aluvi	【地理】沖積平野
炮	kanon	［他］砲撃する	petard	［自］爆竹を鳴らす
瓣	klap	【機】蝶形弁	petal	{Ｏ}【植】花弁,花びら,=korolfolio
碎	frakas	{Ｂ}［他］音をたてて打ち砕く,ガラガラと壊す;《転》撃破する,打ちのめす	fragment	断片的な;ばらばらの
窗	fenestr	窓台,窓敷居	gic^et	{Ｏ}（受付などの）窓口;切符売り場
罐	amfor	{Ｏ}アンフォラ（つぼ）	bokal	（首の短い）広口びん,ジャー
翅	pter	(語釈なし)	pterig	【動】【PIV】Permuskole movata flugilo de ani
耙	rast	{Ｏ}［他］（熊手などで）かく,かき集める;かきならす;【軍】徹底的に捜索する,	erp	{Ｏ}［他］【農】まぐわでならす
胚	embri	胎児の;【生】胚の;《転》萌芽的な	blast	【生】【PIV】Fundamenta embria c^eltavolo.
胖	korpulent	太った,肥満体の	obez	【魚】メバチ（マグロ）（種）
臀	grop	【動】【PIV】1 La posta parto de c^evalo, bov	pug	=postaj^o（尻）
荐	rekomend	推薦の	sakr	［自］ののしる,悪態をつく,>>blasfemi
蚌	mitul	{Ｏ}【貝】イガイ（貽貝）（属）,ムール貝	ostr	{Ｏ}《般》カキ（牡蠣）;【貝】イタボガキ（板甫牡蠣）（属）
蝠	filostom	【動】【PIV】G. (Genro) (Phyllostomus) de mam	vespertilion	【動】【PIV】G. (Genro) (Vespertilio) de mamu
蝗	lokust	【虫】トノサマバッタ（属）,>>akrido;飛蝗（ひこう）	akrid	{Ｂ}（一般に）バッタ（蝗虫）;【虫】ショウリョウバッタ（属）,>>lokust
蠕	peristalt	【生】【PIV】Nevola muskola kontrahig^o, okaz	helmint	【動】【PIV】Kn (Kolektiva nomo) de vermoj, k
衫	c^emiz	{Ｂ}【服】シャツ,ワイシャツ;シュミーズ,>>tolaj^o	bluz	{Ｂ}【服】ブラウス;上っ張り,仕事着;ジャンパー,ブルゾン
辣	kapsik	【料】チリソース	kajen	【料】（粉末状の）唐辛子（とうがらし）,>>kapsiko
醋	vinagr	酢の,すっぱい;《転》気むずかしい,不機嫌な	acet	【化】=acetilo（アセチル基）
雹	hajl	［自］（無主語）あられが降る,ひょうが降る	grajl	［自］（無主語）あられが降る
勒	brid	［他］（馬に）馬勒（ばろく）をつける;《転》手綱を締める,抑制する	string	［他］締めつける,握りしめる,抱きしめる,=c^irkau^premi,=c^i
韵	rim	［他］押韻する	asonanc	［他］【文】母音で押韻する
髓	medol	髄の,骨髄の,髄質の	mjel	【解】脊髄（せきずい）,=spina medolo
炫	parad	閲兵式の;パレードの;誇示の,見せびらかしの	bravur	【楽】【PIV】Tre brila stilo au^ ludmaniero: 
产	produkt	生産工程	akus^	出産の
仓	magazen	{Ｂ}（商品などの）倉庫;大商店,百貨店;（銃の）弾倉,（カメラの）マガジン	sil	【農】サイロ,貯蔵庫
份	da	(語釈なし)	porci	{Ｂ}分け前,割当て,配給量;（料理の）一人前
伤	lez	損傷の	vund	傷の,けがの
偷	marod	［他］（作物を）畑から盗む,（家禽を）農家から盗む	s^tel	盗んで;こっそりと,ひそかに
兰	orkid	【植】ハクサンチドリ（属）,オルキス;【解】精巣,睾丸（こうがん）,=testi	orkide	{Ｏ}《般》【植】ラン（蘭）（科の総称）
农	agr	農地,=kultivata kampo	agrikultur	農業経済,=terkultiva ekonomio
剑	spad	{Ｏ}（細身の長くとがった）剣	glav	{Ｂ}刀,剣;《転》剣（武力・暴力・権威の象徴）
协	kooperativ	協同組合の	kooper	協同の,=kunlabora;協同組合の,=kooperativa
发	emisi	【経】発行の,振出の;【理】放出の,放射の	lanc^	{Ｏ}［他］放つ,発射する;世に送り出す;【海】進水させる;【情】（プログラムを
吞	fag^	【生】【PIV】Mll de bakteriofag^o.	glut	{Ｂ}［他］飲み込む,飲み下す;《転》飲み込む,むさぼる
吨	tonel	{Ｏ}【海】（船の）容積トン（2.83ｍ3）	tun	{Ｂ}【単】トン（1t=1000kg）
启	inspir	{Ｂ}［他］（思想・感情を）吹き込む,鼓吹する,抱かせる;霊感を与える	revelaci	天啓宗教
员	komiz	{Ｏ}店員,社員,銀行員	membr	{Ｂ}会員,一員,構成員,メンバー;（構成）要素,部分;【解】肢（手または足）;
哼	ronk	{Ｂ}［自］いびきをかく;ごうごううなる,>>grunti	grunt	［自］（ブタのように）ブーブー鳴く,>>bleki
啃	rod	［他］=>rong^i（かじる）	rong^	{Ｏ}［他］かじる,=mordeti
啪	knal	【PIV】(ntr (netransitiva)) Brui kiel vipo	krak	{Ｏ}［自］（ぱちぱち・ぴしり・ぽきん・めりめり）乾いた音を立てる
喻	trop	{Ｏ}【修】言葉のあや,（語の）転用,比喩,=vortfiguro	metafor	隠喩の,比喩の
嚎	hurl	［自］（オオカミ・犬が）ほえる,遠吠えする,>>ululi	ulul	［自］（狼のように長く不吉な）遠吠えをする;（梟などが）ほうほうと鳴く;（サイレ
囤	stapl	［他］倉庫に集積する,置場に積む	akapar	{Ｏ}［他］買占める,=forac^eti;独占する
园	g^arden	庭園の	park	［他］【車】駐車させる
围	c^irkau^	周囲の,周辺の;およその	sieg^	包囲の,攻城の
圣	sakral	【PIV】Apartigita for de la komuna uzado p	sankt	{Ｂ}【宗】神聖な,聖なる;《転》尊重すべき,神聖不可侵の
坛	altar	{Ｏ}祭壇	forum	{Ｏ}フォーラム（公開討論の場）;【史】フォーラム（古代ローマの公共広場）
垛	krenel	銃眼のついた;【植】（葉の縁が）鈍鋸歯状の	stak	いなむら（稲叢）;（物を積んだ）山;【情】スタック
壶	kruc^	{Ｂ}（取っ手のついた）水差し,ポット,やかん	pot	{Ｂ}つぼ,はち,ポット,なべ,>>terpoto
宫	palac	{Ｂ}宮殿,御殿,大邸宅	uter	子宮の
寻	klaft	{Ｏ}【史】両手を広げた長さの単位（約1.8〜2.1m）,尋（ひろ）	serc^	{Ｂ}［他］捜す,捜索する,探す,探索する;求める,探し求める,追求する
师	majstr	巨匠の,親方の;大家にふさわしい,傑出した,巧みな	divizi	{Ｏ}【軍】師団;【植】（分類学上の）門,>>klaso
恶	malic	{Ｂ}悪意の,意地悪な,邪悪な,腹黒い	malign	【医】悪性の,><benigna
恼	irit	［他］いらだたせる;【医】刺激する	c^agren	悩ましい
惯	rutin	型どおりの,慣例に従った,旧弊な	inerci	【理】慣性の;《転》惰性の
执	ekzekut	{Ｂ}［他］死刑を執行する,処刑する	ekzekuci	［他］【法】強制執行する
扫	skan	{Ｏ}［他］探査する,走査する;【情】スキャンする	bala	{Ｂ}［他］掃く;【理】走査する
拟	mimik	［他］身ぶりや表情で表現する;まねをする	simul	［他］【医】（病気の）ふりをする;【学】シミュレートする,模擬実験をする
拧	vring	［他］=premtordi（絞る）	tord	撚った,曲がりくねった,=tordita
拼	ortografi	{Ｂ}【Ｇ】正書法,正字法;（個々の）綴り（つづり）	parget	［他］【建】寄せ木張りにする
换	permut	［他］〜の順序を入れ替える,並べ換える,置換する	komut	［他］【電】（電流の）方向を転換する;【鉄】（線路を）切り替える;【数】交換する
敌	rival	［自］張り合う,競争する,対抗する	advers	=kontrau^aga（敵対している）
杂	divers	{Ｂ}いろいろな,さまざまな,多種多様な	hibrid	雑種の;《転》混成の
构	struktur	構造の,構造上の	instituci	{Ｏ}施設,機関;【政】制度
枪	pistol	{Ｏ}ピストル,拳銃,>>revolvero;（塗装用の）スプレーガン	fusil	［自］小銃を撃つ
栅	hurd	［他］すのこを張る	krad	格子の;格子の付いた
樱	meriz	{Ｏ}【果】サクランボ（の実）,=dolc^a c^erizo	c^eriz	{Ｂ}【果】サクランボ,>>merizo
氮	azot	{Ｏ}【化】窒素（の古い呼称）,=nitrogeno	nitr	［略］【化】=nitrogeno（窒素）
污	makul	しみのついた;斑点のある	polu	［他］【環】（環境を）汚染する
浆	morter	［他］【建】モルタルを塗る	plasm	【解】血漿（けっしょう）;【生】原形質;【理】プラズマ
涂	s^mir	{Ｂ}［他］（油などを）塗る,塗布する;（機械などに）グリースを塗る,油を差す,	stuk	{Ｏ}［他］漆喰（しっくい）を塗る
渴	aspir	{Ｏ}［他］熱望する,あこがれる	soif	のどの渇いた;渇望している
炼	kupel	【化】【PIV】(tr (transitiva)) Apartigi per v	afinaci	【技】【PIV】(tr (transitiva)) Purigi likvan 
烦	agac	神経を刺激する,いらだたせるような	ted	うんざりするような,くどい,つまらない,退屈な
烧	kalcin	［他］【化】か焼する	febr	高熱の,熱病の;熱狂した,熱中した
烫	glad	{Ｂ}［他］アイロンをかける	brog	{Ｏ}［他］熱湯をかける;【料】湯がく,湯引く;（熱湯で）やけどさせる
焊	lut	{Ｏ}［他］ハンダ付けする,鑞付けする,>>veldi	veld	［他］【機】溶接する,>>luti
猎	c^as	{Ｂ}［他］狩る,狩り立てる;《転》追い求める	pred	［他］=c^asakiri（獲物にする）
疗	terapeu^tik	=terapia（治療に関する）	terapi	療法の,治療に関する
疮	ulcer	潰瘍の,潰瘍性の	aft	【病】（牛などの）アフタ熱,口蹄疫（こうていえき）
监	monitor	［他］【機】モニタリングする	gvat	［他］様子をうかがう,見張る,>>observi
盔	helm	【史】【PIV】Kasko mezepoka.	kask	{Ｏ}ヘルメット,鉄帽;【史】兜（かぶと）
矾	vitriol	{Ｏ}《古》【化】礬（ばん）（重金属の硫酸塩）,=sulfato;《般》濃硫酸	alun	{Ｏ}【化】ミョウバン
碳	karbur	［他］（内燃機関の燃料を）気化する;【化】（金属を）浸炭処理する	karbon	【環】炭素循環;【天】炭素サイクル
离	repudi	［他］【法】（一方的に）離縁する,=eksedzigi,=eksedzinigi	for	はるかな,遠く離れた
积	kumulus	【気】積雲	volumen	体積の;かさの高い,かさばる
稳	aplomb	自信に満ちて,落ち着き払って,沈着冷静に;図々しく	stabil	{Ｏ}安定した,永続する;【理】安定な,>>metastabila,>>nest
窝	fove	【解】【PIV】(fovea) Termino por kavetoj: cen	ricel	［他］【法】（盗品などを）隠匿する,故買する,>>kas^i
红	skarlat	緋色の,深紅色の	rug^	{Ｂ}赤い,>>skarlata,>>punca,>>roza;《転》左翼の
纤	fibr	{Ｏ}繊維;【医】線維	gracil	（病的に）か細い,きゃしゃな,>>svelta
纬	veft	［他］横糸を通す	latitud	{Ｂ}【地理】緯度,>>longitudo
纱	vual	［他］ベールをかける,覆いをかける;《転》覆い隠す	gaz	薄織りの,薄地の;ガーゼの
组	kompon	{Ｂ}［他］（芸術作品を）構成する,創作する;【楽】作曲する	op	連れだった
经	varp	［他］【織】縦糸をそろえる,整経する	bibli	【キ】聖書注解
绒	plus^	{Ｏ}【織】フラシ天,プラッシュ,>>veluro	velur	ビロードの,ビロードのような
绞	vinc^	【機】ウィンチ,巻揚げ機	strangol	{Ｏ}［他］首を絞める,絞め殺す,=premsufoki
续	dau^r	継続的な,長続きする;耐久性の;【声】継続音の	kontinu	{Ｏ}連続的な,継続した,切れ目のない;【数】連続な;【電】直流の
缆	kabl	ケーブルテレビ	tiravir	【PIV】S^nuro duige faldita, alligita c^e 
缎	saten	{Ｏ}【織】サテン,繻子（しゅす）	damask	{Ｏ}【織】ダマスク織,どんす（緞子）
缘	border	{Ｏ}［他］縁取る	afin	【PIV】1 Prezentanta similecojn de struktu
缝	steb	{Ｏ}［他］ミシンで縫う,合わせ縫いする	kudr	【印】糸綴じの（製本）
缠	implik	込み入った,複雑な	obsed	（観念が）頭から離れない
罚	pun	罰の,懲罰の,刑罰の	penal	【運】ペナルティーキック
肾	nefr	【解】【医】【PIV】Reno (precipe en kunmetaj^oj)	ren	腎臓の
脓	pus	うみの;化膿した,うんだ	pio	【医】【PIV】Puso (en kunmetaj^oj): piobacilo
茧	kokon	{Ｏ}【虫】繭（まゆ）;（クモの）卵嚢（らんのう）	kal	たこのできた,ごつごつした
训	trejn	訓練の,練習の;養成の	instrukci	［他］指令を与える,訓令を発する
讽	karikatur	漫画のような,戯画化した	sarkasm	辛辣な,嫌みな,皮肉たっぷりの
诈	artifik	策略による,ごまかしの	frau^d	【法】詐欺破産
语	idiom	{Ｏ}固有言語	lingv	言語の
诲	katekiz	{Ｏ}［他］【キ】（教理を）問答で教える	kateh^iz	{Ｏ}［他］=katekizi（問答で教える）
谨	skrupul	良心的な,気の小さい,慎重な;細心の,綿密な,きちょうめんな	diskret	{Ｏ}口の堅い;控え目な,慎み深い;目立たない
贡	tribut	［他］貢ぐ,貢納する,朝貢する	kontribu	{Ｏ}［自］寄与する,貢献する;［他］寄付する,寄稿する
责	riproc^	とがめるような	respons	=respondeca（責任のある）
败	defet	【PIV】(ntr (netransitiva)) Kredi sin au^ 	fiask	［自］大失敗する,完全にしくじる
贬	devalut	［他］【経】（通貨の）平価を切下げる	deprec	【PIV】(tr (transitiva)) Redukti la merkat
贴	afrank	{Ｂ}［他］切手を貼る,郵便料金を払う	afis^	［他］（貼り紙で）掲示する;【情】（メーリングリストなどに）投稿する
费	kost	高価な	premium	【PIV】Monsumo, difinita en la poliso k pe
资	burg^	中産階級の,ブルジョアの	kapital	{Ｂ}【経】資本;資本金,資金;《転》資本,元手
赏	gratifik	［他］（特別手当として）与える	aprez	［他］真価を認める,高く評価する,>>s^ati;鑑賞する,>>gustumi
赛	turnir	［自］トーナメントに参加する,試合をする,勝負する	matc^	［自］試合をする
跷	stilz	（〜j）竹馬,=pas^stango,=stangirilo	baskul	シーソー式の,はね構えの
轧	laminat	［他］【機】（金属を）圧延する	grinc	{Ｂ}［自］きしむ
轮	verticil	【植】【PIV】Aro, almenau^ triopo, de folioj,	rad	車輪の;車輪のついた
轴	s^aft	【機】軸,シャフト,心棒,>>akso	aks	{Ｂ}軸,軸線;【植】軸;【数】軸;【天】自転軸;【理】光軸;【政】枢軸;《転》
较	kompar	比較の	komparativ	{Ｏ}【Ｇ】比較級
迁	migr	移動の,遍歴の;移動性の	emigr	【PIV】(ntr (netransitiva)) Elmigri pro po
还	ankorau^	【PIV】Okazanta ankorau^ en la priparolata	plu	なおその上の,さらなる,その後の
邮	filatel	切手収集,郵趣	pos^t	郵便の
钝	obtuz	{Ｏ}（音・痛みなどが）鈍い,はっきりしない;【数】鈍角の	hebet	【医】【PIV】Trafita de hebeteco.
钟	horlog^	{Ｂ}時計;柱時計,大時計	hor	一時間あたりの;時間に関する
钠	natri	【化】重曹,重炭酸ナトリウム（＝炭酸水素ナトリウム）	natr	【化】ソーダ石灰
钱	sold	{Ｏ}【史】スー（フランスの旧通貨）;（軍人の）俸給	mon	金銭の,通貨の
钳	tenajl	［他］ペンチではさむ	h^elicer	【動】【PIV】La unua para membro c^e merostom
铁	fero	【地名】フェロー諸島（北大西洋北東部）**Fero/oの追加	fer	鉄の,鉄製の;《転》（鉄のように）強固な,厳格な,厳しい
银	bank	銀行口座	arg^ent	銀の,銀色の
铺	stern	{Ｂ}［他］敷く,敷き広げる;横たえる,なぎ倒す;《転》広げる,繰り広げる	pavim	［他］【建】舗装する
链	katen	［他］鎖につなぐ,かせをかける;《転》束縛する,拘束する	c^en	鎖状の;連鎖した
销	debit	［他］売りさばく,小売りする	stift	［他］くさび栓で留める
锁	serur	{Ｂ}錠,錠前,>>s^losilo	s^los	{Ｂ}［他］鍵をかける;《転》封じる,閉ざす
锈	rust	［自］さびている;さびる	ured	【植】【PIV】1 Eksa formgenro (Uredo), nomenk
锐	akut	{Ｏ}【数】鋭角の;【病】急性の,><kronika;【楽】高音の	akr	{Ｂ}鋭い
锥	piramid	ピラミッド状の	konus	円錐の,円錐形の
镑	pund	{Ｏ}【貨】ポンド（イギリス）,=100 pencoj;ポンド（エジプト・シリア	sterling	【貨】英ポンドの
长	long	{Ｂ}（空間的・時間的に）長い;【声】長音の	kapitan	{Ｏ}【海】船長;【運】（チームの）キャプテン,主将;【軍】（陸軍・空軍の）大尉
门	filum	【生】【PIV】Sistematika unuo (phylum) amplek	pord	{Ｂ}戸口,入り口;戸（と）,扉（とびら）,ドア
隐	marabut	【イスラム】【PIV】Asketa ermito.	ermit	【宗】隠遁（いんとん）生活
颁	dekret	［他］【政】（政令を）発令する,布告する	promulg	【法】【PIV】(tr (transitiva)) Oficiale konst
预	anticip	前もって	predikt	【Ｇ】将然の,未然の
颈	kol	【地名】コラ半島（ロシア）	cervik	【解】頸部（けいぶ）
颠	tang	［自］【海】縦揺れ（ピッチング）する,>>rulig^i;【楽】タンゴを踊る	atrop	【植】【PIV】G. (Genro) (Atropa el solanacoj)
饱	satur	{Ｏ}［他］【理】【化】飽和させる;充満させる,たっぷり満たす	sat	{Ｂ}満腹した,食い足りた;《転》満ち足りた
马	onagr	【動】【PIV】Sp. (Specio) de ekvo (Equus onag	c^eval	{Ｂ}【動】ウマ（馬）;【遊】（チェスの）ナイト,（将棋の）桂馬
骑	kavaleri	{Ｏ}【軍】騎兵隊;【経】融通手形	rajd	馬に乗って;馬乗りに
鲤	karp	{Ｂ}【魚】コイ（鯉）	ciprin	【動】コイ（属）,>>karpo
鲸	cetac	【動】クジラ類,>>baleno,>>makrocefalo	balen	{Ｏ}【動】クジラ;セミクジラ
鸡	galin	【動】【PIV】G. (Genro) (Gallus) de birdoj, a	kok	{Ｂ}【鳥】ニワトリ（鶏）;【生】=mikrokoko（球菌）
鸥	lar	【鳥】カモメ（属）,>>mevo	mev	{Ｏ}【鳥】カモメ（鴎）（科）
齿	dental	【声】歯音（しおん）,=dentosono	dent	歯の;歯のついた
