root	kanji	gloss
eksport	出	輸出の
penetr	穿	=penetrema（鋭い）
opozici	对	（政治的に）反対の,対立する
kontrast	对	対照的に,対比して
kaŭz	因	(基本形gloss無)
faktor	因	{Ｏ}要因,因子,ファクター;【数】因数;【理】因子,率;【商】仲買人,代理業者
neni	无	(基本形gloss無)
komun	共	{Ｂ}共通の,共有の,共同の;一般の,普通の
agent	代	{Ｂ}代理人,エージェント;（公的機関の）職員,係官
pronom	代	{Ｂ}【Ｇ】代名詞
generaci	代	{Ｂ}世代,同時代の人々;【生】世代
intern	内	{Ｂ}内部の,内側の;国内の;内心の,精神的な
porci	份	{Ｂ}分け前,割当て,配給量;（料理の）一人前
front	前	正面の,前面の
dat	期	［他］日付をつける
period	期	周期的な,定期的な
pas	过	=pasema（一時的な）
kilometr	千	(基本形gloss無)
membr	员	{Ｂ}会員,一員,構成員,メンバー;（構成）要素,部分;【解】肢（手または足）;（人・動植物の）体の一部器官（肢，手，足，脚
gigant	巨	巨人の;巨大な
ambasad	使	{Ｂ}大使館,大使と随員
apostol	使	{Ｂ}【キ】使徒（十二使徒のひとりを指す）;《転》伝道者
ambasador	使	{Ｂ}大使
minuskl	小	小文字の
inklin	倾	{Ｂ}傾向のある,心の傾いた
mebl	具	［他］家具を備付ける
konkret	具	{Ｏ}具体的な,具象的な,現実の
sukces	成	成功した,うまくいった,上首尾の,上出来の
konsist	成	構成する
atom	子	原子の;原子力の,核の
divid	分	{Ｂ}［他］分ける,分割する,区切る;分け与える,分配する;分け合う;【数】割る
minut	分	一分間の;ちょっとの間の
frakci	分	［他］【化】分留する
molekul	分	分子の
grajn	粒	{Ｂ}穀粒;（粒状の）実,種子;（一般的に）粒;《転》微量
organ	器	器官の,器官を備えた
vaz	器	{Ｂ}容器,うつわ,つぼ,かめ,花びん,はち,>>poto,>>pelvo,>>kruc^o
aparat	器	{Ｂ}装置,機械一式;【解】器官;【政】機関;【情】装置,デバイス
instrument	器	器具の,道具の
greg	群	群れの,群集の
seks	性	性の,性的な
amor	性	性愛の,情欲の,色恋の
valor	值	価値のある,値打ちのある,貴重な
merit	值	功績のある,称賛に値する;当然受けるべき,ふさわしい
long	长	{Ｂ}（空間的・時間的に）長い;【声】長音の
feminism	女	(基本形gloss無)
objekt	物	物体の
hejm	家	家庭の,自宅の;（動物が）飼いならされた
famili	家	家族の,家庭の;家族的な,水入らずの
kompon	组	{Ｂ}［他］（芸術作品を）構成する,創作する;【楽】作曲する
organiz	组	(基本形gloss無)
distr	散	気晴らしの
original	原	原作の,原本の;独創的な,独自の;奇抜な,風変わりな
primitiv	原	{Ｏ}原始の,原始的な,初期の,>>praa
opon	反	{Ｂ}［自］反対する,反駁する,逆らう,>>opozicii,>>kontrau^stari
ironi	反	皮肉な
komenc	始	はじめの,最初の,手始めの
or	金	金の,黄金の,金製の;金色の;《転》（金のように）貴重な,すばらしい
metal	金	金属の,金属製の,金属質の,金属的な
blond	金	{Ｂ}ブロンドの（毛髪が金色と栗色の中間）
fajr	火	火の;火のような,燃えるような
tag	日	昼の,日中の;一日の
lign	木	木製の
grund	土	［自］【海】座礁する
akv	水	水の;【生】水生の
lun	月	月の
monat	月	一ヶ月の,毎月の
kapric	任	気まぐれな,移り気な;予測できない
geni	才	天才的な
talent	才	才能のある,腕のある,有能な
general	将	{Ｂ}【軍】将軍;将官
cert	确	{Ｂ}確かな,確実な;ある（特定の）
konfirm	确	証拠として;承認して
konstat	确	{Ｂ}［他］（調べて）確認する,確かめる,確証する,>>konfirmi
pac	和	平和の,平和な;平安な,平穏な
akord	和	［自］調和している
afer	事	{Ｂ}物事（ものごと）,事,事柄,事項;用件,用事,問題;事件,出来事;事業,業務;【法】訴訟事件;【商】取引,>>nego
fakt	事	事実上の,真実の
event	事	{Ｂ}行事,催し,イベント;（重大な）出来事,大事件
aper	现	{Ｂ}［自］現われる,（刊行物が）出る
modern	现	{Ｂ}現代の,現代的な;近代の,近代的な
aktual	现	{Ｂ}現行の,最新の
fenomen	现	現象の;驚くべき,異常な,めずらしい
kontant	现	{Ｂ}【商】即時払いの,即金の;現金の,>>kredita
proporci	比	釣り合いのとれた;比例した
hom	人	人間の,人間的な
person	人	個人の,個人的な,>>individua
propr	己	{Ｂ}固有の,特有の,独自の,本来の;自分自身の
egoist	己	(基本形gloss無)
redukt	减	{Ｂ}［他］削減する,縮小する,縮写する;（人を悪い状態に）追いやる;【写】減力する;【化】還元する;【医】整復する
subtrah	减	{Ｂ}［他］【数】引き算する,引く
adici	加	{Ｂ}［他］【数】加える,足し算する,>>aldoni
rest	余	残りの,余りの
ceter	余	{Ｂ}残りの,そのほかの,その他の
ali	别	{Ｂ}ほかの,別の,その他の;もう一つの
alt	高	{Ｂ}高い;高貴な,高級な
am	爱	{Ｂ}［他］愛する,好きである
amik	友	友達の,友好的な
bel	美	{Ｂ}美しい,きれいな;立派な,すばらしい;（天気が）晴れた
bon	良	{Ｂ}良い,善良な,りっぱな
konscienc	良	良心的な,まじめな
ĉambr	室	(基本形gloss無)
demand	问	質問の;【Ｇ】疑問の
salut	问	{Ｂ}［他］挨拶する,会釈する,お辞儀する,敬礼する;《転》敬意を表する,歓迎する;【情】ログインする,>>adiau^i
dev	应	{Ｂ}［自］〜しなければならない;〜にちがいない;〜はずである
dezir	欲	{Ｂ}［他］欲する,〜したい,望む;願う,（成功などを）いのる
apetit	欲	食欲をそそる
dir	说	{Ｂ}［他］言う,述べる,告げる
don	给	{Ｂ}［他］与える;渡す,もたらす;おこなう
est	是	{Ｂ}［自］（〜）である;いる,存在する
facil	易	{Ｂ}容易な,簡単な;軽やかな
far	做	{Ｂ}［他］する,遂行する;作る,つくり出す
feliĉ	幸	(基本形gloss無)
fin	终	終わりの,最後の;末端の
flank	侧	側面の;副次的な
foj	次	一度,ある時
form	形	形式の,外形の
figur	形	形象の;図示の;【Ｇ】転義の,比喩の
formal	形	{Ｏ}外形的な,形式上の;正式の,正規の;儀礼的な;明確な,明言された
adjektiv	形	{Ｂ}【Ｇ】形容詞
fort	强	{Ｂ}強い,力強い;強固な;激しい
trud	强	{Ｂ}［他］押し付ける,無理強いする
emfaz	强	語気の強い,強調の
ĝoj	喜	(基本形gloss無)
ŝat	喜	(基本形gloss無)
grand	大	{Ｂ}大きい,強大な,多大の,偉大な
majuskl	大	大文字の
pez	重	{Ｂ}重い;重さがある;《転》重苦しい;重々しい
grav	重	{Ｂ}重要な,重大な;深刻な
akcent	重	アクセントの;アクセントのある
hav	有	{Ｂ}［他］持っている,〜がある;所有する
posed	有	所有の
help	助	手助けの,援助の;補助的な
infan	童	子供の,子供らしい
fabel	童	おとぎ話の,架空の;信じられないような,驚くほどの
ir	往	{Ｂ}［自］行く,行き着く,向かう;（物事が）運ぶ;（機械が）動く
jar	年	年間の,=unujara;年次の,毎年の,=c^iujara
jun	幼	{Ｂ}若い,年の若い,年少の,幼い
kamp	田	［自］キャンプする,野営する
kap	头	頭の
kelk	些	{Ｂ}（数について）いくつかの,何人かの;（量について）いくらかの,多少の
klar	清	{Ｂ}澄みきった,明るい;明瞭（めいりょう）な,明白な
net	清	{Ｂ}正味の;（汚れやくずのつかない）きれいな,整った;清書の
kompren	解	{Ｂ}［他］理解する,わかる;了解する,納得する;精通している
solv	解	{Ｂ}［他］解決する,解く;溶解させる,溶かす
kon	认	{Ｂ}［他］（体験して）知っている;知り合いである,面識がある;精通している;経験する
konfes	认	{Ｂ}［他］告白する,打ち明ける;白状する;（信仰を）告白する;【キ】告解する,ざんげする
kor	心	心臓の;心の,心からの
mens	心	精神の,心の,精神的な;知的な,知能の
psikologi	心	(基本形gloss無)
kred	信	{Ｂ}［他］信じる,確信する,信用する;［自］信仰する
fid	信	{Ｂ}［他］信頼する,信用する
leter	信	手紙の,手紙による
mesaĝ	信	(基本形gloss無)
konfid	信	信頼の
labor	劳	労働の,仕事の,作業の
land	国	国の
ŝtat	国	(基本形gloss無)
regn	国	国の,国家の
last	末	{Ｂ}最後の,最終の,後者の;最近の,最新の,直前の,この前の;最下位の,最低の
leg	读	{Ｂ}［他］読む,音読する;読み取る,解読する;【情】読み取る
lern	学	{Ｂ}［他］学習する,学ぶ,習う,覚える;身につける,体得する
student	学	学生の
lingvistik	学	言語学の
universitat	学	大学の
lev	举	{Ｂ}［他］上げる,持ち上げる,拾い上げる;立てる,起こす;《転》高める,出す
kondut	举	{Ｂ}［自］ふるまう,態度をとる
liber	自由	{Ｂ}自由な;独立の,束縛されない,免れた;ひまな,空いている,広々した
loĝ	住	(基本形gloss無)
lok	处	場所の;地方の,その土地の,地元の
dispon	处	{Ｂ}［他］自由に使う,処理する;［自］処置をとる;=dispozicii
man	手	手で
met	置	{Ｂ}［他］置く,入れる,備え付ける,身につける;（ある状態に）する
milit	战	戦争の;軍事の
batal	战	{Ｂ}［自］戦う
lim	界	境界の
mond	界	世界の,全世界の
horizont	界	{Ｂ}地平線,水平線;《転》（思考・知識などの）視界,範囲;【地質】層準;土壌の層位
montr	示	指示用の,提示用の;【Ｇ】指示の
sugest	示	示唆する,ほのめかす
manifestaci	示	［自］【政】デモをする,示威運動をする,>>paradi,>>procesii
mort	死	死の,死んだ,致命的な;枯れた
mov	动	運動の,運動を起こさせる
motor	动	{Ｂ}【機】原動機,モーター,エンジン;《転》原動力,主導者
verb	动	【Ｇ】動詞の,動詞的
aŭtomat	动	(基本形gloss無)
mult	多	{Ｂ}多くの,多数の,多量の,たくさんの
naci	族	民族の;国民の;国立の,国の
etn	族	民族（集団）の
gent	族	{Ｂ}（共通の祖先に由来する集団）部族,一族;民族,種族,>>etno,>>nacio,>>popolo
nom	名	すなわち,つまり;名前で,名目上
fam	名	{Ｂ}有名な,名高い,評判の
substantiv	名	【Ｇ】名詞の,名詞的な
nov	新	{Ｂ}新しい,新規の,最新の;新品の,できたばかりの
neologism	新	(基本形gloss無)
nask	生	出産の;出生の
okaz	生	偶然の,偶発的な,その場限りの
biologi	生	(基本形gloss無)
parol	话	口頭での,言葉の
dialog	话	(基本形gloss無)
patr	父	父の
pet	求	{Ｂ}［他］頼む,請う,願う,依頼する,請願する;（人を）呼ぶ,招く
postul	求	{Ｂ}［他］（当然のこととして）要求する,請求する;（物事が）必要とする
plen	满	{Ｂ}いっぱいの,満ちた;十分な,完全な,全部の
kontent	满	{Ｂ}満足した,甘んじた
port	运	{Ｂ}［他］持っている,抱えている;持ち運ぶ,持って行く;身につけている,携帯する;（責任などを）負う,担う;（心に）抱く
fortun	运	幸運,>>destino,>>hazardo,>>fato
pov	能	能力がある
energi	能	精力的な,力強い
kapabl	能	{Ｂ}有能な,能力のある,〜できる
kompetent	能	{Ｂ}適任の,有能な,資格のある;権限のある,所管の,管轄の
pren	拿	{Ｂ}［他］手に取る,つかむ;取りあげる,奪い取る;取る,得る,選ぶ;受け取る,受け入れる;〜を〜と見なす,取り違える
proksim	近	{Ｂ}（空間的・時間的に）近い,近接した
miop	近	{Ｏ}【医】近視の,近眼の,>>hipermetropa,>>presbiopa
rapid	速	{Ｂ}速い,足の速い;すばやい,即座の
ekspres	速	急行の;速達の
respond	答	答えの,返答の;一致する,対応する;責任のある
riĉ	富	(基本形gloss無)
ricev	收	{Ｂ}［他］受け取る,もらう,得る;受ける,受け入れる;こうむる,経験する;【通】受信する
adopt	收	養子の;養子縁組に関する
rid	笑	{Ｂ}［自］笑う,笑い声を立てる;あざ笑う;（物事が）楽しげな様子を見せる
komik	笑	{Ｂ}こっけいな,おかしな,おどけた,おもしろい
ruĝ	红	(基本形gloss無)
ŝajn	像	(基本形gloss無)
statu	像	{Ｂ}立像,彫像
sam	同	{Ｂ}同一の,同じ;同種の,同様の
ident	同	{Ｂ}（kun）同一の;同様の,そっくり同じの
asimil	同	{Ｏ}［他］同化する
sci	知	{Ｂ}［他］知っている,知識がある;心得ている,〜できる
sekv	随	後に続く,次の
send	送	{Ｂ}［他］（物を）送る,発送する;（人を）送り出す,派遣する;《転》投げかける,向ける
eksped	送	{Ｂ}［他］発送する,送る,派遣する
sid	坐	{Ｂ}［自］座っている;腰掛けている;止まっている,じっとしている;（ある状態に）ある;（ある場所に）いる,位置する;（服な
sinjor	君	{Ｂ}紳士;主人;【史】領主;（敬称）〜様
libr	书	本の,本による
skrib	书	書かれた,文字で表された
star	立	{Ｂ}［自］立っている;ある,いる;立ち止まっている,静止している;（ある状態に）ある
temp	时	時間の,時の;一時的な,=portempa
ten	持	{Ｂ}［他］手に持っている,つかんでいる,腕に抱えている;支える,つなぎとめる;保有する,保管する,取っておく;（〜の状態に
ter	地	地球の;土の;地上の;【生】陸生の
teren	地	{Ｂ}（特定用途に仕切られた）土地,用地,敷地,区画,地域,〜場;地所;《転》領域,分野,活動の場,地歩,>>kampo;【
geografi	地	(基本形gloss無)
tut	整	{Ｂ}全部の,全体の,すべての
aranĝ	整	(基本形gloss無)
ven	来	{Ｂ}［自］来る,やって来る;到着する,行き着く;達する
vetur	乘	{Ｂ}［自］（乗り物で）行く;（乗り物が）行く,運行する
multiplik	乘	【数】掛け算の,乗法の
vid	见	{Ｂ}［他］見る,見える,目にうつる;会う,面会する;見て気づく,認める,わかる;目撃する
vir	男	男の;男のような
viv	活	生命の,生の;生きている,生き生きした
vigl	活	{Ｂ}活発な,元気な,快活な,生き生きした,はつらつとした,>>fres^a,>>vivoplena,>>rapidaga;
aktiv	活	{Ｂ}活動的な,活発な,積極的な;活動中の,現役の;【Ｇ】能動の
voj	路	［自］たどる,進む;道を行く,=vojiri
ŝose	路	(基本形gloss無)
cirkvit	路	{Ｂ}【電】回路
vol	愿	意志の,意志的な,>>konscia
volont	愿	自発的な
bonvol	愿	(基本形gloss無)
vort	词	語の,言葉の;言葉だけの
termin	词	{Ｏ}専門用語,術語,=fakvorto
daŭr	续	(基本形gloss無)
kolekt	集	{Ｂ}［他］集める,収集する,徴収する;（人を）呼び集める,招集する
foir	集	{Ｂ}定期市,見本市,（家畜・農産物の）品評会
koncentr	集	集中的な,濃厚な;《古》=samcentra（同心の）
kolektiv	集	(基本形gloss無)
nul	零	ゼロの;無の,無価値の
aĉet	买	(基本形gloss無)
arb	树	{Ｂ}木,樹木;【植】高木
fag	树	{Ｂ}【植】ブナ（属）
art	艺	人工の,芸術の
meti	艺	{Ｂ}手職,手仕事;職業
atend	待	{Ｂ}［他］待つ;期待する
aŭd	听	(基本形gloss無)
aŭskult	听	(基本形gloss無)
bat	打	{Ｂ}［他］打つ,たたく,殴る
tajp	打	{Ｂ}［他］タイプする
bezon	需	必要な,=bezonata
bild	画	絵を用いた
bird	鸟	鳥の
cikoni	鸟	{Ｂ}【鳥】コウノトリ
blank	白	{Ｂ}白い
brul	燃	燃えるような,燃焼の
buŝ	口	(基本形gloss無)
luk	口	{Ｂ}（あかり取りの）小窓;【建】天窓（てんまど）;【海】舷窓（げんそう）
faŭk	口	(基本形gloss無)
dank	谢	感謝の,感謝している
dekstr	右	{Ｂ}右の;【政】右翼の,右派の
dolĉ	甘	(基本形gloss無)
dom	屋	家の
dorm	睡	{Ｂ}［自］眠っている;《転》休止している
piĵam	睡	(基本形gloss無)
edz	夫	{Ｂ}夫
fal	落	{Ｂ}［自］落ちる,落下する;倒れる,転ぶ;降る;《転》滅びる
fenestr	窗	{Ｂ}窓;【情】ウィンドウ
giĉet	窗	(基本形gloss無)
ferm	闭	{Ｂ}［他］閉める,閉じる,閉ざす;《転》終える
fil	儿	{Ｂ}息子
fingr	指	指の
indik	指	{Ｂ}［他］指し示す,示す,表す
flug	飞	{Ｂ}［自］飛ぶ,飛行する;飛ぶように進む,急ぐ
frat	兄	兄弟の;大変仲のよい
menu	单	{Ｂ}【料】メニュー;【情】メニュー
fraŭl	单	(基本形gloss無)
singular	单	単数の
frukt	果	果実の;実りある
nuks	果	{Ｂ}【植】堅果,木の実,ナッツ,>>juglando
frag	果	{Ｂ}【果】オランダイチゴ（実）;《般》イチゴ（苺）
rezult	果	{Ｂ}［自］（当然の結果として）起きる,生じる,結果になる
konsekvenc	果	首尾一貫した,筋の通った
framb	果	{Ｂ}【果】ラズベリー,フランボワーズ,キイチゴ（実）
mirtel	果	{Ｂ}【植】ビルベリー（コケモモの類）;《般》ブルーベリー
har	毛	{Ｂ}毛（一本）,髪の毛（一本）
lan	毛	羊毛の,ウールの;毛糸の
hor	钟	一時間あたりの;時間に関する
horloĝ	钟	(基本形gloss無)
interes	趣	興味深い,おもしろい;関係のある,ためになる
ĵet	投	(基本形gloss無)
kant	唱	{Ｂ}［他］歌う;（鳥が）さえずる;《転》心地よい音を奏でる;（詩や歌で）褒めたたえる
ĥor	唱	(基本形gloss無)
knab	郎	少年の
kolor	色	色のついた
volupt	色	官能的な,肉感的な;好色な
erotik	色	{Ｏ}性愛の,官能的な,エロチックな
konsil	议	{Ｂ}［他］助言する,勧める,忠告する
propon	议	{Ｂ}［他］提案する,申し出る;提供する,差し出す
konsili	议	評議会
parlament	议	議会の,国会の
konstru	建	建設の,建築の
fond	建	{Ｂ}［他］創立する,創設する,創建する;根拠を置く
kost	费	高価な
kresk	育	【情】昇順の
eduk	育	教育の;教育的な
kri	叫	{Ｂ}［自］叫ぶ,泣き叫ぶ;［他］大声で言う
kuraĝ	勇	(基本形gloss無)
brav	勇	{Ｂ}勇敢な,勇ましい,りりしい;実直な,律義な;りっぱな
kur	跑	{Ｂ}［自］走る,駆ける;急いで行く;（水などが）流れる
las	留	{Ｂ}［他］（物を）放置する,置いて去る,手放す;（人を）放す,ほうっておく;〜するに任せる
lingv	语	言語の
lit	床	{Ｂ}ベッド,寝台;寝床;（動物の）ねぐら
lum	光	光の,明るい
manĝ	食	(基本形gloss無)
mank	缺	欠けている,足りない,不備の
mar	海	海の
maten	晨	朝の
memor	记	記憶によって,そらで,>>parkere
not	记	［他］覚え書きする,メモする;《転》記憶にとどめる
ĵurnal	记	(基本形gloss無)
rekord	记	記録的な
mir	惊	{Ｂ}［自］不思議に思う,驚く,驚嘆する
surpriz	惊	不意の,奇襲の;思いがけない,驚くべき
mon	钱	金銭の,通貨の
mont	山	山の,山岳の
mur	壁	{Ｂ}壁,へい（塀）;壁状のもの;《転》障壁
neces	必	{Ｂ}必要な,不可欠の;【論】必然の,必然的な
nepr	必	絶対必要な,不可欠の,必然の
nigr	黑	{Ｂ}黒い,黒色の,黒ずんだ;暗い,闇の,曇った;《転》陰気な;《転》悪意のある;《転》邪悪な;《転》不正な
okul	目	目の
okup	占	{Ｂ}［他］占めている,占有している,占領している;=ekokupi;専念させる,忙殺する,従事させる
pag	付	{Ｂ}［他］払う,支払う;《転》仕返しする;《転》償いをする
part	部	部分的な,一部分の;分割の
ministeri	部	省の
redakci	部	編集部の
pec	片	{Ｂ}一片,一切れ,一つ;破片,断片;（機械などの）部品;（全体の中の）一部分,一品;（芸術）作品
lamen	片	薄片状の,薄片でできている,薄層をなす
split	片	［他］へぐ,裂く
pens	思	{Ｂ}［自］思う,考える
medit	思	{Ｂ}［自］考え込む,思索する,黙想する;瞑想する
perd	失	{Ｂ}［他］失う,なくす;見失う;（勝負に）敗れる;空費する
permes	许	{Ｂ}［他］許す,許可する,容認する;（状況が）許す,可能にする
licenc	许	［他］認可する,免許を与える
pied	足	足の,下部の
popol	民	人民の;民衆の
civil	民	{Ｂ}市民の,文民の;【法】民事の,><militista,><eklezia,><s^tata,><kriminala
demokrati	民	民主的な;民主政治の
pord	门	{Ｂ}戸口,入り口;戸（と）,扉（とびら）,ドア
prem	压	押しつけるような,重苦しい
prezent	呈	{Ｂ}［他］差し出す,見せる,提示する,提出する;紹介する;思い描く;描き出す;上演する,上映する;（様相を）呈する,示す
prov	试	試みの,試験的な
punkt	点	［他］点を打つ
poent	点	［他］得点をつける
desert	点	{Ｂ}【料】デザート
pur	纯	{Ｂ}混じりけのない,純粋な,澄んだ;清らかな,清潔な,きれいな;純真な,純潔な;【宗】清められた,清浄な
rajt	权	権利の;権利のある,正当な
aŭtoritat	权	(基本形gloss無)
rakont	述	{Ｂ}［他］物語る,語る,話をする
dikt	述	{Ｂ}［他］口述筆記させる;指図する
reg	治	【機】制御の;【生】優性の
renkont	遇	{Ｂ}［他］出会う,行き会う,遭遇する;経験する;反応する,対応する
rigard	看	{Ｂ}［他］見る,眺める,注目する,目を向ける;確かめる,注意を向ける;考える,みなす;面している,向いている
konsci	觉	意識的な
rimark	觉	{Ｂ}［他］気づく,注目する;（気がついて）言う,指摘する
ŝanĝ	变	(基本形gloss無)
vari	变	変動する,変化に富んだ;多様な,種々の
semajn	周	一週間の;毎週の,週一回の
sent	感	感情の
sens	感	感覚の
serĉ	寻	(基本形gloss無)
simpl	简	{Ｂ}単純な,簡単な;単一の;単なる,ただの;簡素な,飾りけのない;純朴な,お人よしの
konciz	简	{Ｏ}簡潔な,簡明な
sol	唯	{Ｂ}唯一の,ただ一つの;ひとりきりの,単独の
son	声	{Ｂ}［自］音がする,音を立てる,鳴る;ひびく,聞こえる,感じられる;（時などを）告げる
voĉ	声	(基本形gloss無)
fonograf	声	(基本形gloss無)
sun	阳	太陽の;日当たりのよい
tabl	桌	{Ｂ}テーブル,机,卓,台;食卓;《転》食事,食卓を囲む人々
tim	怕	恐怖の;不安の
tir	拉	{Ｂ}［他］引く,引っ張る,引き寄せる;引き出す,取り出す;引き伸ばす;引いて行く,引きずる
trankvil	静	{Ｂ}（心が）平静な,落ち着いた,安らかな,安心した,>>kvieta
kviet	静	{Ｂ}静かな,おだやかな,おとなしい,>>trankvila
trink	饮	{Ｂ}［他］飲む,>>drinki
drink	饮	{Ｏ}［他］（酒を）飲む,>>trinki
turn	转	{Ｂ}［他］回す,回転させる;向ける;裏返す,めくる;《転》変える
ĝir	转	(基本形gloss無)
rivolu	转	［自］一回転する;【天】公転する,>>rotacii
urb	市	都市の,都会の,町の;市の,市立の
bors	市	{Ｂ}【経】株式取引所,証券取引所;株式取引
civit	市	{Ｂ}【史】自治都市;市民（全体）,公民（全体）
bazar	市	{Ｂ}市場（いちば）,市（いち）,マーケット,>>superbazaro
merkat	市	{Ｏ}【経】市場（しじょう）,販路;取引,売買,>>bazaro
uz	用	{Ｂ}［他］使う,用いる,使用する,利用する
aplik	用	{Ｂ}［他］応用する,適用する;【理】（力を）作用させる
varm	暖	{Ｂ}暖かい,熱い,暑い;熱のある;《転》熱心な,熱気のある
vent	风	風の,風のような;《転》空虚な
stil	风	文体の,様式の,スタイルの
tajfun	风	［自］台風が吹く
ver	真	{Ｂ}本当の,実際の;真実の,真の,本物の
vesper	晚	夕方の,夕べの,宵の,晩の
vest	衣	［他］（人に）服を着せる;（物を）おおう
vizaĝ	颜	(基本形gloss無)
farb	颜	［他］絵具を塗る,ペンキを塗る
vojaĝ	旅	(基本形gloss無)
turist	旅	{Ｂ}観光客,旅行客,ツーリスト
fru	早	{Ｂ}早い;初期の
aer	气	空気の,大気の;空の,空中の,航空の;《転》空虚な,実体のない
gas	气	ガス状の;気体の
odor	气	においのある
veter	气	{Ｂ}【気】天候,天気,>>klimato
atmosfer	气	{Ｏ}大気;雰囲気;【理】気圧（気圧の単位，atm）
aĝ	岁	(基本形gloss無)
agrabl	快	{Ｂ}快い,心地よい,気持ちのよい
akcept	受	{Ｂ}［他］受入れる,受理する;迎え入れる;容認する
amas	堆	大量の
atent	注	{Ｂ}注意深い
injekt	注	{Ｂ}［他］【医】注射する;【機】注入する
komentari	注	{Ｏ}［他］注釈をつける,注解する;=komenti（論評する）
aŭtun	秋	(基本形gloss無)
best	兽	動物の,獣のような
zo	兽	［略］=zoologia g^ardeno
animal	兽	{Ｂ}動物,><vegetalo
zoologi	兽	(基本形gloss無)
blu	蓝	{Ｂ}青い
hel	亮	{Ｂ}明るい,晴れやかな,>>luma,>>brila;（色が）明るい,薄い,>>pala;（音が）澄んだ
bril	亮	輝かしい
cel	标	［他］ねらう,目ざす
mark	标	［他］印をつける
dent	齿	歯の;歯のついた
dik	厚	{Ｂ}厚い;太い;太った
direkt	方	方向の
kub	方	キューバの
kvadrat	方	【数】正方形の;【数】平方の,二次の
recept	方	［他］【医】処方する,=preskribi
divers	杂	{Ｂ}いろいろな,さまざまな,多種多様な
dolor	痛	痛い,痛ましい
dub	疑	疑わしい,疑問の;あいまいな
suspekt	疑	=suspektinda（疑わしい）
elekt	选	{Ｂ}［他］選ぶ,選択する,選定する,>>kribri;選挙する,>>baloti
antologi	选	{Ｏ}文学選集
erar	错	誤った,間違った
esper	望	希望の
fiŝ	鱼	(基本形gloss無)
ezok	鱼	{Ｂ}【魚】カワカマス
gobi	鱼	{Ｂ}【魚】タイリクスナモグリ（属）,川ハゼ（通称，コイ科の淡水魚）
angil	鱼	{Ｂ}【魚】ウナギ（鰻）
haring	鱼	{Ｂ}【魚】タイセイヨウニシン （大西洋鰊）（種）;《般》ニシン（鰊）
flor	花	花の;花のような
forges	忘	{Ｂ}［他］忘れる,失念する;なおざりにする,おろそかにする
fremd	异	{Ｂ}異国の,他国の;見知らぬ,見慣れない;無縁の,よそ事の
diferenc	异	違った,異なった
gaj	欢	{Ｂ}陽気な,快活な,愉快な,にぎやかな,浮き浮きした
ĝarden	园	(基本形gloss無)
park	园	［他］【車】駐車させる
gazet	报	{Ｂ}雑誌,新聞,定期刊行物
raport	报	{Ｂ}［他］報告する,伝える;報道する;答申する
bulten	报	{Ｂ}会報,紀要,（定期）報告書
telegraf	报	(基本形gloss無)
telegram	报	(基本形gloss無)
glas	杯	{Ｂ}コップ,グラス
tas	杯	{Ｂ}茶碗,カップ,湯のみ
pokal	杯	{Ｏ}（広口で脚つきの）杯（さかずき）,シャンペングラス;トロフィーカップ,優勝杯
ĝust	正	(基本形gloss無)
normal	正	{Ｂ}正常な,正規の,普通の,標準的な;【数】垂直の;【統】正規の
pozitiv	正	{Ｏ}積極的な,建設的な,実際的な,現実的な,確実な;肯定的な;実証的な;【電】陽の;【理】正の,Ｎ極の;【数】正の;【写】
histori	史	歴史上の,歴史的な
hund	犬	犬の;《転》みじめな
ide	意	観念の,観念的な
senc	意	{Ｂ}意味;【数】=sencumo（向き）
signif	意	意味のある,有意義な;重大な,かなりの
intenc	意	故意の,たくらんだ,意図的な
kalkul	算	{Ｂ}［他］計算する;数える;見なす
komput	算	{Ｏ}［他］【機】算定する,計量する;【情】（コンピュータで）演算する,処理する
budĝet	算	(基本形gloss無)
kapt	捕	{Ｂ}［他］つかまえる,捕らえる;つかむ,把握する;とりこにする
kar	亲	{Ｂ}親愛な,いとしい;大切な;高価な,（値段が）高い
intim	亲	{Ｂ}親密な,親しい,内輪の;私的な,内に秘めた,心の中の
parenc	亲	親族の,血縁の;同族の,同類の
simpati	亲	好感のもてる,感じのいい,気の合った;同情的な
kaŝ	藏	(基本形gloss無)
kat	猫	猫の,猫のような
koler	怒	怒りの,立腹した,怒っている
komerc	商	商業的な
firma	商	【商】商会,商社,=firmo
gvid	导	指導の;指導的な
konduk	导	{Ｂ}［他］導く,連れて行く,案内する;至る,通じる;指揮する;運転する,=stiri;=kondukti
direktor	导	{Ｂ}管理者,長;理事,重役;（劇場・ホテルなどの）支配人
laŭd	赞	(基本形gloss無)
konsent	赞	同意の,承諾の;一致した
kompliment	赞	賛辞の,お世辞の;あいさつの
korp	体	体の,肉体の
fart	体	{Ｂ}［自］〜の健康状態である
sport	体	スポーツの
kovr	盖	{Ｂ}［他］覆う,かぶせる;覆いかくす;償う,埋め合わせる
kuir	烹	料理の,調理の
gastronomi	烹	(基本形gloss無)
kuŝ	躺	(基本形gloss無)
lac	疲	{Ｂ}疲れた,くたびれた;《転》飽き飽きした
lakt	乳	乳の,牛乳の;乳状の
mam	乳	乳房の
larĝ	宽	(基本形gloss無)
liberal	宽	{Ｏ}寛大な,偏見のない,リベラルな;【政】自由主義の
lav	洗	{Ｂ}［他］洗う,洗濯する,洗浄する,洗い落とす;清める
bapt	洗	{Ｂ}［他］【宗】洗礼を施す;《転》名付ける
lig	结	結合の
nod	结	［他］結ぶ,結び目をつくる
bant	结	{Ｂ}飾り結び
konklud	结	結論として;したがって,それゆえ
lud	玩	{Ｂ}［自］遊ぶ,たわむれる,自由に動く;［他］（ゲームなどを）する,（必要な）動作をする;【楽】演奏する;（役割を）演じる
petol	玩	たわむれる,いたずらな,ふざけた
mez	中	まん中の,中央の;中くらいの,中間の;並の,平均的な
neŭtral	中	(基本形gloss無)
natur	然	自然の,天然の;本来の,自然な,天性の,生まれつきの;当然の,当たり前の;【楽】本位の
naz	鼻	鼻の
neĝ	雪	(基本形gloss無)
nokt	夜	夜の,夜間の
nub	云	雲の,曇った;《転》不明瞭（ふめいりょう）な
onkl	叔	{Ｂ}おじ（親の兄弟、親の兄弟の夫）,>>oc^jo
opini	想	{Ｂ}［他］〜という意見である,〜と思う,〜と考える
imag	想	想像の;想像上の,仮想の
ideal	想	理想の,理想的な,完璧な
orel	耳	耳の
pan	面包	{Ｂ}【料】パン,食パン;《転》糧（かて）,食糧
paper	纸	紙の
pardon	恕	{Ｂ}［他］ゆるす,容赦する,勘弁する,大目に見る
plor	哭	{Ｂ}［自］泣く,涙を流す
pluv	雨	雨の
pret	备	{Ｂ}用意の整った,準備のできた;即応できる;覚悟のできた,喜んで〜する
ekip	备	{Ｂ}［他］装備する,備え付ける;【海】艤装（ぎそう）する
prepar	备	準備の
printemp	春	春の
ripoz	休	{Ｂ}［自］休息する,休憩する;静かに横たわる,横になって休む;（死んで）横たわる,永眠する
river	河	{Ｂ}川,河川;流れ
romp	破	{Ｂ}［他］破壊する,壊す,割る,折る,破る;断つ,断絶する;《転》（勇気・無関心などを）打ち破る,打ち砕く
ĉifon	破	(基本形gloss無)
san	健	{Ｂ}健康な,健やかな,丈夫な,元気な;《転》健全な
sat	饱	{Ｂ}満腹した,食い足りた;《転》満ち足りた
seĝ	椅	(基本形gloss無)
serv	务	奉仕の;サービス業の
task	务	［他］（任務を）課す,（課業を）与える
silent	默	沈黙した,無言の;静かな,音を立てない
ŝip	船	(基本形gloss無)
somer	夏	夏の,夏季の
ŝton	石	(基本形gloss無)
diant	石	{Ｂ}【植】ナデシコ（属）,カーネーション,セキチク
strat	街	{Ｂ}街路,通り
sufiĉ	够	(基本形gloss無)
tranĉ	切	(基本形gloss無)
tuŝ	触	(基本形gloss無)
util	益	{Ｂ}有用な,有益な,役に立つ;便利な,実用的な
vend	卖	売却の,販売の
verd	绿	{Ｂ}緑の,緑色の;草木の茂った,青々とした;生の,未成熟の,青い;【Ｅ】エスペラントの;【環】環境保護の
vintr	冬	冬の;冬のような;《転》冷たい
vok	呼	呼び声の,呼びかけの
zorg	护	注意深い,用心の,慎重な
fleg	护	{Ｂ}［他］看護する;《転》（入念に）世話をする,面倒をみる
protekt	护	保護の,保護する
ag	办	動作の;【電】（交流で）有効成分の
entrepren	办	{Ｂ}［他］企てる,着手する,取りかかる
proced	办	{Ｂ}［自］手順を進める,処理を行う
ating	到	{Ｂ}［他］着く,届く,到達する
ban	浴	{Ｂ}［他］水浴させる;（液体に）浸しておく;（水などを）浴びせかける
decid	决	決定的な
rezoluci	决	［他］決議する
ekzist	存	{Ｂ}［自］存在する,実在する
depon	存	{Ｂ}［他］預ける,預金する;【情】（データを）保存する,=sekurigi
konserv	存	{Ｂ}［他］保存する,保管する,貯蔵する;保つ,保持する,維持する
fiks	定	固定の,定着の;定まった,決まった
difin	定	一定の;【Ｇ】限定の
destin	定	{Ｂ}［他］（の用途を）予定する;割り当てる,用意する;運命づける
determin	定	決定的な;【Ｇ】限定の
flu	流	流れている;流れるような,流ちょうな
grup	团	グループの;集団的な,>>kolektiva
mas	团	{Ｂ}かたまり（塊）;集積,総体;【美】マッス;【理】質量
bul	团	丸い,球状の
trup	团	{Ｂ}（劇団・楽団の）一座;一隊,一団;【軍】部隊
solidar	团	{Ｂ}連帯の,連帯した;【法】連帯責任のある
regiment	团	{Ｂ}【軍】連隊
instru	教	教訓的な,ためになる;教育の
eklezi	教	【キ】教会の
civiliz	教	(基本形gloss無)
invit	邀	{Ｂ}［他］招待する,招く;勧誘する
klas	级	［他］等級をつける;分類する,仕分ける
rang	级	［自］〜の位にある
mol	软	{Ｂ}やわらかい,柔軟な;優しい,柔和な;弱々しい;【声】軟音の
paĝ	页	(基本形gloss無)
pend	挂	{Ｂ}［自］掛っている;ぶらさがっている;宙に浮いている
plaĉ	悦	(基本形gloss無)
poŝt	邮	(基本形gloss無)
filatel	邮	切手収集,郵趣
puŝ	推	(基本形gloss無)
ŝov	推	(基本形gloss無)
rezon	推	{Ｂ}［自］論理的に考える,推論する,推理する;《転》理屈を言う,文句を言う
saĝ	智	(基本形gloss無)
sprit	智	{Ｂ}機知に富んだ,才気のある,気のきいた
intelekt	智	知性の,知的な
simil	似	{Ｂ}よく似た,類似の;【数】相似の
stud	研	{Ｂ}［他］研究する,調べる,>>esplori;（学問を）勉強する,>>lerni
verk	作	［他］著作する,（論文・記事などを）書く,制作する
aŭtor	作	(基本形gloss無)
vizit	访	{Ｂ}［他］訪問する,訪れる;（見物・参拝・診察・面会・見舞などに）行く;（学校に）通う,登校する
intervju	访	［他］インタビューする;面接する
mastr	主	［他］支配する,主人としてふるまう
prezid	主	{Ｂ}［他］議長を務める,司会する;主宰する
precip	主	{Ｂ}主要な,最重要な,何より大事な
subjekt	主	主題の;主語の;主体の
nominativ	主	{Ｏ}【Ｇ】主格,名格,>>akuzativo
subjektiv	主	(基本形gloss無)
supr	顶	上方の
tegment	顶	屋根の;=subtegmenta（屋根裏の）
vert	顶	{Ｂ}【解】頭頂;《転》頂点,頂上
plafon	顶	［他］【建】天井を張る;［自］【空】上昇限度に達する
vertic	顶	{Ｂ}【数】頂点
bedaŭr	憾	(基本形gloss無)
miks	混	混合した,=miksita
par	偶	一対の,つがいの;【数】偶数の
pup	偶	{Ｂ}人形;指人形,=gantopupo;【虫】さなぎ（蛹）;《転》（軽蔑的に）お人形,>>marioneto
hazard	偶	偶然の;一か八かの,運まかせの
eventual	偶	{Ｏ}場合によっては起こり得る,不確定な
publik	公	公共の,公的な,公衆の,><privata;公開の,公然の
just	公	{Ｂ}正しい,正義の;正当な,合法的な;公正な,公平な
spert	验	{Ｂ}経験を積んだ,熟練した;経験に基づく
eksperiment	验	実験の,実験に基づいた
te	茶	{Ｂ}茶,紅茶（茶葉および飲料）;【植】チャ（種）
trov	找	{Ｂ}［他］見つける,見いだす,発見する;認める,気づく,感じる;（〜と）思う,評価する
venk	胜	勝利の
volv	卷	{Ｂ}［他］巻く;巻きつける
rul	卷	{Ｂ}［他］転がす;（波などを）うねらせる;（音などを）ふるわせる;【情】（プログラムを）実行する
friz	卷	{Ｂ}［他］（髪を）カールする,パーマをかける
bukl	卷	巻き毛の,カールした
afabl	善	{Ｂ}愛想のよい,親切な;ものやわらかな,ていねいな;【情】使いやすい,ユーザーフレンドリーな
ĉeval	马	(基本形gloss無)
halt	停	{Ｂ}［自］止まる,立ち止まる,停止する
kort	院	{Ｂ}中庭
kolegi	院	{Ｂ}【学】（英米などの）カレッジ,単科大学,高等専門学校;（仏などの）コレージュ,中等学校;【宗】（同じ職能の）集団,会
akademi	院	アカデミーの;アカデミックな,学術的な
institut	院	{Ｏ}研究所;学院;学会
jur	法	法の,法的な
metod	法	一定の方法に従った,系統的な,組織的な,整然とした
rimed	法	{Ｂ}手段,方法,方策;（救済・回復のための）対策,措置
angul	角	角（かど）の,すみの;角（かく）の
korn	角	角の,角製の
rol	角	［自］【劇】役割を演じる
unik	独	{Ｂ}類のない,特異な,独特の,独自の;唯一の,一意の,=ununura
apart	独	{Ｂ}別の,別々の;特別の
av	爷	{Ｂ}祖父;おじいさん
bord	岸	{Ｂ}岸,縁（ふち）
brak	臂	{Ｂ}腕
bru	噪	騒がしい
ĉapel	帽	(基本形gloss無)
ĉap	帽	(基本形gloss無)
kasked	帽	{Ｂ}ひさし付き帽子,ハンチング,鳥打ち帽;制帽
ekzempl	例	例えば
kaz	例	{Ｂ}【Ｇ】格;【法】訴訟事件;事例;【医】症例
fer	铁	鉄の,鉄製の;《転》（鉄のように）強固な,厳格な,厳しい
fest	庆	祝いの
Pask	庆	復活祭の;過越しの祭の
celebr	庆	［他］（儀式を）とり行う
festival	庆	{Ｏ}（音楽・芸術）祭,祭典,フェスティバル
frap	敲	{Ｂ}［他］たたく,打つ;たたいて音を出す;はっとさせる,驚かす
gajn	赢	{Ｂ}［他］（運や偶然によって）得る;勝ち取る;もうける,>>akiri
kol	颈	{Ｂ}【解】首;《転》首状に細くなった部分
kutim	习	いつもの
lini	线	線形の
drat	线	［他］針金を張る
mezur	测	{Ｂ}［他］計る,寸法をとる;測定する;《転》評価する
moment	刻	瞬間的な,一瞬の,ちょっとの間の;【声】瞬間音の
nombr	数	数の
cifer	数	［他］数字で表す
numeral	数	【Ｇ】数詞
ord	序	順序の;整理された
ordon	令	命令の,命令的な
komand	令	{Ｂ}［他］【軍】指揮する,指図する,命令する;【機】操作する,制御する
paŝ	步	(基本形gloss無)
marŝ	步	(基本形gloss無)
promen	步	{Ｂ}［自］散歩する,散策する
pen	努	骨を折って,やっとのことで
plank	板	［他］床を張る
lad	板	{Ｂ}金属の薄板,金属板;ブリキ,トタン
tabul	板	［他］板を張る,=paneli
bret	板	{Ｂ}棚,棚板
karton	板	［他］厚紙の表紙で製本する
plend	诉	{Ｂ}［自］苦痛を訴える;不満を訴える,文句を言う,苦情を申し立てる;【法】（民事上の）訴訟を起こす
akuz	诉	{Ｂ}［他］【法】告発する,告訴する
muzik	乐	音楽の,音楽的な
plezur	乐	愉快な,喜ばしい,楽しい
orkestr	乐	オーケストラの,管弦楽の
plum	羽	羽根の,羽根のような
prav	理	{Ｂ}正当な,正しい,道理にかなった,もっともな
raci	理	理性の;理性的な;合理的な,道理にかなった
trakt	理	{Ｂ}［他］取り扱う,扱う,待遇する;論じる;処理する;交渉する,談判する
logik	理	論理学の;論理的な,道理にかなった;（論理上）必然的な,当然の
profund	深	{Ｂ}深い,底の深い,奥深い;深部に達する,深々とした;《転》深遠な,深層の;深刻な,根深い,極度の
rond	圆	円形の,丸い
cirkl	圆	円形の
roz	玫	バラの,バラのような;バラ色の;《転》バラ色の,楽観的な
salt	跳	{Ｂ}［自］跳ぶ,跳び上がる,跳躍する;飛び移る,飛びのく;《転》飛躍する;《転》急増する
sang	血	血の,血液の;血まみれの,流血の;血の色をした
sem	种	［他］（〜の）種をまく;《転》まき散らす;（うわさなどを）振りまく
spec	种	{Ｂ}種類,種（しゅ）;【生】=specio（種）
staci	站	{Ｂ}駅,停車場;保養地,滞在地;放送局,電話局,観測所;局,署,所,施設
stat	态	【理】定位の,><astata
ekologi	态	(基本形gloss無)
sufer	苦	{Ｂ}［自］苦しむ,悩む,苦悩する;［他］（不快なことを）こうむる,受ける,受難する
amar	苦	{Ｂ}苦い;きびしい
suker	糖	砂糖の,砂糖入りの;《転》甘い
konfit	糖	{Ｂ}［他］【料】（果物を）砂糖漬けにする
bombon	糖	{Ｂ}【菓】キャンデー,ボンボン
vagon	厢	{Ｂ}【鉄】車両,>>lokomotivo
vek	醒	目覚めさせる
sobr	醒	{Ｂ}（飲食を）節制した,しらふの;節度ある,落ち着いた
vilaĝ	村	(基本形gloss無)
vitr	玻	ガラスの,ガラス製の;ガラスのはまった,=vitrita
produkt	产	{Ｂ}［他］生産する,産出する,産む,実らせる;製作する,製造する
akuŝ	产	(基本形gloss無)
prunt	借	貸し借りで
aŭt	车	(基本形gloss無)
bus	车	【車】バス,=au^tobuso
trajn	车	{Ｂ}【鉄】列車,>>vagonaro;【軍】輜重隊（しちょうたい）,補給部隊
bicikl	车	［自］自転車で行く,サイクリングする
kamion	车	［他］トラックで運ぶ
aŭtobus	车	(基本形gloss無)
aŭtomobil	车	(基本形gloss無)
adres	址	［他］（〜あてに）送る;（言葉を）かける,向ける;あて名を書く
amuz	娱	楽しい,余興の
anim	魂	魂の;=animita
arĝent	银	(基本形gloss無)
bank	银	{Ｂ}銀行;【遊】（賭博で）親元にある賭け金,場銭（ばせん）
benk	凳	{Ｂ}ベンチ
bov	牛	{Ｂ}【動】ウシ（牛）（属）
brun	褐	{Ｂ}褐色の,栗色の,茶色の
brust	胸	{Ｂ}胸
buter	黄油	［他］バターをぬる
ĉes	止	(基本形gloss無)
danĝer	危	(基本形gloss無)
kriz	危	危機的な;=sojla（臨界の）
donac	礼	贈り物として
ĝentil	礼	(基本形gloss無)
dors	背	背の,裏の
real	实	{Ｂ}現実の,実在の;本当の,本物の
efektiv	实	(基本形gloss無)
efik	效	効果のある,効き目のある,有効な
efekt	效	効果的な,はでな
valid	效	{Ｂ}【法】有効な,効力のある,通用する
egal	等	{Ｂ}等しい,同等の;対等な,平等な;むらのない,一様な;どうでもよい
estim	尊	{Ｂ}［他］尊敬する,尊重する,高く評価する,>>s^ati,>>respekti
dign	尊	威厳のある,堂々とした
flav	黄	{Ｂ}黄色い,黄色の
foli	叶	［自］葉をつける;［他］=foliumi
font	泉	［自］涌き出る;《転》源を発する
freŝ	鲜	(基本形gloss無)
fund	底	底の;《転》（知識などが）奥深い
fon	底	背景の,地の
gard	守	番をして;用心深く
genu	膝	［自］ひざまずいている,ひざ立ちしている
glaci	冰	氷の,氷のような;《転》冷ややかな,よそよそしい
griz	灰	{Ｂ}灰色の,ねずみ色の;白髪まじりの;どんよりした,陰気な
kalk	灰	石灰質の
cindr	灰	{Ｂ}灰;遺灰,遺骨
herb	草	{Ｂ}草;牧草,芝草;【植】草本
pajl	草	{Ｂ}わら（藁）
skiz	草	{Ｏ}［他］スケッチする,下絵を描く;概略を示す
ink	墨	［他］インクを塗る
insekt	虫	昆虫の
verm	虫	{Ｂ}（ミミズ・寄生虫などの）虫;（毛虫・いも虫など）幼虫;うじ虫
juĝ	判	(基本形gloss無)
kondamn	判	{Ｂ}［他］【法】刑を宣告する,有罪とする;非難する,とがめる
klin	斜	{Ｂ}［他］傾ける,斜めにする;《転》心を向けさせる
oblikv	斜	{Ｂ}斜めの,傾斜した
kok	鸡	{Ｂ}【鳥】ニワトリ（鶏）;【生】=mikrokoko（球菌）
kompat	怜	慈悲の,哀れみの
kovert	封	{Ｂ}封筒
penik	笔	［自］筆で描く,はけで塗る
krajon	笔	［他］鉛筆で書く
kre	创	{Ｂ}［他］創造する,創作する,創設する,創出する
invent	创	{Ｂ}［他］発明する,考案する,>>elpensi
iniciat	创	率先して
kruc	十字	十字架の;十字形の
krur	腿	{Ｂ}（人・動物の）脚,足（全体）;【解】すね,脚（膝から足首まで）,>>piedo;《転》脚部
gamb	腿	【解】下肢,脚部,>>kruro
kuk	糕	{Ｂ}菓子（一般）;【菓】焼菓子,ケーキ
kuler	勺	{Ｂ}【料】さじ,スプーン
kulp	罪	{Ｂ}罪のある,過ちを犯した
pek	罪	罪のある,過ちを犯した
krim	罪	犯罪の;罪のある
kurac	医	{Ｂ}［他］治療する,治す;《転》癒やす
medicin	医	医学の,医学的な;薬用の
hospital	医	病院の
kuz	堂	{Ｂ}いとこ（男）
lag	湖	湖の;湖畔の
lang	舌	舌の,舌状の
leĝ	律	(基本形gloss無)
ritm	律	リズムの,韻律の;リズムに合わせた,律動的な
lert	巧	{Ｂ}器用な,巧みな,上手な;敏捷な,すばしこい
manier	式	{Ｂ}やり方,仕方,様式,流儀
mod	式	流行の,はやりの
formul	式	［他］書式に従って書く;【学】式で表す,定式化する;《般》言い表す
ceremoni	式	儀式の;儀式張った
mok	嘲	あざけりの
numer	号	番号の,数値の
signal	号	信号の
ofic	职	職務上の
profesi	职	職業の,職業上の;職業的な,本職の,プロの
ombr	影	影のある,日の当たらない
film	影	［他］映画にとる,撮影する
influ	影	影響力のある,勢力を持った
ordinar	普	{Ｂ}普通の,通常の;ありふれた,平凡な
universal	普	{Ｂ}普遍的な,全般的な;全世界の,万国の;万能の,汎用の;万有の
ov	卵	{Ｂ}卵（たまご）,鶏卵;【生】卵（らん）,>>frajo
pak	包	［他］包む,包装する,荷造りする;【情】（ファイルを）圧縮する
bulk	包	{Ｂ}【料】ロールパン,菓子パン（など小型の丸いパン）
bandaĝ	包	(基本形gloss無)
pork	猪	豚の;豚のように汚い
apr	猪	{Ｂ}【動】イノシシ（猪）（種）,=sovag^a porko
sak	袋	{Ｂ}袋;かばん,バッグ
poŝ	袋	(基本形gloss無)
seren	宁	{Ｂ}晴朗な,晴れ晴れした;おだやかな,うららかな,のどかな
prefer	宁	むしろ,なるべく,好んで
promes	诺	{Ｂ}［他］約束する,（物を）与えることを約束する;期待させる,請け合う,予想させる
paf	射	{Ｂ}［他］撃つ,射る,射撃する,射出する,発射する
radi	射	ラジオ（放送）の
region	区	地方の,地域の
kvartal	区	{Ｂ}市区,区画,街区,地区,>>urboparto
distrikt	区	【政】地区の,地方の
reĝ	王	(基本形gloss無)
rekt	直	{Ｂ}まっすぐな,一直線の;直立した,垂直の,>>vertikala;直接の,直行の,>>senpera
religi	宗	宗教上の,宗教的な;信心深い,敬虔（けいけん）な;細心な,きちょうめんな
ripet	复	繰り返して
kopi	复	写しとして,複写して
komplik	复	複雑な,込み入った,ややこしい,煩わしい
kompleks	复	複合した;入り組んだ,複雑な;【数】複素数の
ŝaf	羊	(基本形gloss無)
kapr	羊	{Ｂ}【動】ヤギ（山羊）
sek	干	{Ｂ}乾いた,乾燥した,水気のない,干からびた;《転》無味乾燥な,そっけない,情のない
trunk	干	［他］【数】（円錐などの）上部を切り捨てる
sever	严	{Ｂ}厳しい,厳格な;容赦のない,過酷な;猛烈な,深刻な;《転》簡素な,無駄のない
serioz	严	{Ｂ}まじめな,謹厳な;本気の,真剣な;重大な,深刻な
ŝlos	锁	(基本形gloss無)
serur	锁	{Ｂ}錠,錠前,>>s^losilo
spir	息	{Ｂ}［自］呼吸する,息をする;ひと息つく;《転》発散する,表す,=elspiri
spirit	灵	精神的な,霊的な
ŝtel	偷	(基本形gloss無)
stel	星	星の,星形の
astr	星	天体の
planed	星	惑星の
satelit	星	衛星の,衛星のような
ŝtup	阶	(基本形gloss無)
stadi	阶	{Ｂ}（発展の）段階,程度,時期;【史】スタジオン（=約180m）;=stadiono
sum	总	合計で,合わせて;=resume（要するに）
ĝeneral	总	(基本形gloss無)
total	总	全体の,総計の,>>kompleta,>>tuta
teler	盘	{Ｂ}皿,取り皿,>>plado;（皿に盛った）料理,一品;《転》皿状のもの
disk	盘	［他］（電話番号を）回す
plet	盘	{Ｂ}盆,（食事用の）トレー
terur	恐	恐ろしい,怖い;《転》ひどい,ものすごい,激しい
tond	剪	{Ｂ}［他］（髪・羊毛などを）刈る,刈り込む
traf	击	的を射た,的確な
tru	穴	穴の;穴のあいた
vapor	汽	蒸気の;蒸気のたちこめた,おぼろにかすんだ;（布地が）透けるように薄い
vast	广	{Ｂ}広い,広々とした;（衣服が）ゆったりした;《転》広範な;【声】（母音が）開いた
ampleks	广	広大な,広範囲の,包括的な
vin	酒	ワインの
bier	酒	{Ｂ}ビール,>>botela,>>barela
brand	酒	{Ｂ}蒸留酒;ブランデー,焼酎（しょうちゅう）
di	神	神の;神のような,この上なくすばらしい
ŝir	裂	(基本形gloss無)
fend	裂	{Ｂ}［他］割る,裂く;割って進む
krev	裂	{Ｂ}［自］はじける,破裂する,はり裂ける;ひび割れる
fot	拍	［他］写真にとる,撮影する,=fotografi
takt	拍	{Ｂ}【楽】拍子;調子;規則的に繰り返す音（コトコト・ドキドキ）;【情】クロック信号;《転》機転,如才なさ
raked	拍	{Ｏ}【運】ラケット
inkluziv	含	{Ｏ}含んだ,=inkluda
koleg	伴	{Ｏ}同僚,僚友,なかま,同業者
kompani	伴	{Ｂ}会社;（集合的に）仲間,一同,（同伴者）一行
kamarad	伴	［自］仲良くしている
kontakt	接	［他］接触している;連絡を保っている
kotiz	纳	{Ｏ}［自］（会費・分担金などを）払う
novel	篇	{Ｏ}小説,中編小説,>>romano
registr	录	［他］登録する,記載する,記録する,書留にする;《転》記憶にとどめる
katalog	录	［他］〜の目録を作る
protokol	录	［自］議事録を作る,議定書を作る
rezerv	储	保留の;予備の
stok	储	［他］【商】ストックする,仕入れる;蓄える
sonor	响	響きのある,よく響く,朗朗とした
klak	响	{Ｏ}［自］かちかち音をたてる（ぶつけて乾いた短い音を発する）
laŭt	响	(基本形gloss無)
plan	划	［他］計画する,設計する,立案する
rem	划	{Ｂ}［自］舟をこぐ,こぎ進む;［他］こぐ
strek	划	［他］（一筆で）線をひく;筋を付ける
taŭg	适	(基本形gloss無)
moder	适	{Ｂ}適度の,手ごろな,ほどほどの;節度ある,穏健な,中庸な
adapt	适	{Ｂ}［他］適合させる,適応させる,合わせる;（劇や映画用に）脚色する
konven	适	{Ｂ}適切な,ふさわしい,向いている;礼儀にかなった
akir	获	{Ｂ}［他］手に入れる,獲得する,習得する,>>gajni
rikolt	获	{Ｂ}［他］収穫する,刈り入れる,採取する;《転》（報いとして）得る,受ける
akompan	陪	{Ｂ}［他］同行する;【楽】伴奏する
akr	锐	{Ｂ}鋭い
anonc	宣	{Ｂ}［他］予告する;公告する
reklam	宣	広告の
deklar	宣	{Ｂ}［他］宣言する,宣告する;表明する,明言する;（課税品を）申告する
aparten	属	{Ｂ}［自］（〜 al）〜のものである;〜に所属する
apog	支	{Ｂ}［他］支える,もたせかける;《転》支持する
fili	支	{Ｏ}支部,支店,支所
aprob	肯	{Ｂ}［他］賛成する,同意する;是認する,認可する
arm	武	{Ｂ}［他］武装させる;装甲する
atak	攻	{Ｂ}［他］攻撃する;襲う
polic	警	警察の
alarm	警	警報の,危急を告げる
avert	警	{Ｂ}［他］警告する,注意を促す,予告する
bar	障	{Ｏ}［他］道をふさぐ;《転》妨げる
baston	棒	［他］棒で叩く（たたく）
blov	吹	{Ｂ}［自］（風が）吹く,息を吐く;［他］吹く,吹き鳴らす
bol	沸	{Ｂ}［自］沸騰する,煮えたぎる;《転》荒れ狂う,激高する
botel	瓶	{Ｂ}びん
karaf	瓶	{Ｂ}【料】カラフ（食卓用のガラスびん）,水差し
branĉ	枝	(基本形gloss無)
verg	枝	［他］むち打つ
buton	扣	［他］（衣服の）ボタンをかける
buk	扣	［他］バックルでとめる
ĉapitr	章	(基本形gloss無)
ĉas	猎	(基本形gloss無)
ĉemiz	衫	(基本形gloss無)
bluz	衫	{Ｂ}【服】ブラウス;上っ張り,仕事着;ジャンパー,ブルゾン
danc	舞	{Ｂ}［自］踊る,ダンスをする;小躍りする,はねる;［他］（〜を）踊る
bal	舞	{Ｂ}舞踏会,ダンスパーティ
defend	防	防御の;弁護の
delikat	细	{Ｂ}繊細な,洗練された;優美な,上品な;鋭敏な,敏感な;きゃしゃな,壊れやすい
detal	细	詳しい,詳細な;細かな;小売の
dens	密	{Ｂ}濃い,濃密な;密集した,密生した;【写】（ネガが）濃い,肉乗りのよい
desegn	绘	{Ｂ}［他］描く,素描する,デッサンする;デザインする,設計図をひく,製図する;《転》輪郭を示す
doktor	博	博士の
eben	平	{Ｂ}平らな,平坦な,>>plata;なめらかな,>>glata
nivel	平	［他］水準器で測る;同一水準にする;《転》平等化する
esting	灭	{Ｂ}［他］（火や明かりを）消す;《転》消す,消滅させる
evit	避	{Ｂ}［他］避ける,回避する,
rifuĝ	避	(基本形gloss無)
silk	丝	絹の,絹でできた;絹のような
faden	丝	{Ｂ}糸,線;針金,=drato;（話などの）筋,脈絡
fak	专	専門の,専門的な
fals	伪	偽の
fidel	忠	{Ｂ}忠実な,誠実な;節操の堅い,貞節な;事実を曲げない
lojal	忠	{Ｂ}忠義な,忠実な;誠実な,公正な
fier	骄	{Ｂ}誇り高い,自尊心のある;高慢な,尊大な
firm	坚	{Ｂ}堅い,引き締まった;しっかりした,ぐらつかない;《転》堅固な,確固とした
fortik	坚	{Ｂ}堅固な,頑丈な,頑健な;要塞化した
insist	坚	しつこく言い張る,執拗（しつよう）な
persist	坚	ねばり強い,根気のよい,執拗（しつよう）な,>>obstina;持続する
flag	旗	［他］旗で飾る
standard	旗	{Ｂ}（国家・軍隊などを象徴する）旗,国旗,軍旗,連隊旗,団旗;《転》旗印,>>flago
fork	叉	フォーク状の
fum	烟	［自］煙を出す,喫煙する;［他］（たばこ類を）吸う
tabak	烟	{Ｂ}たばこ（煙草）;【植】タバコ,=nikotiano
cigared	烟	{Ｂ}紙巻きたばこ
gast	客	［自］客になる;泊まる
klient	客	{Ｂ}顧客,依頼人,患者;得意客,常連;【史】（古代ローマの）クリエンテス（被保護平民）
pasaĝer	客	(基本形gloss無)
objektiv	客	(基本形gloss無)
ĝen	扰	(基本形gloss無)
gras	脂	脂肪質の,肥え太った;（土地が）肥えた
lard	脂	［他］【料】（肉に）小さく切った豚の脂身を差し込む
gut	滴	一滴ずつ,少しずつ
haŭt	皮	(基本形gloss無)
fel	皮	皮の,毛皮の
pelt	皮	毛皮の
hejt	热	{Ｂ}［他］（炉などに）火をたく;（部屋を）暖房する
term	热	【数】項;【論】名辞
ard	热	{Ｂ}白熱の;《転》熱烈な
fervor	热	{Ｂ}熱心な,熱烈な,熱情にあふれた,>>arda,>>entuziasma
entuziasm	热	熱烈な,熱狂的な,>>fervora,>>fanatika
honest	诚	{Ｂ}正直な,誠実な,実直な;公正な,正当な,まともな,いつわりのない
sincer	诚	{Ｂ}誠実な,率直な;真心のこもった,本心からの
honor	誉	名誉の,名誉ある,尊敬すべき
hont	耻	恥じて;恥ずかしそうに
imit	仿	{Ｂ}［他］まねる,模倣する;見習う;模造する
industri	业	産業の,工業の
inform	告	情報の
herold	告	［他］布告する;先触れする
insul	岛	島の
obe	服	{Ｂ}［他］従う,服従する
jak	服	{Ｂ}【服】背広,（腰丈までの）ジャケット;上着
konvink	服	納得のゆく,説得力のある
kajer	册	{Ｂ}ノート,帳面;（本の）分冊
album	册	{Ｂ}（写真・切手の）アルバム,写生帳,サイン帳;（音楽ＣＤの）アルバム,曲集
volum	册	{Ｂ}（書籍などの）巻,冊
broŝur	册	(基本形gloss無)
ekzempler	册	{Ｏ}（本や新聞などの）一冊,一部;（同種の生物の）個体,標本,>>specimeno
kest	箱	{Ｂ}箱,ケース,容器
valiz	箱	{Ｂ}（手に持って運べる）旅行かばん,スーツケース,小形トランク,>>kofro
kis	吻	{Ｂ}［他］キスする,口づけする;《転》そっと触れる
komfort	舒	{Ｂ}快適な,心地よい,安楽な
kompar	较	比較の
kondiĉ	件	(基本形gloss無)
konstant	恒	{Ｂ}不変の,一定の,常置の,絶え間ない;（人が）志操堅固な
korespond	通	文通の
kultur	耕	文化の,文化的な
plug	耕	{Ｂ}［他］耕す,すく;《転》畝をつくる,しわを寄せる
lamp	灯	{Ｂ}ランプ;灯火;電灯
kurs	课	{Ｂ}講座,講習会,課程;コース,道順,路線;=kurzo（相場）
lecion	课	{Ｂ}授業,けいこ,レッスン;学課,課業;（教科書の）課;教訓,戒め
legom	菜	{Ｂ}野菜
brasik	菜	{Ｂ}【植】キャベツ,=kapobrasiko;（キャベツ、ハクサイ、カラシナ、アブラナ、カブなど）アブラナ属の植物の総称
lap	菜	{Ｂ}【植】ゴボウ（種）（牛蒡）;ゴボウの実（とげがあってくっつきやすい）
lip	唇	唇の
liter	字	{Ｂ}文字,字;【印】活字,>>ideografiaj^o;字句,文面
alfabet	字	アルファベットの
maŝin	机	(基本形gloss無)
ŝanc	机	(基本形gloss無)
meĥanism	机	(基本形gloss無)
matur	熟	{Ｂ}熟した,成熟した;《転》熟慮した,練られた;【商】（手形などが）満期の
familiar	熟	{Ｂ}親しい,慣れ親しんだ,心安い,くだけた,平俗な,>>intima,>>senceremonia
mend	订	{Ｂ}［他］注文する,あつらえる,予約する
abon	订	予約の
mensog	谎	嘘の,偽りの,虚偽の,>>malvera
mien	容	［自］顔つきをしている;（〜のように）見える,>>aspekti
minac	胁	威嚇的な,脅しの;（状況が）険悪な
naĝ	游	(基本形gloss無)
turism	游	観光の
ekskurs	游	{Ｂ}［自］遠足する;（話が）脇道へそれる
najbar	邻	隣の,近所の;近くの
nep	孙	{Ｂ}孫
nev	侄	{Ｂ}おい（甥）
oft	常	たびたびの,頻繁に起こる;いつもの,よくある
nord	北	北の;北部の,北方の,><suda
okcident	西	西の,西方の,西部の;西洋の
ole	油	油の;油性の,油を含んだ
petrol	油	石油の
ond	波	波の,波状の
orient	东	東の,東方の,東部の;東洋の
ost	骨	骨の;骨でできた;骨ばった
skelet	骨	骨格の,骨組みの;大筋の,概略の;がりがりにやせた
toler	忍	寛容に;我慢して
pacienc	忍	{Ｂ}我慢強い,辛抱強い;根気のよい
pantalon	裤	{Ｂ}【服】ズボン,スラックス,パンツ
kalson	裤	{Ｂ}【服】パンツ,トランクス（下着）
past	糊	{Ｂ}【料】ペースト,ねり粉,生地;ペースト状のもの
pel	驱	{Ｂ}［他］追う,追いたてる;追いかける;（状態に）駆り立てる,追いやる;【機】駆動する
pentr	描	{Ｂ}［他］（色彩画を）描く;《転》（言葉で）描写する;思い描く
pik	刺	刺すような,ピリッとした
dorn	刺	とげのある,いばらの;《転》苦難の
pilk	球	{Ｂ}【遊】ボール,球（たま）,まり;（スポイトなどの）ゴム球
glob	球	球体の,球の;球形の,球状の
sfer	球	球面の;球の,球状の,>>globa
bulb	球	{Ｂ}【植】球根,りん茎;【料】玉ねぎ,=>cepo;《転》球根状のもの;【解】球（きゅう）
balon	球	{Ｂ}気球;風船,=baloneto;【化】球形フラスコ
futbal	球	【運】サッカー,=piedpilko
pint	尖	先端の,頂点の;先のとがった
plant	植	{Ｂ}［他］植える,植え付ける;（地面に差し込んで）立てる
botanik	植	植物学の,植物の,>>vegetala
vegetal	植	植物の,=vegetaj^a
pom	苹	リンゴの
pont	桥	{Ｂ}橋;【海】船橋,ブリッジ;【楽】（弦を支える）駒（こま）;《転》懸け橋,橋渡し
praktik	践	実地の,実践的な;実際的な,実用的な;実用向きの,便利な,役に立つ
preciz	准	{Ｂ}精密な,正確な,明確な,的確な
akurat	准	{Ｂ}時間厳守の
preĝ	祈	(基本形gloss無)
premi	奖	［他］賞を与える
pres	印	印刷の
stamp	印	［他］スタンプを押す,消印を押す;刻印する;《転》刻み込む;《転》特徴づける
sigel	印	［他］印を押す,捺印する,調印する;封をする,封印する;《転》保証する,確定する,確実にする
impres	印	印象深い,感銘を与える,感動的な
prez	价	{Ｂ}価格,値段,定価
tarif	价	［他］料金を定める,価格を決める;関税をかける
progres	进	{Ｂ}［自］進歩する,向上する,上達する;進行する,前進する
import	进	輸入の
pun	罚	罰の,懲罰の,刑罰の
rad	轮	車輪の;車輪のついた
regul	规	正規の,規則にかなった;規則正しい,規則的な,定期的な
cirkel	规	［他］コンパスで描く,コンパスで測る
preskrib	规	{Ｂ}［他］（法などが）命じる,規定する;【医】処方する,=recepti
rekomend	荐	推薦の
respekt	敬	敬意のこもった,うやうやしい,丁重な
pi	敬	{Ｂ}信心深い,敬虔（けいけん）な
ret	网	網の,網状の;ネットワークの,インターネットの
tenis	网	［自］テニスをする
rifuz	拒	{Ｂ}［他］拒絶する,拒否する,拒む,断る,辞退する,〜しようとしない
rilat	关	関係の,関連ある
dogan	关	{Ｂ}関税,=limimposto,>>akcizo;税関
ripar	修	{Ｂ}［他］修理する,修繕する;《転》回復する,償う,>>rebonigi
riproĉ	责	(基本形gloss無)
sal	盐	塩の;塩味の,塩辛い;塩を含んだ
sankt	圣	{Ｂ}【宗】神聖な,聖なる;《転》尊重すべき,神聖不可侵の
sap	皂	=sapumi（石けんをぬる）
sav	救	救いの,救助の
scienc	科	科学の,科学的な
sekci	科	{Ｂ}部,課,部門,部会,セクション,>>fako;（文書の）節,段,（バス路線などの）区間
sekret	秘	秘密の,内密の,内緒の
sekretari	秘	書記の,事務局の;秘書の
konfidenc	秘	内密の,内緒の;腹心の,信任の厚い
vic	列	列になって,順に並んで
seri	列	連続した,一連の;【電】直列の;【情】シリアルの,>>paralela
sezon	季	季節の,季節的な
sign	符	［他］しるしをつける,（しるしで）示す;合図する
simbol	符	象徴の,象徴的な;記号を用いる
skatol	盒	{Ｂ}手箱,箱,筒,缶;容器,ケース
kased	盒	{Ｏ}カセット,カセットテープ
soif	渴	のどの渇いた;渇望している
soldat	兵	{Ｂ}兵士,軍人
special	特	{Ｂ}特別の,特殊な,専門の,>>aparta,>>faka
ekstr	特	{Ｏ}特別の,格別の,余分の,臨時の,>>aldona
specif	特	特定の;固有の,特有の;【理】比〜
trajt	特	{Ｂ}（〜oj）顔立ち,目鼻立ち;特色,特徴
karakteriz	特	(基本形gloss無)
spez	兑	{Ｂ}［他］出納する
ŝrank	柜	(基本形gloss無)
strang	奇	{Ｂ}奇妙な,変な,不思議な,おかしい,異様な,>>bizara,>>kurioza,>>originala,>>ekstr
kurioz	奇	{Ｂ}珍しい,奇妙な,好奇心をそそる
mirakl	奇	奇跡の,奇跡的な
streĉ	紧	(基本形gloss無)
ŝtrump	袜	(基本形gloss無)
ŝu	鞋	(基本形gloss無)
subit	突	{Ｂ}突然の,不意の,急な
impet	突	勢いのある,衝動的な
sud	南	南の;南部の,南方の,><norda
antarkt	南	【地理】南極の,=sudpolusa,><arkta
sup	汤	{Ｂ}【料】スープ
tol	布	リンネル製の;布製の
ŝtof	布	(基本形gloss無)
trem	颤	{Ｂ}［自］震える,身震いする;揺れる,揺れ動く,震動する;恐れる,びくびくする
tromp	骗	いつわりの,ごまかしの,欺瞞的,見せかけの
fripon	骗	いかさまの,ずる賢い
mistifik	骗	{Ｂ}［他］煙にまく,かつぐ,迷わす,>>trompi
tuk	巾	{Ｂ}（用途に合わせて切った）布,布切れ
val	谷	{Ｂ}【地理】谷,谷間,渓谷;流域,=baseno;【建】（屋根の）谷
gren	谷	{Ｂ}穀物
vang	颊	{Ｂ}【解】ほお;【機】側板
viand	肉	{Ｂ}【料】肉,食肉,>>karno
karn	肉	肉の,肉体の;生身の,人間の
viŝ	拭	(基本形gloss無)
vund	伤	傷の,けがの
fos	掘	{Ｂ}［他］掘る;発掘する;《転》（問題などを）掘り下げる
muel	磨	{Ｂ}［他］（ひきうすなどで）挽く,粉にする,細かく砕く;押しつぶす
polur	磨	［他］磨く,研磨する,つやを出す;《転》洗練する,推敲する
ŝarĝ	载	(基本形gloss無)
akcident	祸	事故の;偶発的な
arme	军	{Ｂ}軍隊;〜軍;《転》大群
kler	文	{Ｂ}教養ある,学識のある
tekst	文	［自］〜と書いてある
artikol	文	{Ｂ}記事;条項;【法】（法令の）条,>>paragrafo;【Ｇ】冠詞
literatur	文	文学の,文芸の
aspekt	显	外見上
evident	显	{Ｂ}明白な,自明の
babil	聊	{Ｂ}［自］雑談する,おしゃべりする
bilet	票	{Ｂ}切符,券
ĉek	票	(基本形gloss無)
balot	票	{Ｂ}［自］投票する,票決する
blind	盲	{Ｂ}盲目の;《転》盲目的な（差別的表現なので避けるべき）,=>senkritika,=>malprudenta
ĉarm	魅	(基本形gloss無)
centr	央	中心の,中央の
central	央	{Ｂ}中央施設,本部,=centrejo;【電】発電所;【通】電話交換局
des	愈	(基本形gloss無)
detru	毁	破壊的な
difekt	损	{Ｂ}［他］損なう,だめにする;傷つける
damaĝ	损	(基本形gloss無)
kompromit	损	危険な,累を及ぼすような,巻き添えにする
diligent	勤	{Ｂ}勤勉な
diskut	论	{Ｂ}［自］討議する,議論する,>>debati,>>disputi,>>polemiki
teori	论	理論的な,理論上の
ese	论	小論,評論;エッセー,随筆
kontrol	检	検査の,点検の
ekzamen	检	{Ｂ}［他］調べる,検査する,検討する;試験する;（容疑者を）取り調べる
inspektor	检	{Ｂ}査察官,=inspektisto;【劇】舞台監督,>>reg^isoro
ekzerc	练	{Ｂ}［他］訓練する,練習させる,>>disciplini,>>hardi
elektr	电	電気の;電動の
pil	电	{Ｂ}【電】電池,パイル
bateri	电	{Ｏ}【電】バッテリー,電池;【軍】砲兵中隊
elektronik	电	電子工学の,電子式の
embaras	窘	邪魔な,厄介な,煩わしい,>>g^ena
epok	纪	{Ｂ}時代;【地質】世,>>periodo（紀）,>>erao（代）,>>ag^o（期）
esplor	探	{Ｂ}［他］探検する,踏査する;調査する,探究する,研究する;【医】診査する,（精密）検査する;【法】審理する
tabel	表	{Ｂ}表,一覧表,目録,数表;【史】=tabuleto（書字板）
list	表	［他］リストを作る,一覧表にする
esprim	表	{Ｂ}［他］表現する,示す,言い表す,>>eldiri
etat	表	{Ｂ}明細表,報告書,リスト
reprezent	表	(基本形gloss無)
etaĝ	层	(基本形gloss無)
tavol	层	［自］層になっている
etend	伸	{Ｂ}［他］伸ばす;（手を伸ばして）差し出す;（金属を）延ばす;広げる,拡張する
etern	永	{Ｂ}永遠の,永久の,不朽の,不滅の
evolu	展	{Ｂ}［自］進化する,発展する;進展する,変遷する
ekspozici	展	［他］陳列する,展示する,=eksponi
fald	折	{Ｂ}［他］折りたたむ
rabat	折	割引で,値引きして
fand	熔	{Ｂ}［他］（熱で）溶かす;鋳造（ちゅうぞう）する
favor	利	{Ｂ}好意的な;有利な,好都合な
profit	利	利益の,得な;有益な,ためになる
interez	利	【経】利子,利息,金利,=rentumo;利潤
feri	假	休日の
fianĉ	婚	(基本形gloss無)
flam	焰	炎の,炎をあげる;炎のような,激しい
fulm	闪	稲妻の
flagr	闪	{Ｂ}［自］（炎・光が）揺らぐ,揺らめく;明滅する;はためく
glit	滑	つるつるした,ぬるぬるした;=glitiga
ski	滑	［自］【運】スキーをする
glat	滑	{Ｂ}なめらかな,すべすべした;《転》平らな;《転》人当たりのよい
grad	度	段階的な;程度の
skal	度	{Ｂ}尺度,目盛,縮尺;《転》規模,スケール;【楽】=gamo（音階）
ĝu	享	(基本形gloss無)
gust	味	［自］味がする
haven	港	{Ｂ}港,港湾;《転》避難所,休息所
hezit	犹	{Ｂ}［自］ためらう,躊躇（ちゅうちょ）する
hotel	馆	{Ｂ}ホテル,旅館
muze	馆	{Ｂ}博物館;美術館;収蔵品,収集品
humil	谦	{Ｂ}謙虚な,控えめな;卑下した
modest	谦	{Ｂ}控えめな,謙虚な,慎み深い;質素な,地味な,ささやかな
pasi	情	情熱的な,熱烈な
humor	情	気質の;機嫌のよい
emoci	情	感情の;感動的な,感情的な,>>kortus^a
jup	裙	{Ｂ}【服】スカート
karakter	格	性格の;個性的な
kav	洞	中空の,空洞の,くぼんだ
kavern	洞	洞穴の;【医】空洞のある
grot	洞	{Ｂ}（小規模の，人工の）洞穴（ほらあな）,洞窟（どうくつ）,>>kaverno
komunik	传	{Ｂ}［他］伝える,伝達する,知らせる
legend	传	伝説の,伝説的な
propagand	传	宣伝の,普及の;布教の
vad	涉	{Ｂ}［自］（水・泥・積雪などの中を）歩く,歩いて行く
koncern	涉	話題となっている,当の;関係のある
kongres	会	大会の
asemble	会	{Ｂ}（協議のための）総会,集会,会議;（地方自治体の）議会
konferenc	会	［自］会議を催す
konsider	虑	{Ｂ}［他］考慮する,考察する;考慮に入れる;（〜と）見なす
konsol	慰	慰めの,慰めを与える
krud	粗	{Ｂ}生の,未加工の;粗野な,荒々しい
kudr	缝	{Ｂ}［他］縫う,縫い合わせる
esenc	质	本質的な;必須の,不可欠な
materi	质	物質の;物質的な,物的な
kvalit	质	質の;質的な
substanc	质	物質の;実質的な,>>esenca;実体的な
kvant	量	量の
litr	升	{Ｂ}【単】リットル（容積の単位）
lu	租	{Ｂ}［他］賃借する,（料金を払って）借りる
farm	租	{Ｂ}［他］小作する,（農地を）賃借りする
rent	租	{Ｂ}地代,賃貸料;金利収入
luks	奢	ぜいたくな,豪奢（ごうしゃ）な,華美な
magazen	仓	{Ｂ}（商品などの）倉庫;大商店,百貨店;（銃の）弾倉,（カメラの）マガジン
mantel	披	{Ｂ}【服】マント,外套,コート,ケープ;【建】マントルピース;《転》覆い隠すもの
metr	米	メートル（法）の
riz	米	{Ｂ}【植】イネ（稲）（種）;《般》米（粒）;【料】米飯,ライス
mild	柔	{Ｂ}温和な,優しい,穏やかな,もの柔らかな
tener	柔	{Ｂ}優しい,愛情のこもった,>>karesema
mizer	惨	悲惨な,みじめな,あわれな;貧しい,みすぼらしい;くだらない,つまらない,下劣な
mor	俗	{Ｂ}風俗,慣習,風習,習わし,>>kutimo
vulgar	俗	{Ｏ}通俗の,日常の,ありふれた;卑俗な,=triviala
murmur	咕	{Ｂ}［自］つぶやく,ざわめく;ぶつくさ言う
mut	哑	{Ｂ}唖（おし）の,口のきけない;無言の,押し黙った
nebul	雾	霧の,霧のかかった;かすんだ,不明瞭な,曖昧（あいまい）な
nest	巢	［自］巣を構える,巣を作る;（巣に）すんでいる
nud	裸	{Ｂ}裸の;むき出しの;飾りのない
nutr	养	滋養の,栄養のある
bred	养	{Ｂ}［他］【農】飼育する;育種する,品種改良する
vart	养	{Ｂ}［他］保育する,養育する,育てる;《転》（大事に）はぐくむ;（機械などを）保守する
oportun	便	{Ｂ}便利な,使いやすい;好都合な,時宜を得た
oranĝ	橙	(基本形gloss無)
origin	源	起源の,原初の,元来の
ornam	饰	飾りの,装飾の
dekoraci	饰	［他］（部屋・建物・場所を）装飾する
pal	苍	{Ｂ}（顔が）青ざめた,青白い,血の気のない;色の薄い,光の弱い;《転》生気のない
scen	场	{Ｂ}【劇】場;《転》場面,光景,シーン;《古》=scenejo
plac	场	{Ｂ}広場;空き地
politik	政	政治の,政策の;政治的な,政策的な
potenc	力	強力な,威力のある;有力な,権力のある,強大な
privat	私	{Ｂ}私的な,私の,非公式な;私立の,私有の
protest	抗	{Ｂ}［自］抗議する,異議を唱える,反対を表明する;［他］【商】（手形の）支払を拒絶する
rezist	抗	抵抗の
protestant	抗	(基本形gloss無)
prudent	慎	{Ｂ}良識的な,賢明な,分別のある;慎重な,用心深い,思慮深い
radik	根	根の;《転》根本的な,根源的な;【植】根生の;【Ｇ】語根の;【数】根の
rajd	骑	馬に乗って;馬乗りに
rel	轨	{Ｂ}【鉄】レール,軌条;（手すりや柵の）横棒,横木
restoraci	餐	{Ｂ}レストラン,料理店,食堂
ring	环	{Ｂ}輪,環;指輪;《転》環状のもの
cikl	环	周期的な,循環の
cirkul	环	{Ｂ}［自］循環する;（人や車が）往来する;（商品などが）流通する
bracelet	环	{Ｂ}【服】腕輪,ブレスレット
ruz	狡	{Ｂ}ずるい,悪賢い,狡猾な,抜け目ない
sabl	沙	砂の,砂でできた
sekund	秒	{Ｂ}秒（時間・角度の単位）
soci	社	社会の,社会的な;社会生活を営む
klub	社	{Ｂ}クラブ,会,結社
social	社	{Ｂ}社会的な;社会福祉の
societ	社	会の,団体の,仲間内の;社交界の
sonĝ	梦	(基本形gloss無)
spac	空	{Ｂ}空間,虚空,広がり,スペース;【理】空間
vak	空	あいている,空席の,空位の,>>neokupita,>>libera,>>disponebla;《転》うつろな,ぼんやりした
ŝpar	省	(基本形gloss無)
guberni	省	県の,県営の
provinc	省	州の;地方の,いなか風の
stomak	胃	胃の
ŝtop	堵	(基本形gloss無)
stult	愚	{Ｂ}愚鈍な,まぬけの,愚かな
idiot	愚	白痴的な;ばかげた
suk	汁	汁の;みずみずしい,=sukplena
ŝuld	欠	(基本形gloss無)
debet	欠	［他］【商】借方に記入する,><krediti
osced	欠	{Ｂ}［自］あくびをする
ŝultr	肩	(基本形gloss無)
supoz	设	{Ｂ}［他］仮定する,想定する;想像する,予想する
establ	设	{Ｂ}［他］設置する,開設する,創立する,確立する,制定する
ŝvel	肿	(基本形gloss無)
ŝvit	汗	(基本形gloss無)
taks	评	{Ｂ}［他］評価する,鑑定する,見積もる,査定する;《古》=alte taksi（高く評価する）
kritik	评	批評の;批判の,批判的な
koment	评	{Ｏ}［他］論評する,解説する;=komentarii（注釈をつける）
recenz	评	{Ｂ}［他］（新刊書・演劇などを）批評する,論評する
tem	题	［自］（pri）〜を主題としている;（無主語）問題は〜である
titol	题	［他］表題を付ける;称号を与える
problem	题	問題のある,解決の難しい,疑わしい,不確かな
tez	题	{Ｏ}主張,説;【論】命題,定立,提題;【政】テーゼ;【学】=disertacio（学位論文）
tomb	墓	墓の,墓のような
tondr	雷	雷の,雷のような
traduk	译	翻訳の,翻訳に関する
interpret	译	{Ｂ}［他］通訳する;解釈する,解明する;（演奏・演劇で）自己の解釈に基づいて演じる
tur	塔	{Ｂ}塔,やぐら,鐘楼;【運】（高飛び込みの）飛び込み台;【遊】（チェスの）ルーク,（将棋の）飛車
urĝ	急	(基本形gloss無)
van	徒	{Ｂ}実りのない,むだな;むなしい,実質を伴わない
ventr	腹	腹の,腹部の
verŝ	浇	(基本形gloss無)
zon	带	帯の,帯状の
bend	带	［他］（ひも・テープで）しばる,束ねる,巻く
laĉ	带	(基本形gloss無)
rimen	带	{Ｂ}（平たくて細長い）ひも,帯,革帯;【機】ベルト
ruband	带	{Ｂ}リボン,テープ,ひも,帯状のもの;（勲章の）綬（じゅ）
admir	佩	{Ｂ}［他］感嘆する,賛美する;敬服する,感心する
uni	联	{Ｏ}【政】同盟,連合,>>unuig^o,>>federacio,>>konfederacio
asoci	联	協会の
federaci	联	連合の;連邦の
baz	基	基礎的な;【化】塩基性の
fundament	基	基礎の;基礎的な,基本的な
kas	库	{Ｂ}金庫;会計
garaĝ	库	(基本形gloss無)
bibliotek	库	図書館の
boat	舟	{Ｂ}ボート,小舟
butik	店	［自］小売店を営む
ced	让	{Ｂ}［自］譲歩する,屈服する;［他］譲る,譲渡する
cerb	脑	頭脳的な,脳の
disting	辨	他との区別を示す,特有の;示差的な
ekonomi	经济	経済上の;経済的な
ekonomik	经济	経済学的
ekstrem	极	{Ｂ}末端の,果ての,ぎりぎりの;極端な,極度の
arkt	极	【地理】北極の,=nordpolusa,><antarkta
maksimum	极	最大限の,最高度の,極限の
ekvilibr	衡	釣合いのとれた,安定した
pes	衡	{Ｂ}［他］〜の重さを計る,はかりにかける,計量する;《転》慎重に考慮する,吟味する,比較検討する
escept	除	例外的な
elimin	除	除去の,排除の;ふるい落とす,予選の
fabrik	厂	［他］製造する,製作する,生産する
uzin	厂	（大規模な）冶金工場,>>fabriko
fleks	弯	=fleksebla（曲げられる）
funkci	功	［自］職務を遂行する;機能を果たす
gratul	贺	祝いの,祝賀の
map	图	［他］地図を作る;【数】写像する,=bildigi
ilustr	图	{Ｂ}［他］挿絵を入れる,図解する;（例をあげて）説明する
ofer	献	{Ｂ}［他］【宗】（神に）ささげる,供える;犠牲にする,費やす;（人などに）ささげる,進呈する,>>dedic^i
dediĉ	献	(基本形gloss無)
oficial	官	{Ｂ}公式の,正式の;公認の,公定の
burokrat	官	官僚的な
pejzaĝ	景	(基本形gloss無)
panoram	景	パノラマのような,全景を見渡せる
perfekt	完	{Ｂ}完全な,完璧な,申し分のない,>>senmanka,>>plena,>>kompleta
poem	诗	{Ｂ}詩（作品）,（特に）長編詩,>>poeziaj^o
poet	诗	{Ｂ}詩人
poezi	诗	詩の;詩的な,詩情豊かな,><proza
rab	抢	{Ｂ}［他］奪う,奪い取る,強奪する,（強制的に）取り上げる
reciprok	互	{Ｂ}相互の,お互いの;互恵的な
rev	幻	空想的な,夢のような
iluzi	幻	錯覚の;見せかけの
fantazi	幻	幻想的な,とりとめのない,気まぐれな;奔放な,空想的な
revu	刊	［他］評論する;【軍】閲兵する
hal	厅	{Ｂ}ホール,大広間;市場,（屋根と柱だけの）市場の建物
salon	厅	{Ｂ}サロン,広間,客間;名士の集い,社交界;（定期的な）美術展
sistem	系	体系的な,系統的な;計画的な,一貫した
sovaĝ	野	(基本形gloss無)
ŝut	撒	(基本形gloss無)
teatr	剧	劇場の;劇の,演劇の;《転》芝居がかった
dram	剧	演劇の;《転》劇的な
komedi	剧	喜劇の,喜劇的な;《転》見せかけの,茶番の
skeĉ	剧	(基本形gloss無)
temperatur	温	温度の;体温の
tip	型	典型的な,代表的な;特有の,いかにも〜らしい;類型的な,型にはまった
ton	调	{Ｂ}【楽】（一定の音高の）楽音,音;【楽】主音,=toniko;【楽】全音;【声】声調;口調,語調;色調,色合い,トーン;
agord	调	{Ｏ}［他］【楽】調律する,音を合わせる;【通】同調させる;【情】設定する,セットアップする;《転》（人を〜な）気分にさせる
melodi	调	旋律の,旋律的な;豊かな旋律の,調べの美しい,耳に心地よい
klimatiz	调	(基本形gloss無)
tord	拧	撚った,曲がりくねった,=tordita
tren	拖	{Ｂ}［他］引きずる,引きずって行く;牽引する,引っぱる;《転》（つらいことに）耐えて過ごす;【情】（マウスで）ドラッグする
traktor	拖	{Ｂ}【車】トラクター
var	货	{Ｂ}【経】商品,売り物,>>komercaj^o,>>artiklo
azen	驴	ロバの;愚かな
korb	篮	{Ｂ}かご,ざる
abi	杉	{Ｂ}【植】モミ（樅）（属）
acid	酸	{Ｂ}酸っぱい,酸味の;《転》辛辣（しんらつ）な,手厳しい;【化】酸の,酸性の
agl	雕	ワシの;鷲のような
skulpt	雕	{Ｂ}［他］彫刻する,彫る
bot	靴	【PIV】Alta leda piedvesto, kiu atingas g^is genuo au^ pli alte:
kapital	资	{Ｂ}【経】資本;資本金,資金;《転》資本,元手
burĝ	资	(基本形gloss無)
domaĝ	惜	(基本形gloss無)
fojn	干草	［自］刈り草を乾かす
fotograf	照	(基本形gloss無)
glu	胶	糊（のり）の
gum	胶	［他］ゴムを塗る;ゴムを加える
kaŭĉuk	胶	(基本形gloss無)
kling	刃	{Ｂ}刃（は）,刀身,>>tranc^rando
mason	砌	{Ｂ}［他］（石・レンガで）築く
pip	烟斗	{Ｂ}（喫煙用）パイプ,きせる（煙管）
solid	固	固体の;固い,頑丈な;確固とした,確実な;堅実な,しっかりした
absolut	绝	{Ｂ}絶対の,無条件の,完全な,全くの,>>senkondic^a,>>perfekta
aktor	演	［自］演技する
blok	块	［他］（物を置いて）ふさぐ,さえぎる;【軍】=blokadi
dec	宜	礼儀にかなった,きちんとした,行儀のよい;ふさわしい,適切な
dosier	档	一件書類;（犯罪者の）前科簿;【情】ファイル
dokument	档	文書の,記録の
element	素	初歩的な,基本的な,>>baza,>>fundamenta;元素の,要素の
vegetar	素	{Ｂ}菜食の
fraz	句	［自］美辞麗句を並べる
vers	句	［自］詩を作る
propozici	句	{Ｂ}【Ｇ】節;【論】命題
fuŝ	拙	(基本形gloss無)
klasik	典	{Ｂ}古典の;古典的な,伝統的な,正統派の;【芸】古典主義の,古典派の
enciklopedi	典	百科事典的な,博学の
klopod	尽	骨の折れる
konversaci	谈	会話の
korekt	改	訂正の;=>g^usta（正しい）
modif	改	{Ｂ}［他］修正する,一部変更する
menci	提	{Ｂ}［他］言及する,ちょっと触れる,名を挙げる
ministr	臣	大臣の
preleg	讲	{Ｂ}［自］講演する
lekci	讲	［自］講義をする
procent	率	{Ｂ}パーセント,=elcento;利率,利回り;利息,利子,=interezo
prononc	音	{Ｂ}［他］発音する,>>elparoli
fonetik	音	音声学的;音声の
plekt	编	{Ｂ}［他］（細長いものを）編む,組む,撚る;編んで作る
redakt	编	{Ｂ}［他］（記事・文書を）書く,まとめる;（新聞・雑誌を）編集する
kompil	编	{Ｏ}［他］編纂（へんさん）する,集成する,編集する
redaktor	编	{Ｏ}編集者,=redaktisto
roman	小说	小説の
situaci	况	［自］《古》=situi（位置する）
cirkonstanc	况	{Ｂ}周囲の事情,状況
televid	视	テレビの,テレビ放送の
trafik	交	［自］往来する;輸送を行う,>>transporti
diplomat	交	外交官の;外交的な,駆け引きのうまい
avar	吝	{Ｂ}欲の深い,けちな
bala	扫	{Ｂ}［他］掃く;【理】走査する
barb	胡	（あごやほおに）ひげの生えた
bek	嘴	［他］（くちばしで）つつく;［自］さえずる
bros	刷	［他］ブラシをかける
forn	炉	{Ｂ}炉,かまど;暖炉,ストーブ;こんろ
kamen	炉	{Ｂ}暖炉
stov	炉	ストーブ,=hejtoforno
krem	酪	クリーム入りの;クリーム状の
fromaĝ	酪	(基本形gloss無)
frunt	额	{Ｂ}額（ひたい）,前頭部
karb	炭	{Ｂ}炭,石炭,木炭
kel	窖	{Ｂ}地下室,穴倉,地下貯蔵庫;《転》（地下に貯蔵された）ワイン（全体）
komb	梳	{Ｂ}［他］（くしで）すく,くしけずる
kravat	领带	{Ｂ}【服】ネクタイ
kuv	桶	{Ｂ}桶（おけ）,たらい
barel	桶	{Ｂ}樽（たる）
sitel	桶	{Ｂ}バケツ,手桶;バケツ一杯（の分量）
muŝ	蝇	(基本形gloss無)
nadl	针	{Ｂ}【機】（レコード・注射器・手術用などの）針,（計器の）指針,磁針,（小銃の）撃針;エギーユ（鋭くとがった岩峰）,>>k
pingl	针	{Ｂ}ピン,留め針;【植】針葉
plat	扁	{Ｂ}平たい,薄い,厚みのない;平らな,平坦な,起伏のない;《転》平板な
polv	尘	ちりでできた;ほこりだらけの
pot	壶	{Ｂ}つぼ,はち,ポット,なべ,>>terpoto
kruĉ	壶	(基本形gloss無)
rand	边	縁（ふち）の,へりの;周辺の,境の
kom	逗	{Ｂ}コンマ,読点;【数】小数点;【情】コンマ（，）
ŝerc	逗	(基本形gloss無)
serpent	蛇	蛇の,蛇のような;蛇行した
skrap	刮	{Ｂ}［他］削り取る,かき落とす,こそげる;きいきい鳴らす
ŝnur	绳	(基本形gloss無)
sort	命	{Ｂ}運,運命,天運,巡り合わせ
fatal	命	宿命の,宿命的な,不可避の;悲運の,致命的な,破滅的な
ŝovel	铲	(基本形gloss無)
spegul	镜	［他］うつす,反映する
lupe	镜	ルーペ,虫めがね
teleskop	镜	(基本形gloss無)
spic	香	香辛料の;《転》ぴりっとした
parfum	香	［他］香水をつける,香りをつける
surd	聋	{Ｂ}耳の聞こえない,耳の不自由な,聾（ろう）の;《転》耳を貸さない,聞こうとしない;《転》聞き取りにくい,かすかな
tualet	妆	［自］身づくろいする;化粧する
tus	咳	{Ｂ}［自］せきをする,>>terni;せき払いをする
ung	爪	［他］つめを立てる,ひっかく,>>ungograti,>>ungovundi
vost	尾	尾の;《転》後尾の
abund	丰	{Ｂ}有り余るほどの,豊富な,>>ric^a
alumet	柴	{Ｂ}マッチ
aventur	冒	冒険の,冒険的な
ber	浆果	{Ｂ}（イチゴ・ブドウなど汁気の多い）実;【植】液果
bien	庄	{Ｂ}領地,地所
solen	庄	{Ｂ}荘厳な,盛大な;厳粛な,おごそかな,重々しい;（宗教的）形式にのっとった,正式の
brik	砖	{Ｂ}れんが;れんが形のもの
dekliv	坡	傾斜した
dezert	漠	砂漠の;荒れはてた;人けのない,無人の
distanc	距	離れた,隔たった
diven	猜	{Ｂ}［他］見抜く,言い当てる,推察する,>>konjekti,>>supozi;予知する,占う
konjekt	猜	推測の,憶測に基づく
dron	溺	{Ｂ}［自］溺れる;【海】沈没する;《転》没する,沈む
ekscit	激	刺激性の,興奮性の,どきどきするような
stimul	激	{Ｏ}［他］激励する,励ます;刺激する,>>instigi,>>vigligi,>>sproni
enu	厌	退屈している;=enuiga
abomen	厌	嫌悪を催す,=abomeninda（嫌な）
fajf	笛	{Ｂ}［自］（高く鋭い音を出すこと）口笛を吹く,指笛を吹く;警笛を鳴らす,汽笛を鳴らす;（鳥が）ぴいぴい鳴く
farun	粉	{Ｂ}【料】（穀物の）粉,小麦粉
pulvor	粉	粉状の,粉末の,微粒の
pudr	粉	［他］おしろいを塗る
fask	束	{Ｂ}束（たば）;【理】束（そく）,ビーム
garb	束	{Ｂ}（刈り取った麦などの）束
buked	束	{Ｂ}花束,一束
flos	筏	［自］浮いている
forĝ	锻	(基本形gloss無)
frand	品	美味の,おいしいそうな
frenez	疯	{Ｂ}気の狂った;気違いじみた,無分別な;我を忘れた
frost	霜	厳寒の,凍りつくような
frot	擦	{Ｂ}［他］摩擦する,こする
ĝem	呻	(基本形gloss無)
gorĝ	喉	(基本形gloss無)
graci	雅	{Ｂ}優雅な,優美な,上品な
elegant	雅	{Ｂ}上品な,趣味のよい,優美な
ramp	爬	這う;【植】匍匐性の;《転》卑屈な
grimp	爬	{Ｂ}［自］（sur）よじ登る;（山に）登る;（つる草が）はい上がる
hak	砍	{Ｂ}［他］（斧で）切る,たたき切る;（話などを）切れ切れにする;傷める
hirund	燕	{Ｂ}【鳥】ツバメ（属）;=domhirundo
instinkt	本	本能の,本能的な;直観的な
kadr	框	［他］縁取る,（額縁のように）囲む;枠にはめる,>>enkadrigi
karot	胡萝卜	{Ｂ}【植】ニンジン（人参）
pat	锅	［自］【遊】（チェスで）ステールメイトである,手詰まりである
kaldron	锅	{Ｂ}かま,大なべ;【地理】カルデラ,釜状陥没
kaserol	锅	{Ｂ}【料】キャセロール,シチュー鍋,ソースパン（柄付きの深い平底鍋）
katar	炎	【医】カタル性の
kelner	侍	{Ｂ}給仕,ウエーター,ボーイ
deleg	委	{Ｂ}［他］（代表として）送り出す,（代表に）任命する;（職権を）委任する
komisi	委	{Ｂ}［他］委託する,委任する
mandat	委	{Ｂ}委任;委任状;（委任された）職務,議席,任期;【商】為替
komitat	委	委員会の
komision	委	{Ｂ}（調査・審議する）委員会
vat	棉	［他］綿を入れる
koton	棉	木綿の,綿製の
hok	钩	かぎ状の;かぎの付いた
kroĉ	钩	(基本形gloss無)
kurb	曲	{Ｏ}曲がった,湾曲した;曲線の
kanzon	曲	{Ｂ}【楽】シャンソン,歌謡曲;【文】カンツォーネ（イタリア風叙情詩の一形式）
lam	跛	{Ｂ}足（脚）の不自由な,びっこの;《転》釣り合いの取れていない
larm	泪	涙の,涙にぬれた
led	革	革の,革製の
revoluci	革	革命の,革命的な
leon	狮	ライオンの
lepor	兔	ウサギの;《転》臆病な
kunikl	兔	{Ｂ}【動】カイウサギ,イエウサギ（家兎）,>>leporo
majstr	师	巨匠の,親方の;大家にふさわしい,傑出した,巧みな
makul	污	しみのついた;斑点のある
manik	袖	{Ｂ}【服】そで（袖）,たもと;風見用吹流し
martel	锤	［他］金鎚でたたく,ハンマーで打つ;《転》（一語一語を）区切って強く発音する;《転》（頭に）たたき込む
material	材	材料の;物質的な,実質的な;功利的な
statur	材	{Ｂ}身長,背丈
kusen	垫	{Ｂ}クッション,座布団
matrac	垫	{Ｂ}マットレス（寝床用の厚い敷物）
menton	下巴	下あごの
mord	咬	かみつくような,辛らつな;【化】腐食性の
najl	钉	［他］釘を打つ,釘付けにする
kejl	钉	［他］木釘を打つ,くさびで止める
ofert	供	{Ｂ}［他］【経】供給する;【商】提供する,見積もる
liver	供	{Ｂ}［他］配達する,届ける,引き渡す,納品する;供給する
proviz	供	予備の
parti	党	党の;=partieca（党派的な）
pasport	护照	旅券の
paŝt	牧	(基本形gloss無)
pastr	牧	司牧（しぼく）の,司祭の,牧師の
persekut	迫	{Ｂ}［他］追いまわす,追跡する;迫害する,虐待する;【法】起訴する,訴追する
pin	松	{Ｂ}【植】マツ（松）（属）
piz	豌	{Ｂ}【植】エンドウ（豌豆）（属）;《般》えんどう豆
plad	皿	{Ｂ}大皿,皿,>>telero;（皿に盛った）料理
pugn	拳	［他］こぶしでなぐる
put	井	井戸の
raz	剃	{Ｂ}［他］〜の毛をそる
barbir	剃	［他］理髪する
renvers	翻	あおむけに,ひっくり返って,逆に
rok	岩	岩の,岩石からなる;岩に覆われた
salajr	薪	［他］給料を払う
ŝirm	庇	(基本形gloss無)
stal	马棚	{Ｂ}厩舎,畜舎,家畜小屋;馬小屋,うまや
stern	铺	{Ｂ}［他］敷く,敷き広げる;横たえる,なぎ倒す;《転》広げる,繰り広げる
tapiŝ	毯	(基本形gloss無)
teks	织	織物の
trik	织	{Ｂ}［他］（編物を）編む,>>kroc^eti
trikot	织	{Ｂ}【服】編地,ニット,=trikos^tofo
tent	诱	誘うような,そそのかす,気をそそる
tritik	麦	小麦の,小麦でできた
horde	麦	{Ｂ}【植】オオムギ（属）
tub	管	管の,管状の
administr	管	管理の,経営の,運営の;行政の
viol	紫花	スミレの;=violkolora（すみれ色の）
betul	桦	{Ｂ}【植】カバノキ（属）,シラカバ（白樺）
avenu	道	{Ｂ}並木道,アベニュー;大通り
bulvard	道	{Ｂ}（並木のある幅広い）大通り,ブールバール,>>aleo,>>avenuo
sorĉ	魔	(基本形gloss無)
magi	魔	魔術の,魔法の;《転》不思議な,魅惑する,>>sorc^a
diabl	魔	悪魔の;悪魔のような,悪辣（あくらつ）な,ひどい
satan	魔	悪魔の,悪魔のような
drap	呢	{Ｂ}【織】ラシャ,>>lanaj^o,>>s^tofo,>>tuko
fulg	烟灰	［自］すすける
funt	磅	{Ｂ}【単】ポンド（約0.5kg）
gest	姿	身ぶりで
glor	荣	栄光ある,輝かしい
prosper	荣	栄えている,隆盛な
hajl	雹	［自］（無主語）あられが降る,ひょうが降る
ĥemi	化	(基本形gloss無)
huf	蹄	{Ｂ}【動】ひづめ（蹄）
mask	罩	［他］仮面でおおう,面をかぶせる;《転》おおい隠す,いつわり隠す
kitel	罩	{Ｂ}【服】スモック,オーバーオール（ゆったりした上っ張り・仕事着）
komplez	惠	親切な,好意的な,人を喜ばせる
kork	塞	コルク製の
kukol	鹃	{Ｂ}【鳥】カッコウ（属）
mekanik	械	力学の;機械による
meĥanik	械	(基本形gloss無)
mekanism	械	(基本形gloss無)
melk	挤	{Ｂ}［他］乳を搾（しぼ）る;（金などを）搾り取る
milimetr	毫	(基本形gloss無)
ŝarg	装	(基本形gloss無)
munt	装	{Ｂ}［他］【機】組み立てる;（宝石を）はめ込む;【映】編集する;【情】（プログラムを）ロードする
bind	装	{Ｂ}［他］製本する
kostum	装	［他］衣装を着せる
instal	装	{Ｂ}［他］（物を）据え付ける,備え付ける;（場所を）設備を整える;（人を）就任させる,任命する;【情】インストールする
garn	装	{Ｂ}［他］補強する,取り付ける,飾り付ける
oliv	橄榄	{Ｂ}【果】オリーブ
operaci	操	［他］【医】手術する;【商】操作する;【数】【情】演算する
manovr	操	{Ｂ}［自］【軍】機動演習する;（列車・船・軍隊などが）位置を変える,方向転換する;《転》術策を弄（ろう）する,策動する
manipul	操	{Ｂ}［他］操作する,操縦する,扱う;《転》あやつる
gimnastik	操	体操の,体育の
orf	孤	孤児の,親のない;《転》見捨てられた
ort	直角	【数】直角の
paŭz	歇	(基本形gloss無)
pioĉ	镐	(基本形gloss無)
rekompenc	酬	お返しに,褒美として
ribel	叛	反乱の,謀反の,反逆の,反抗の
perfid	叛	裏切りの;不実な,腹黒い
strik	罢	{Ｂ}［自］ストライキをする
stump	桩	{Ｂ}切株,切残り;切れ端;（入場券などの）半券
palis	桩	{Ｂ}杭（くい）,棒杭（ぼうぐい）,支柱
uragan	暴风	暴風の;《転》嵐のような,激しい
tempest	暴风	{Ｂ}暴風雨;【気】暴風（風力階級11）,>>s^tormo,>>uragano
tribunal	法院	{Ｂ}【法】裁判所;《転》法廷,裁きの場,>>jug^ejo
vit	葡	{Ｂ}【植】ブドウ（葡萄）（属）,=vinberarbo
abel	蜂	蜜蜂の,蜜蜂のような
vesp	蜂	{Ｂ}【虫】スズメバチ（雀蜂）（科の総称）;《般》（大型の）ハチ（蜂）,>>abelo
admon	劝	{Ｂ}［他］言い聞かせる,勧告する,強く勧める;戒める,訓戒する,説諭する,叱責する
pled	辩	{Ｏ}［自］（裁判で）弁護する,弁明する,弁論する;《転》弁護する
advokat	辩	［他］弁護する;《転》代弁する,擁護する
elokvent	辩	{Ｏ}雄弁な,説得力のある;表情の豊かな
afiŝ	贴	(基本形gloss無)
afrank	贴	{Ｂ}［他］切手を貼る,郵便料金を払う
akcel	促	{Ｂ}［他］加速する,促進する,>>plirapidigi
alkohol	醇	アルコールの
almoz	施	=almozpeti
anas	鸭	{Ｂ}【鳥】アヒル（家鴨）
anĝel	天使	(基本形gloss無)
apartament	寓	{Ｂ}アパートメント,フラット（集合住宅内の一区画）
medikament	药	［他］薬を飲ませる,投薬する
apotek	药	薬局の;【薬】薬局方の,=oficina
arane	蛛	{Ｂ}【動】クモ（蜘蛛）
ark	弧	{Ｂ}弓形;弓,=pafarko;【数】弧;【建】アーチ;【理】電弧,=lumarko;【解】弓
asekur	保	{Ｂ}［他］保険をかける
patron	保	［他］後援する,保護する;守護する
garanti	保	保証の,担保の
viz	证	［他］（旅券に）査証する
pruv	证	その証拠に
atest	证	{Ｂ}［他］証言する,証明する
diplom	证	［他］免許状を与える
kvitanc	证	［他］【商】領収書を出す;受領書を出す
avid	贪	{Ｂ}渇望している;むさぼるような
bak	烤	{Ｂ}［他］（パン，肉などを）焼く,（煉瓦，陶器などを）焼き固める
rost	烤	{Ｂ}［他］【料】焼く,あぶる,ローストする,煎る;《転》強い熱にさらす
sku	摇	{Ｂ}［他］揺さぶる,揺り動かす;（頭などを）振る;《転》衝撃を与える,動揺させる
lul	摇	ゆりかごのように揺れる
balanc	摇	{Ｂ}［他］上下に揺らす
ŝancel	摇	(基本形gloss無)
barakt	挣	{Ｂ}［自］もがく,じたばたする;《転》苦闘する
beb	婴	赤ん坊の
ben	祝	{Ｂ}［他］祝福する
tost	祝	［自］乾杯する,祝杯をあげる
benzin	汽油	{Ｂ}ガソリン;【化】ベンジン
boj	吠	{Ｂ}［自］（犬が）ほえる;《転》（人が）わめく,がみがみ言う
bor	钻	{Ｂ}［他］穴をあける,せん孔する
diamant	钻	ダイヤモンドの;ダイヤのようにきらめく
brems	刹	［他］ブレーキをかける;《転》歯止めをかける,抑制する
brov	眉	{Ｂ}眉（まゆ）
bub	顽	{Ｂ}いたずらっ子;【遊】（トランプの）ジャック,=fanto
obstin	顽	{Ｂ}頑固な,強情な;不屈の,粘り強い,>>persista
bud	棚	{Ｂ}仮小屋,スタンド,ブース,売店
laŭb	棚	(基本形gloss無)
irit	恼	［他］いらだたせる;【医】刺激する
ĉagren	恼	(基本形gloss無)
cement	水泥	［他］セメントで固める;《転》強固にする
ĉen	链	(基本形gloss無)
katen	链	［他］鎖につなぐ,かせをかける;《転》束縛する,拘束する
ĉeriz	樱	(基本形gloss無)
ĉerp	舀	(基本形gloss無)
cit	引	{Ｂ}［他］引用する;（名前や例を）挙げる,引き合いに出す
deficit	亏	{Ｂ}【商】欠損,赤字
degel	融	{Ｂ}［自］（雪、氷、霜が）とける
disput	争	{Ｂ}［自］口論する,言い争う,>>kvereli,>>konflikti
distribu	配	配布の,割当ての
dung	雇	{Ｂ}［他］雇う,採用する
duŝ	淋	(基本形gloss無)
rav	醉	うっとりするほどの,心を奪う,みごとな
ebri	醉	{Ｂ}酔った;《転》陶酔した
eksplod	爆	{Ｂ}［自］爆発する,破裂する;《転》激高する;《転》勃発（ぼっぱつ）する
elefant	象	{Ｂ}【動】ゾウ（象）
hero	杰	英雄的な
eminent	杰	{Ｂ}傑出した,抜きんでた,優れた,卓越した;高位の,高名な,著名な
enigm	谜	謎の,謎めいた,不可解な
mister	谜	神秘的な,不可解な,なぞの
envi	羡	ねたみの,羨望の
fanfaron	夸	{Ｂ}［自］空威張りする,大言壮語する,ほらを吹く,>>bombasti
febr	烧	高熱の,熱病の;熱狂した,熱中した
festen	宴	{Ｂ}［自］ごちそうを食べる;宴会に参加する;祝宴を催す
financ	财	財政上の,財務の;金融上の
fizik	物理	物理学の,物理的な;物質的な;肉体的な
flar	嗅	{Ｂ}［他］（においを）感じる;嗅ぐ;嗅ぎ分ける
flirt	飘	{Ｂ}［自］（旗などが）翻る;（蝶などが）ひらひら飛び回る;（異性と）たわむれる
mast	柱	{Ｂ}【海】マスト,帆柱;（一般に）支柱,柱
fost	柱	{Ｂ}【建】柱;くい,標柱,電柱,>>stango,>>paliso
kolon	柱	{Ｂ}【建】円柱,柱;記念柱;《転》柱状のもの;《転》大黒柱（人）;【印】=kolumno（欄）;【軍】縦隊
frakas	碎	{Ｂ}［他］音をたてて打ち砕く,ガラガラと壊す;《転》撃破する,打ちのめす
frit	炸	{Ｂ}［他］【料】（油で）揚げる;いためる
dinamit	炸	［他］ダイナマイトで爆破する
funebr	丧	哀悼の,悲嘆にくれた;喪の,葬式の
gant	手套	［他］手袋をはめる
glad	烫	{Ｂ}［他］アイロンをかける
glut	吞	{Ｂ}［他］飲み込む,飲み下す;《転》飲み込む,むさぼる
golf	湾	{Ｂ}【地理】湾
hered	继	相続の,世襲の;遺伝の
humid	湿	{Ｂ}湿った,湿気のある,じめじめした,=malseketa
imperi	帝	帝国の
impost	税	［他］課税する
indiferent	冷	{Ｂ}どうでもいい,重要でない;無関心な,平然とした
teknik	技	技術の,技術的な;専門的な
inĝenier	技	(基本形gloss無)
teknologi	技	工業技術,工学,テクノロジー
teĥnik	技	(基本形gloss無)
instig	唆	{Ｂ}［他］励ます,勧める;駆りたてる,そそのかす
ofend	侮	侮辱的な,感情を害する,無礼な
insult	侮	侮辱的な,ののしりの
inteligent	聪	{Ｂ}聡明な,頭のよい,利口な
ĵaluz	妒	(基本形gloss無)
ĵur	誓	(基本形gloss無)
juvel	宝	{Ｂ}（宝石貴金属の）装身具,アクセサリー,宝飾品;《転》貴重品,至宝
trezor	宝	{Ｂ}宝,宝物,秘宝;富,財宝;《転》貴重な物,大事な人
moŝt	阁	(基本形gloss無)
kabinet	阁	内閣の;書斎の,机上（空論）の
kalendar	历	暦の上の
fason	款	［他］（服を）仕立てる,裁断する,デザインする
regal	款	{Ｂ}［他］ごちそうする,もてなす,歓待する;《転》（皮肉で）もてなす,くらわす
respublik	共和	{Ｂ}【政】共和国;共和制
rezign	弃	{Ｂ}［他］断念する,あきらめる,放棄する;辞職する,退任する
rip	肋	{Ｂ}【解】肋骨（ろっこつ）,あばら骨;【植】葉脈,=nervuro;【織】うね;【機】リブ,補強材;【海】肋材
risk	险	危険な,一か八かの
rob	袍	{Ｂ}【服】ローブ,式服,法服,ガウン;（女性用の）ドレス,ワンピース
surtut	袍	{Ｂ}【服】オーバー,外套（がいとう）,コート,>>palto,>>kaftano
ronk	哼	{Ｂ}［自］いびきをかく;ごうごううなる,>>grunti
sagac	敏	{Ｂ}明敏な,賢明な,巧妙な,抜け目のない
saŭc	酱	(基本形gloss無)
seg	锯	{Ｂ}［他］のこぎりで引く
ŝel	壳	(基本形gloss無)
krust	壳	{Ｂ}（パン菓子などの）硬い皮,外皮;（一般に）物の硬い表面,殻;（傷の）かさぶた
simi	猿	［他］猿まねする
sklav	奴	奴隷の,奴隷的な;卑屈な,言いなりの
ŝmir	涂	(基本形gloss無)
ŝofor	驾	(基本形gloss無)
sojl	槛	【理】臨界の
sopir	慕	あこがれの,憧憬に満ちた
ŝraŭb	螺	(基本形gloss無)
ŝtal	钢	(基本形gloss無)
stang	杆	{Ｂ}棒,さお,柱,>>bastono,>>vergo,>>fosto
stri	条	線状の,筋状の
struktur	构	構造の,構造上の
sufok	窒	窒息するような,息苦しい,息詰まる
fac	面	{Ｂ}【数】【理】面（めん）
surfac	面	表面の
sven	昏	気を失って
krepusk	昏	たそがれの,薄明の,薄暗い,;《転》衰退の
sving	挥	{Ｂ}［他］振る,振り動かす,ぶらぶらさせる,振り回す,振り上げる;《転》勢いづける
tajl	裁	{Ｂ}［他］（形を整えて）切る,削る,カットする,切り抜く;【服】裁断する
tajlor	裁	［他］【服】仕立てる
ted	烦	うんざりするような,くどい,つまらない,退屈な
teg	覆	{Ｂ}［他］（布・皮などで）上張りする,覆いをする
tend	帐	{Ｂ}テント,天幕
tremp	浸	{Ｂ}［他］（液体に）ひたす,つける,ぬらす
trotuar	径	{Ｂ}歩道,><veturejo
turment	虐	苦しめる,悩ます
urs	熊	クマの,クマのような;《転》不器用な,武骨な
vakcin	疫苗	予防接種の,ワクチンの
vel	帆	帆の
velk	枯	枯れた,しおれた
venen	毒	毒の,有毒な;《転》有害な;《転》悪意のある
virus	毒	{Ｏ}【医】ウイルス,ビールス;【情】（コンピュータ）ウイルス
veŝt	坎	(基本形gloss無)
vidv	寡	配偶者を失った,やもめの
virt	德	徳の高い,有徳の
moral	德	道徳の,道義上の;道徳的な,道義にかなった;心の,精神的な
vual	纱	［他］ベールをかける,覆いをかける;《転》覆い隠す
vulp	狐	キツネの;《転》ずるがしこい
abstrakt	抽	{Ｏ}抽象的な,><konkreta;観念的な;【美】抽象派の
akuzativ	宾	対格の
altern	替	交互の;【電】交流の
alternativ	替	(基本形gloss無)
ambici	志	野心的な
analiz	析	分析的な
antikv	古	{Ｏ}古代の,大昔の
arest	逮	{Ｏ}［他］逮捕する
arogant	傲	(基本形gloss無)
paradiz	天	天国の;楽園の,極楽の
astronomi	天	(基本形gloss無)
aŭdac	敢	(基本形gloss無)
aŭror	晓	(基本形gloss無)
aviad	航	［自］飛行機で飛ぶ
balen	鲸	{Ｏ}【動】クジラ;セミクジラ
banal	庸	{Ｏ}平凡な,ありふれた,>>triviala,>>vulgara
tort	饼	{Ｂ}【料】タルト（果物・クリームなどをのせたパイ）,>>flano,>>pastec^o
biskvit	饼	{Ｏ}【料】ビスケット,クッキー,堅パン;素焼きの陶磁器
bomb	弹	［他］【軍】爆撃する
kugl	弹	{Ｂ}弾丸,たま,小銃弾
elast	弹	{Ｂ}弾力のある,柔軟な;融通のきく,順応性に富む
budh	佛	【仏】仏陀（ぶっだ）,正覚者,>>tatagato
kron	冠	［他］冠をかぶせる;即位させる;《転》頂を飾る,最後を飾る
krest	冠	{Ｂ}【動】（鳥の）とさか;（鳥の）羽冠;《転》（長い）頂部;【理】（波の）山,><kavo
ĉampion	冠	(基本形gloss無)
ceramik	陶	陶磁器の,セラミックスの
dialekt	言	方言の
diskriminaci	歧	{Ｏ}［他］差別する
kalkan	跟	{Ｂ}【解】踵（かかと）
kandel	烛	{Ｂ}ろうそく;【理】カンデラ（光度の単位，cd）
kares	抚	愛撫するような,優しい
kastel	城	{Ｂ}城,城郭;大邸宅,館（やかた）
kemi	化学	{Ｂ}化学
kin	映	{Ｂ}映画,映画制作,>>filmo
kned	揉	{Ｂ}［他］（穀粉・粘土を）こねる,練る;もむ;《転》（性格などを）鍛える
integr	全	全部の,完全な,欠けたところのない;不可分の,不可欠の
komplet	全	{Ｂ}全部の,完備した;完全な
koncert	奏	演奏会の;生演奏の,生録音の,ライブの
konfuz	乱	雑然とした,混乱させる,不明瞭（めいりょう）な
konkur	竞	競争的な
konkurs	竞	［自］競技する,試合する,競い合う
kontrakt	约	{Ｂ}［自・他］（pri）契約する,契約を結ぶ
rendevu	约	［他］落ち合う,デートする;【軍】集合する,集結する
konvenci	约	取決めの;慣例の,慣習的な,因習的な
kord	弦	【楽】弦のある
kot	泥	泥の,ぬかるんだ,泥まみれの;《転》汚い
krad	栅	格子の;格子の付いた
kran	栓	{Ｂ}【機】（水道・ガスなどの）栓,コック,蛇口
kret	白石	白亜質の
kruel	残	{Ｂ}残酷な,むごい;厳しい,悲惨な
kripl	残	{Ｂ}不具の,肢体不自由の;欠陥のある
krut	陡	{Ｂ}切り立った,険しい
abrupt	陡	{Ｂ}唐突な,突然の,不意の;ぶっきらぼうな;（崖などが）険しい
kubut	肘	ひじの
kupr	铜	銅製の;赤銅色の
kurten	帘	［他］カーテンをつける,カーテンで覆う
kverk	橡	{Ｂ}【植】ナラ（楢）,カシ（樫）,オーク;【植】コナラ属
lek	舔	{Ｂ}［他］なめる;《転》へつらう
lift	梯	{Ｂ}エレベーター,昇降機;【海】（帆桁の）つり綱
lup	狼	狼の;《転》残虐な
maĉ	嚼	(基本形gloss無)
marĉ	沼	(基本形gloss無)
migr	迁	移動の,遍歴の;移動性の
min	矿	［他］坑道を掘る;爆薬を仕掛ける,地雷を敷設する
mineral	矿	鉱物の,鉱物質の;無機物の
model	模	模範的な
moskit	蚊	{Ｂ}《般》【虫】蚊（か）,>>kulo
mus	鼠	{Ｂ}【動】ハツカネズミ（二十日鼠）（属）;《般》（比較的小型の）ネズミ,>>rato;【情】マウス
rat	鼠	{Ｂ}【動】クマネズミ（熊鼠）（属）,ドブネズミ（溝鼠）;《般》（比較的大型の）ネズミ,>>muso
muskol	筋	筋肉の;筋肉の多い,筋骨たくましい
naiv	朴	{Ｂ}素朴な,無邪気な;うぶな,世間知らずの,愚直な
naŭz	呕	(基本形gloss無)
nerv	神经	神経の;=nervoza（神経質な）
nobl	贵	{Ｂ}高潔な,気高い,気品のある
observ	观	{Ｂ}［他］観察する,観測する,監視する;（法規などを）守る,遵守する
ideologi	观	(基本形gloss無)
ombrel	伞	{Ｂ}傘（かさ）
paraŝut	伞	(基本形gloss無)
palac	宫	{Ｂ}宮殿,御殿,大邸宅
pent	悔	{Ｂ}［他］後悔する,悔悟する,改悛する
pinĉ	掐	(基本形gloss無)
pir	梨	{Ｂ}【果】ナシ（梨）,洋ナシ
plumb	铅	鉛の;鉛のような,重苦しい
posten	岗	［自］持ち場についている,部署を守る
situ	位	［自］位置する,場所にある
pozici	位	位置の
pretekst	借口	［他］口実にする,かこつける
pretend	称	{Ｂ}［他］（権利として）要求する,主張する,言い張る;自称する,自慢する,公言する
probabl	概	{Ｂ}ありそうな,確からしい,もっともらしい,公算の高い
koncept	概	［他］〜の概念を形成する
resum	概	(基本形gloss無)
program	程	プログラムの;綱領の;【芸】標題的な
proces	程	［自］訴訟を起こす
prokrast	延	{Ｂ}［他］延期する,延ばす,遅らせる
proz	散文	散文の;《転》散文的な,平凡な,面白味のない,>>banala,>>plata
pulm	肺	肺の
pulv	火药	{Ｂ}火薬
pump	泵	{Ｂ}［他］（ポンプで）吸い上げる,くみ上げる;（ポンプで）送り込む,入れる
putr	腐	腐った
ekskluziv	排	{Ｏ}排他的な,独占的な;（〜を）除いた,（〜と）相いれない,><inkluziva
enket	查	［自］アンケートをとる,調査する;取調べる
etap	段	{Ｂ}（軍隊の）宿営地,（周回競技の）休憩地;（一日の）行程,（一回の）走行区間;《転》段階,>>stadio
epizod	段	挿話的な,付随的な
etik	伦	倫理学の;倫理的な
kont	账	{Ｏ}【商】勘定口座,貸借勘定;【情】アカウント
faktur	账	［他］【商】仕切状を作成する;請求する
fantom	幽	幽霊の,まぼろしのような
fekund	肥	繁殖力のある,多産な;《転》実り多い,肥沃（ひよく）な
koks	股	{Ｏ}【解】腰（左または右に張り出した部分）,>>lumbo,>>talio
akci	股	株式の
femur	股	{Ｏ}ふともも;【解】大腿（だいたい）
fiask	败	［自］大失敗する,完全にしくじる
filozofi	哲	哲学的な
filtr	滤	{Ｏ}［他］こす,ろ過する;【写】フィルターにかける
versi	版	{Ｏ}（各人の）見解;【映】（〜語）版;【情】バージョン
format	版	{Ｏ}【印】（本や紙の）判
forum	坛	{Ｏ}フォーラム（公開討論の場）;【史】フォーラム（古代ローマの公共広場）
lice	校	{Ｂ}リセ（フランスの後期中等教育学校）
gimnazi	校	{Ｏ}ギムナジウム（大学進学のための中等学校）,>>liceo
ĉif	皱	(基本形gloss無)
grimac	皱	［自］顔をしかめる
monstr	怪	怪物の,奇怪な,醜悪な,恐るべき
grotesk	怪	{Ｏ}グロテスクな,異様な,奇怪で滑稽（こっけい）な
amator	好	アマチュアの
hobi	好	趣味,=s^atokupo
horizontal	横	{Ｂ}水平の,横の,>>vertikala
humur	谐	ユーモラスな,こっけい味のある
harmoni	谐	調和した;【楽】和声の
impon	威	印象深い,堂々とした,威厳のある
ŝalt	开	(基本形gloss無)
inaŭgur	开	(基本形gloss無)
indeks	索	索引の
indic	征	［他］気配を示す;指数で示す
intens	烈	{Ｏ}強烈な,激しい,強度の;集中的な,集約的な,徹底的な
spit	逆	=spitema（反抗的な）
invers	逆	{Ｏ}逆の,反対の
jakt	艇	【海】ヨット
ŝpruc	喷	(基本形gloss無)
jet	喷	【空】ジェット機,>>reaktoro
tern	喷	{Ｂ}［自］くしゃみをする,>>tusi
alaŭd	雀	(基本形gloss無)
paser	雀	{Ｂ}【鳥】スズメ（雀）（属）
kanari	雀	{Ｏ}【鳥】カナリア（種）
kancer	癌	{Ｏ}【病】がん（癌）,>>tumoro;【植】腫瘍（しゅよう）;【動】イチョウガニ（属）
team	队	チームの,団体の
karavan	队	［自］隊を組んで行く,団体で旅行する
karbon	碳	【地質】石炭紀;石炭系
karcer	牢	{Ｏ}独房;監房,牢（ろう）;留置場;監獄,刑務所;【軍】営倉
karier	涯	{Ｏ}（一生涯のものとしての）職業,道;経歴,生涯
karikatur	讽	漫画のような,戯画化した
katastrof	灾	大災害の,破滅的な,悲惨な
plag	灾	［他］（神が）天罰を下す;《転》荒廃させる
kaŭr	蹲	(基本形gloss無)
klaĉ	谣	(基本形gloss無)
klasifik	类	{Ｏ}［他］分類する,区分する,仕分ける;【鉄】（車両を）入れ替える
kategori	类	範疇の;断言的な,定言的な;絶対的な,無条件の,明確な
klav	键	［他］打鍵する
kod	码	［他］【情】符号化する,エンコードする;（電文を）暗号化する
kolbas	肠	{Ｏ}【料】ソーセージ,>>s^inko;【建】（火薬を詰めた）導火嚢（どうかのう）
intest	肠	腸の
koloni	殖	植民地の,植民の
kondolenc	哀	哀悼の,お悔みの
impuls	冲	衝撃を与える,推進的な
konflikt	冲	［自］軋轢（あつれき）を生じている;紛争がある
kombin	合	{Ｂ}［他］組み合わせる,結合する;組み立てる,案配する;【化】化合させる
konform	合	{Ｏ}一致した,適合した
konk	贝	{Ｏ}【動】貝殻,（カタツムリの）殻;《転》貝殻形のもの;【解】甲介
asist	辅	補佐の
konsonant	辅	子音の,子音的な
konsult	询	{Ｏ}［他］（専門家に）相談する,諮問する;（辞書などを）調べる,参照する
kontinent	陆	大陸の,大陸性の
kontribu	贡	{Ｏ}［自］寄与する,貢献する;［他］寄付する,寄稿する
kooperativ	协	協同組合の
krab	蟹	{Ｏ}【動】カニ（類）（蟹）
kramp	夹	［他］かすがいで止める,クランプで固定する;かっこで囲む
sandviĉ	夹	(基本形gloss無)
ŝveb	翔	(基本形gloss無)
tabu	禁	タブーの,禁止された,触れてはならない
tajd	潮	【海】潮（の干満）,潮汐;潮流;《転》時流
taktik	术	戦術的な,戦術上の
tambur	鼓	［自］ドラムを打つ,太鼓をたたく;［他］太鼓で知らせる
aplaŭd	鼓	(基本形gloss無)
templ	庙	{Ｏ}【史】（古代ギリシア・ローマなどの）神殿;【宗】寺院,聖堂,礼拝堂,教会堂;《転》殿堂
testament	嘱	［他］【法】遺言する,遺贈する;《転》残し伝える
tropik	热带	回帰線の;熱帯の
tulip	郁	{Ｏ}【植】チューリップ（属）
kosm	宇	宇宙の
univers	宇	宇宙の
urin	尿	尿の,小便の
valut	币	通貨の;為替相場の
varb	募	{Ｏ}［他］（会員などを）募集する;【軍】徴募する
veget	茂	植生の;《転》無為の,無気力な
vertikal	竖	【数】【理】鉛直の;（地面に）垂直な,縦の,>>horizontala
veteran	老	老練な,長く経験を積んだ,ベテランの
vokal	元	{Ｏ}【声】母音
absurd	谬	{Ｂ}非常識な,不合理な;ばかげた,ばかばかしい;【哲】不条理な
ador	拜	{Ｂ}［他］【宗】礼拝する,崇拝する,あがめる;《転》敬慕する,あこがれる;《転》大好きである
kult	拜	礼拝の,祭祀（さいし）の
riverenc	拜	{Ｂ}［自］（上体を傾けて・膝を曲げて）お辞儀をする,最敬礼する
adverb	副	{Ｂ}【Ｇ】副詞,>>e-vorto
aflikt	悲	{Ｂ}［他］深く悲しませる,苦しませる,悩ませる
tragedi	悲	悲劇の;悲劇的な,悲惨な
ajl	蒜	にんにくを含む;にんにく臭い,にんにく味の
akt	幕	{Ｂ}【劇】幕;【法】証書
alud	暗	ほのめかしの,暗示的な
anekdot	闻	{Ｂ}逸話,ゴシップ,奇聞;小話
arbitr	擅	{Ｂ}任意の,勝手気ままな
asert	断	{Ｂ}［他］断言する,主張する
bagatel	琐	つまらない,取るに足りない
balbut	结巴	{Ｂ}［自］どもる
bambu	竹	竹製の
banan	蕉	{Ｂ}【果】バナナ
tint	鸣	{Ｂ}［自］（金属やガラスが）チンチンと鳴る,カチャカチャ鳴る
blek	鸣	{Ｂ}［自］（動物が）鳴く,いななく,ほえる;《転》（人が）わめく
buĝet	预算	(基本形gloss無)
ĝerm	芽	(基本形gloss無)
burĝon	芽	(基本形gloss無)
ĉel	胞	(基本形gloss無)
cep	葱	{Ｂ}【料】玉ネギ;【植】タマネギ
cerv	鹿	{Ｂ}【動】シカ（鹿，属）;シカ（科）
cign	天鹅	{Ｂ}【鳥】ハクチョウ（白鳥）;《転》詩聖
cirkuler	函	{Ｂ}回状,回覧状
deĵor	当	(基本形gloss無)
deput	派	{Ｂ}［他］（議員に）選出する,送り出す,>>delegi
digest	消	消化の
dimensi	维	{Ｂ}寸法;【数】次元;【理】（物理量の）次元;《転》規模,広がり
eĥ	回	(基本形gloss無)
ekran	屏	［自］ついたてでさえぎる,ついたてを立てる
ekspluat	采	{Ｂ}［他］開発する,うまく利用する;搾取する;酷使する
ekzakt	精	{Ｂ}正確な,精密な,厳密な,>>senerara,>>strikta
emerit	退	退職した;退職者の
fab	豆	{Ｂ}【植】ソラマメ（空豆）;《般》豆（まめ）
fazeol	豆	{Ｂ}【植】インゲンマメ（隠元豆）（属）
krizantem	菊	{Ｏ}【植】キク（の類）（菊）;《般》菊
kverel	吵	{Ｏ}［自］口論する,口げんかする
lanc	矛	{Ｏ}槍（やり）;銛（もり）;【遊】（将棋の）香車
lanĉ	发	(基本形gloss無)
tali	腰	{Ｂ}（人体・服の）胴,胴体;腰回り,腰（のくびれた部分）,ウエスト,>>kokso,>>lumbo
lumb	腰	腰の
magnet	磁	磁石の;磁気を帯びた,磁気の,磁力の,磁性の;《転》人を引きつける
magnetofon	磁	(基本形gloss無)
mani	狂	{Ｏ}熱狂,偏執,マニア;奇癖;【医】躁状態,躁病
delir	狂	精神錯乱の,うわ言を言う;有頂天になった
furioz	狂	{Ｂ}怒り狂った,激怒した;荒れ狂う
manuskript	稿	{Ｏ}原稿;手書き文書;写本
masaĝ	摩	(基本形gloss無)
matĉ	赛	(基本形gloss無)
medi	境	環境の
mejl	里	{Ｏ}【単】マイル（英=1609m、仏=7422m、独=7500m）;かなりの距離
mev	鸥	{Ｏ}【鳥】カモメ（鴎）（科）
miaŭ	咪	(基本形gloss無)
monopol	垄	独占的な;専売の
motiv	由	［他］（物事が）動機付ける,理由付ける
mustard	芥	［他］【料】マスタードをきかせる
negativ	否	{Ｏ}消極的な;否定的な;【電】陰の;【理】負の,Ｓ極の;【数】負の;>>pasiva,><pozitiva
norm	范	基準の,標準の,規格の;規格に準処した
nuanc	微	［他］色合いをつける,微妙な変化をつける
kern	核	核の;《転》核心的な,肝要な
nukle	核	核の;有核の;【理】原子核の
panic	粟	《Ｎ》【植】キビ（黍）（属）,>>mileo
panik	慌	［他］おびえさせる,動転させる,恐慌を引き起こす
paradoks	悖	逆説の,逆説的な
paralel	并	【数】平行の;並列の,平行する;【電】並列の;【情】パラレルの,>>seria
parentez	括	かっこで囲んで;余談ながら
pasiv	被	{Ｏ}受身の,消極的な;【Ｇ】受動の
pelv	盆	{Ｏ}たらい,洗面器,水盤;【解】骨盤
pension	宿	{Ｏ}下宿屋,寮,寄宿舎
piknik	野餐	［自］野外で食事する
pilol	丸	{Ｏ}【薬】錠剤,丸薬;《般》（避妊用の）ピル
podi	台	演壇の,ステージの
teras	台	段々に,階段状に
peron	台	{Ｂ}【建】（玄関前などの）外階段
sufiks	缀	接尾辞の
prefiks	缀	{Ｏ}【Ｇ】接頭辞,>>sufikso
tradici	统	伝統の,伝統的な;口承の
prezident	统	［自］大統領を務める
provizor	暂	{Ｏ}仮の,臨時の,一時的な,暫定的な
purpur	紫	紫色の,赤紫色の,>>viola,>>skarlata
stab	参	{Ｏ}【軍】参謀部;（団体の）幹部,首脳部,スタッフ（集団）
referenc	参	参照用の,参考のための;基準となる
refut	驳	{Ｏ}［他］論破する,反駁（はんぱく）する,反論する
respektiv	各	{Ｏ}それぞれの,各自の
rub	废	がれきの,がらくたの
ruin	废	廃墟の,荒廃した
kolumn	栏	{Ｂ}【印】（縦の）欄;（新聞の）コラム;（縦の）列;【遊】（チェス盤などの）縦列,=vertikalo;【数】（数の）桁（
rubrik	栏	{Ｏ}（新聞・雑誌の）欄;（書籍の）見出し,標題;【キ】ルブリカ（典礼書中に朱書きされた執行規定）
ŝak	棋	(基本形gloss無)
ŝampu	沐	(基本形gloss無)
ŝark	鲨	(基本形gloss無)
diet	节	【医】食餌療法の
silab	节	［他］【声】音節に分けて発音する;音節に区切る
artik	节	［他］関節でつなぐ;【声】分節する
strof	节	{Ｏ}【文】（詩の）節,連
skandal	丑	スキャンダルの;破廉恥な,けしからぬ,>>hontinda
ŝok	震	(基本形gloss無)
stabil	稳	{Ｏ}安定した,永続する;【理】安定な,>>metastabila,>>nestabila,>>labila
statistik	计	統計の,統計的な;統計学上の
termometr	计	(基本形gloss無)
ŝtorm	暴	(基本形gloss無)
superstiĉ	迷	(基本形gloss無)
mat	席	［自］【遊】（チェス・将棋で）詰む
matematik	数学	数学の,数学的な
melon	瓜	{Ｂ}【果】メロン;【植】メロン（種）
kukum	瓜	{Ｂ}【植】キュウリ（種）;キュウリの果実
kukurb	瓜	{Ｂ}【植】カボチャ（属）
miel	蜜	蜂蜜の,蜂蜜入りの;蜜のように甘い;《転》甘ったるい
minimum	最小	最小の,最少の,最低の
monument	碑	記念碑の;《転》記念碑的な,壮大な,不朽の
musk	苔	苔（こけ）むした,苔の生えた
ignor	忽	{Ｂ}［他］（意図的に）無視する,見ないふりをする,知らないふりをする,>>neglekti
neglekt	忽	{Ｂ}［他］（不注意などから）なおざりにする,おろそかにする,軽視する,怠る,>>malzorgi,>>ignori
obstakl	碍	［自］障害となる
ocean	洋	{Ｂ}【地理】大洋,大海,海洋
ortografi	拼	(基本形gloss無)
palp	摸	手探りで
palpebr	目皮	{Ｂ}まぶた;【解】眼瞼（がんけん）;《転》目
palt	大衣	{Ｂ}【服】オーバー,外套（がいとう）,防寒コート,>>surtuto
pane	瘫	［自］【機】（故障して）停止する;【海】（縮帆して）停船する;【情】クラッシュする
pantofl	拖鞋	{Ｂ}スリッパ,室内ばき,>>babus^o
pap	教皇	教皇の,法王の
papag	鹦	オウム返しに,訳も分からずに,口まねで
papili	蝶	チョウの;《転》移り気な,浮気な
pensi	养老	［他］年金を支給する
pere	亡	{Ｂ}［自］（災害などで）死ぬ;滅びる,消える,滅亡する
perl	珠	真珠の,真珠のような,真珠色の
persik	桃	{Ｂ}【果】モモ（桃）
pian	琴	{Ｂ}【楽】ピアノ
pionir	拓	先駆的な,草分け的な
pipr	椒	［他］こしょうをきかせる
plast	塑	プラスチックの;可塑性のある
plastik	塑	造形の,造形美の,形の美しい
popular	众	{Ｂ}人気のある,ポピュラーな;大衆的な,通俗的な,平易な
portret	肖	［他］肖像を描く
princ	侯	君主の;君主にふさわしい
princip	则	原則的な
profesor	授	{Ｂ}（大学・高等教育機関の）教授（人）
projekt	案	［他］計画する,企画する,立案する
proverb	谚	ことわざの,ことわざ風の;よく知られた,周知の
rafan	萝卜	{Ｂ}【植】ダイコン（大根）（種）;【植】ダイコン（属）
ran	蛙	{Ｂ}【動】トノサマガエル（殿様蛙）（属）;《般》カエル（蛙）（総称）
reĝim	制	(基本形gloss無)
relativ	相	{Ｂ}相対的な,比較的な,ある程度の
ren	肾	腎臓の
revizi	审	{Ｂ}［他］検査する;再検討する,見直す,修正する;【印】校正する,校訂する,校閲する;【法】再審する;【機】保守点検する;
rigid	硬	{Ｂ}硬直した,こわばった;融通のきかない,堅苦しい
rim	韵	［他］押韻する
sag	矢	［自］矢のように飛ぶ
salik	柳	{Ｂ}【植】ヤナギ（柳）（属）
ŝaŭm	沫	(基本形gloss無)
sekur	安	{Ｂ}安全な,安心できる,危険のない,><dang^era;（攻撃や災害に対して）確固とした,安定した
sindikat	盟	組合の
ŝink	火腿	(基本形gloss無)
suĉ	吸	(基本形gloss無)
sorb	吸	{Ｂ}［他］（液状のものを）すする,吸う,飲む,吸い込む;吸い取る,吸収する;《転》（思想などを）吸収する
specimen	样	［他］見本を作る;【統】標本抽出する
spik	穗	{Ｂ}【植】穂（ほ）;【植】穂状花序（すいじょうかじょ）
spur	迹	［他］足跡をたどる;【情】トレースする
stan	锡	スズの,スズ製の
sulk	沟	［他］（ひたいなどに）しわをよせる;さざなみを立てる
tendenc	趋	傾向をおびた,かたよった,偏向的な,>>partieca
teritori	领	領土の,領地の,管区の
testud	龟	（亀のように）のろのろと
tig	茎	{Ｂ}【植】茎（くき）;（ピストンなどの）棒,軸;（グラスの）あし
tigr	虎	{Ｂ}【動】トラ（虎）
juk	痒	{Ｂ}［他］かゆがらせる;《転》むずむずさせる;［自］かゆい
tikl	痒	くすぐったい,むずむずさせる;《転》厄介な,扱いにくい,微妙な
tomat	茄	トマトの
trejn	训	訓練の,練習の;養成の
tuber	隆	こぶの,こぶのある
tumult	闹	大騒動の,騒然とした,騒がしい
tun	吨	{Ｂ}【単】トン（1t=1000kg）
tunel	隧	［他］トンネルをつける
uniform	制服	制服の,そろいの
vag	荡	放浪の,漂泊の
venĝ	仇	(基本形gloss無)
vet	赌	賭をして;競争で
viktim	牺	{Ｂ}【宗】いけにえ,>>oferaj^o;《転》犠牲,犠牲者,被害者
vip	鞭	［他］むち打つ;《転》激しく非難する
virg	贞	{Ｂ}純潔な,童貞の,処女の;《転》人手に触れたことのない,未開発の;《転》無垢の
volumen	积	体積の;かさの高い,かさばる
vom	吐	{Ｂ}［他］吐く,嘔吐（おうと）する
kraĉ	吐	(基本形gloss無)
zink	锌	亜鉛の
zum	嗡	{Ｂ}［自］（虫などが）ブンブンいう,（低い振動音で）うなる;［他］【楽】ハミングする
abrikot	杏	アンズの
abstin	戒	節制した,禁欲している;精進の
agit	搅	{Ｂ}［他］（激しく）揺り動かす,動揺させる,かきたてる;扇動する,あおり立てる;【化】かき回す,撹拌する
akn	痘	{Ｂ}にきび,吹き出物（ふきでもの）
akrid	蝗	{Ｂ}（一般に）バッタ（蝗虫）;【虫】ショウリョウバッタ（属）,>>lokusto,>>saltulo,>>rizakrid
aks	轴	{Ｂ}軸,軸線;【植】軸;【数】軸;【天】自転軸;【理】光軸;【政】枢軸;《転》中軸
ale	林	{Ｂ}並木道;（庭園・公園の）小道,遊歩道
alg	藻	{Ｂ}海藻,も（藻）
alumini	铝	{Ｂ}【化】アルミニウム
ampol	泡	{Ｂ}【薬】アンプル;電球
anser	鹅	{Ｂ}【鳥】ガチョウ（鵞鳥）;《転》まぬけ者
apertur	孔	{Ｂ}開口部,口,穴;出入り口;【理】口径
vejn	脉	［他］木目模様をつける,石目模様をつける
arteri	脉	{Ｂ}【解】動脈;《転》（交通の）動脈
avantaĝ	优	(基本形gloss無)
aven	燕麦	{Ｂ}【植】カラスムギ（烏麦）（属）;【植】エンバク（燕麦）,オートムギ
fung	菌	{Ｂ}【植】キノコ
bakteri	菌	{Ｂ}【生】バクテリア,細菌
bacil	菌	{Ｂ}【生】バチルス,桿菌（かんきん）
bark	舶	{Ｂ}小型船,小型帆船（s^ipoより小さく、boatoより大きい）;【海】バーク船
pendol	摆	振り子の
bask	摆	{Ｂ}【服】（衣服の）すそ,たれ
bet	甜菜	{Ｂ}【植】ビート,テンサイ（甜菜）,サトウダイコン（砂糖大根）
bifstek	牛排	{Ｂ}【料】ビーフステーキ,>>sanga,>>mezrostita,>>trarostita
blasfem	辱	{Ｂ}［自］【宗】不敬なことを言う,冒涜的な言葉を吐く;［他］ののしる
bovl	碗	{Ｂ}【料】深皿,碗（わん）,丼（どんぶり）,ボウル,>>tasego
brid	勒	［他］（馬に）馬勒（ばろく）をつける;《転》手綱を締める,抑制する
brokant	贩	中古で（売買）
brut	畜	家畜の;《転》畜生のような
buĉ	屠	(基本形gloss無)
centimetr	厘	(基本形gloss無)
ĉerk	棺	(基本形gloss無)
cikad	蝉	{Ｂ}【虫】セミ（蝉）
cikatr	疤	{Ｂ}傷跡（きずあと）
cinam	桂	{Ｂ}【料】桂皮,シナモン
cir	膏	［他］靴墨で磨く
daktil	枣	{Ｂ}【果】ナツメヤシ;【文】長短短格,強弱弱格
dand	俏	おしゃれな,めかしこんだ,ダンディーな
rivel	揭	{Ｂ}［他］（秘密などを）あかす,暴露する;【写】現像する
denunc	揭	{Ｂ}［他］告発する;密告する
dorlot	宠	{Ｂ}［他］甘やかす;大事にする
dot	嫁妆	持参金の
dres	驯	{Ｂ}［他］（動物を）調教する,訓練する,仕込む
ekvator	赤	{Ｂ}【地理】赤道
ekzekut	执	{Ｂ}［他］死刑を執行する,処刑する
epidemi	疫	【病】流行性の;流行病の;《転》伝染性の,流行性の
fuĝ	逃	(基本形gloss無)
eskap	逃	{Ｂ}［自］（〜 el）逃げる,脱する;《転》逃避する;［他］のがれる,まぬがれる
vant	虚	{Ｂ}空虚な,むなしい,はかない,つまらない;虚栄の,うぬぼれの強い
fikci	虚	架空の,虚構の;見せかけの,偽りの;【文】フィクションの
flik	补	{Ｂ}［他］つぎを当てる;《転》取り繕う;【情】パッチを当てる
kompens	补	補償の,賠償の
komplement	补	補足的な,補完する;【Ｇ】補語の
suplement	补	補足の,追加の
flustr	悄	ささやき声の,
ĝemel	双胎	(基本形gloss無)
glav	剑	{Ｂ}刀,剣;《転》剣（武力・暴力・権威の象徴）
gram	克	{Ｂ}【単】グラム（g）
gramatik	语法	文法上の
grandioz	宏	{Ｂ}雄大な,堂々たる,荘厳な
grat	抓	{Ｂ}［他］ひっかく,かき削る;かく,>>skrapi
graved	孕	{Ｂ}妊娠した;《転》はらんだ
gru	鹤	{Ｂ}【鳥】ツル
grumbl	怨	{Ｂ}［自］ぼやく,ぶつぶつ不平を言う,愚痴をこぼす
helikopter	直升机	{Ｂ}【空】ヘリコプター,>>au^togiro
hepat	肝	肝臓の
gvardi	卫	{Ｂ}【軍】親衛隊,近衛連隊
higien	卫	衛生上の;衛生的な,健康によい
himn	颂	{Ｂ}【宗】賛美歌;賛歌
human	仁	{Ｂ}人間的な,人情味のある,人道的な
implik	缠	込み入った,複雑な
imun	免	{Ｂ}【医】免疫の;【法】免除の;【機】耐性のある
incit	惹	{Ｂ}［他］（刺激して）怒らせる,いらだたせる;極度に興奮させる
indign	愤	憤慨した
individu	个	個人の,個人的な;個々の,個別的な
indulg	饶	寛大な
infekt	染	感染の,感染性の
tinktur	染	［他］染める,染色する
infer	狱	地獄の,地獄のような,すさまじい
insign	徽	{Ｂ}記章,バッジ;（〜oj）（都市・家などの）紋章
inspir	启	{Ｂ}［他］（思想・感情を）吹き込む,鼓吹する,抱かせる;霊感を与える
inund	淹	{Ｂ}［他］氾濫する,水浸しにする;《転》あふれる
izol	隔	=izolita（孤立した）
jubile	庆典	記念祭の
kaban	庐	{Ｂ}小屋,掘立て小屋,あばら屋
kaĉ	粥	(基本形gloss無)
kaduk	朽	{Ｂ}老朽の,荒廃した;老衰した,老いぼれた;消えていく,はかない;【法】（期限切れで）無効の,失効した
kaĝ	笼	(基本形gloss無)
kalumni	谤	{Ｂ}［他］中傷する,誹謗（ひぼう）する,名誉を毀損（きそん）する
kanal	渠	{Ｂ}運河,堀,水路;【海】水道;【通】チャンネル;【解】管;《転》伝達手段,経路
kandidat	候	［自］立候補する（運動する）,志願する
kaŝtan	栗	(基本形gloss無)
kirurg	外科	{Ｂ}外科医
kirurgi	外科	{Ｂ}【医】外科学,外科
klimat	气候	{Ｂ}気候;風土
flat	媚	お世辞の,さわりのよい
koket	媚	{Ｂ}こびるような,なまめかしい,色っぽい
kolizi	撞	{Ｂ}［自］衝突する,ぶつかる
kolomb	鸽	{Ｂ}【鳥】ハト（鳩）（ハト科の鳥の総称）
konstituci	宪	憲法の;立憲的な
konsum	耗	{Ｂ}［他］（少しずつ）消費する,消耗する;食べ尽くす,（炎が）焼き尽くす;やつれさせる
koridor	廊	{Ｂ}廊下,通廊,回廊;【政】回廊地帯;【車】（道路の）車線
korv	鸦	{Ｂ}【鳥】カラス（属）（鴉、烏）,>>korako,>>korniko,>>monedo
kornik	鸦	{Ｂ}【鳥】ハシボソガラス
krani	颅	頭蓋の
kredit	贷	(基本形gloss無)
kristal	晶	結晶の,結晶した;水晶のような,透きとおった;水晶でできた,クリスタルガラス製の
krokodil	鳄	［自］【Ｅ】（Esp.で話すべき場面で）自国語で話す
kupon	券	{Ｂ}クーポン（券）,切符の半券;【経】利札（りさつ）
lili	百合	{Ｂ}【植】ユリ（属）（百合）
lot	签	くじで,くじ引きで,抽選で
lukt	搏	{Ｂ}［自］格闘する;【運】レスリングをする;《転》闘う
maiz	玉米	{Ｂ}【植】トウモロコシ（種）;トウモロコシの実
malic	恶	{Ｂ}悪意の,意地悪な,邪悪な,腹黒い
palat	口顶	口蓋の
palm	棕	{Ｂ}【植】ヤシ（椰子）,シュロ（棕櫚）（ヤシ科の植物の総称）
fajenc	陶土	{Ｂ}陶土;=fajencaj^o
falĉ	收割	(基本形gloss無)
fasad	正面	{Ｂ}【建】（建物の）正面,ファサード;【情】ユーザーインターフェース,>>interfaco
fast	斋	{Ｂ}［他］【宗】断食する;絶食する
fe	妖精	妖精の;《転》夢のように美しい
feĉ	渣	(基本形gloss無)
felt	毡	［他］フェルト状にする
fig	无花果	{Ｂ}【果】イチジク
fluid	流体	流体の;流動性のある
fontan	喷泉	{Ｂ}噴水;噴水装置
formik	蚁	アリの;《転》（アリのように）勤勉な
fotel	扶椅	{Ｂ}肘掛け椅子,=brakseg^o
frak	燕尾	{Ｂ}【服】燕尾服（えんびふく）
funel	漏斗	{Ｂ}じょうご,ろうと（漏斗）;漏斗形のもの
furaĝ	饲	(基本形gloss無)
gal	胆	胆汁の;胆汁質の;ひどく苦い
galoŝ	套鞋	(基本形gloss無)
gelaten	明胶	{Ｂ}【化】ゼラチン
ĝendarm	宪兵	(基本形gloss無)
ĝib	凸	(基本形gloss無)
girland	花环	［他］花飾りで飾る,花飾りに編む
grinc	轧	{Ｂ}［自］きしむ
grip	流感	{Ｂ}【病】インフルエンザ
gudr	焦油	［他］タールを塗る
hangar	棚库	{Ｂ}【空】格納庫;納屋,上屋,倉庫
heĝ	篱	(基本形gloss無)
hektar	公顷	{Ｂ}【単】ヘクタール,=cent aroj
insid	陷	落とし穴の,わなのある,狡猾（こうかつ）な
instanc	当局	{Ｂ}裁決機関,当局,官公庁;【法】審級
interpelaci	质询	{Ｂ}［他］【政】（議会で大臣に）質問する,説明を求める
invalid	残疾	{Ｂ}廃疾者,（傷病による）就労不能者
jug	束缚	［他］くびきにつける;束縛する;隷属させる
jung	套	{Ｂ}［他］（すき・そり・馬車などに）つなぐ;《転》縛りつける
kahel	瓷砖	［他］タイルを張る
kajut	舱	{Ｂ}【海】船室,キャビン;【空】（航空機の）機室,キャビン;（宇宙船の）乗員室
kakt	仙人掌	{Ｂ}【植】サボテン（科）
kal	茧	たこのできた,ごつごつした
kamel	驼	{Ｂ}【動】ラクダ（属）
kankr	虾	後ずさりして
karnaval	狂欢	{Ｂ}カーニバル,謝肉祭
karp	鲤	{Ｂ}【魚】コイ（鯉）
klinik	诊	【医】臨床の
kokos	椰	{Ｂ}【果】ヤシの実,ココナッツ;【植】=kokosarbo
kolonel	上校	{Ｂ}【軍】（陸軍・空軍の）大佐;連隊長,>>veselkapitano
komisar	专员	{Ｂ}【政】委員;役員,幹事;【史】（旧ソ連の）人民委員
konkord	和合	和合した,一致した
konsul	领事	{Ｂ}領事;【史】（ローマの）執政官
kontest	异议	{Ｂ}［他］異議を唱える
konval	铃兰	{Ｂ}【植】スズラン（属）（鈴蘭）,>>majfloro
kurent	电流	{Ｂ}【電】電流
laboratori	实验室	{Ｂ}研究室,実験室;研究所,試験所
lacert	壁虎	{Ｂ}【動】トカゲ（類）;【動】コモチカナヘビ（属）
lak	漆	［他］ラッカーを塗る,漆（うるし）を塗る
lantern	灯笼	{Ｂ}角灯,ランタン,カンテラ,ちょうちん;【建】（明かり採りの）頂塔;（灯台頂部の）灯火室
larv	幼虫	{Ｂ}【虫】幼虫;【動】幼生,>>imagino
latitud	纬	{Ｂ}【地理】緯度,>>longitudo
latun	黄铜	真ちゅうの
lesiv	碱	［他］灰汁（あく）で洗う;（床や壁を）洗剤で洗う
leŭtenant	尉	(基本形gloss無)
likv	液	液体の,液状の
limak	蜗牛	ナメクジの;《転》のろのろした
lin	亚麻	{Ｂ}【植】アマ（属）（亜麻）
lokomotiv	机车	{Ｂ}【鉄】機関車
longitud	经度	{Ｂ}【地理】経度,>>latitudo
lotus	莲	{Ｂ}【植】ハス（蓮）,スイレン（睡蓮）;【建】ロータス模様,睡蓮（すいれん）模様;【植】ミヤコグサ（属）（都草）;【神】=
lubrik	润滑	{Ｂ}［他］（機械に）油をさす,注油する
majest	庄严	{Ｂ}威厳のある,堂々とした
maleol	脚腕	{Ｂ}【解】くるぶし（踝）;=piedartiko（足首）
malv	葵	薄紫色の,ふじ色の
marmelad	果酱	{Ｂ}【料】マーマレード,ジャム（果肉を煮つぶしたもの）,>>konfitaj^o
metalurgi	冶金	{Ｂ}冶金（やきん）業,冶金術;冶金学
muĝ	吼	(基本形gloss無)
muzel	口鼻	{Ｂ}（動物の）鼻づら
najtingal	夜莺	{Ｂ}【鳥】ナイチンゲール,サヨナキドリ（小夜鳴鳥）
nervoz	躁	{Ｂ}神経質な,神経の細い,いらだった
nuk	项	{Ｂ}【解】うなじ,首筋,襟首（えりくび）
oficir	军官	{Ｂ}【軍】士官,将校
oper	歌剧	オペラの
orator	演说	弁論の,雄弁な
oval	椭圆	{Ｏ}卵形線の;卵形の,=ovoforma
pav	孔雀	［自］（クジャクが）尾羽を広げる;《転》気取って歩く
pekl	盐浸	{Ｂ}［他］【料】塩漬けにする
pice	云杉	{Ｂ}【植】トウヒ（唐檜）（属）
pig	鹊	カササギの;《転》白黒まだらの
pilot	领航	［他］【空】操縦する;【海】水先案内する
pland	足底	{Ｂ}足の裏;=plandumo（靴底）
platan	悬铃木	{Ｂ}【植】プラタナス,スズカケノキ（篠懸の木）（属）
plonĝ	潜	(基本形gloss無)
plural	复数	{Ｂ}【Ｇ】複数,=plurnombro,>>singularo
porcelan	瓷	磁器の
profet	先知	預言の
prolet	无产	プロレタリアの
proletari	无产	{Ｂ}=proleto（プロレタリア）
provok	挑	挑発の;挑発する
prun	李	{Ｂ}【果】西洋すもも,すもも（李）,プラム
punt	花边	レースの,レースのついた
pupil	瞳	{Ｂ}【解】瞳孔,ひとみ;《転》大切なかわいいもの
pus	脓	うみの;化膿した,うんだ
radiator	散热	{Ｂ}【機】ラジエーター,放熱器（暖房装置や自動車エンジンの冷却器）
raŭk	沙哑	(基本形gloss無)
raŭp	毛虫	(基本形gloss無)
reakci	反应	反動的な;反動の,反応の
reflekt	反射	【理】反射の
rib	醋栗	{Ｂ}【植】スグリ（酸塊）（属）;《般》スグリの実（特にフサスグリの類を指す）,>>groso
ros	露	［自］（無主語）露がおりる
rust	锈	［自］さびている;さびる
ŝakal	胡狼	(基本形gloss無)
sark	耘	{Ｂ}［他］（土地を）除草する,（雑草を）取り除く
satir	讽刺	風刺的な,風刺のきいた
sciur	松鼠	{Ｂ}【動】リス（栗鼠）（科の総称）
sekal	黑麦	{Ｂ}【植】ライムギ（属）;ライ麦（穀物）
senat	上院	上院の;参議院の
sin	怀	{Ｂ}胸部;懐（ふところ）;胎内;《転》内奥;《転》胸の内
skorpi	蝎	{Ｂ}【動】サソリ（蠍）（目の総称）;【聖】さそり鞭（むち）
sled	雪车	［自］そりで行く
sorg	高粱	{Ｂ}【植】モロコシ（蜀黍）（属）;《般》コウリャン（高粱）
spektakl	戏	{Ｂ}見世物,興行,ショー;見もの,スペクタクル
ŝpin	纺	(基本形gloss無)
spinac	菠菜	{Ｂ}【植】ホウレンソウ（菠薐草）（属）
spong	海绵	［他］スポンジでふく
stadion	赛场	{Ｂ}スタジアム,競技場
stamen	雄蕊	{Ｂ}【植】おしべ,雄蕊（ゆうずい）,>>pistilo
start	起	{Ｂ}［自］【運】スタートする;【機】始動する,=ekfunkcii
sterk	粪	［他］肥料を施す
ŝtip	圆木	(基本形gloss無)
strig	猫头鹰	{Ｂ}【鳥】フクロウ（梟）（の類）
strut	鸵鸟	ダチョウの;《転》危険を直視しない
subtil	精细	{Ｂ}微細な;微妙な,とらえ難い;（感覚の）鋭敏な,繊細な
susur	沙响	{Ｂ}［自］さらさら鳴る,かさかさ音を立てる
svat	媒	{Ｂ}［他］（職業的に）結婚を仲介する,仲人する
tapet	壁纸	［他］壁紙・壁布を張る
tegol	瓦	［他］屋根がわらでふく
torent	激流	急流の,急流のような;《転》激しい,ほとばしる
tragik	悲剧	{Ｂ}悲惨な,悲劇的な,=tragedia
traktat	条约	{Ｂ}【政】条約;=>traktaj^o（論文）
tram	电车	{Ｂ}路面電車,市街電車（車両）,=tramveturilo;《古》=tramrelo（路面電車レール）
trumpet	小号	［自］らっぱを吹く,トランペットを吹く;=distrumpeti
tuf	丛	{Ｂ}（草・毛などの）束,房
vaks	蜡	ろう製の,ろうのような
velur	绒	ビロードの,ビロードのような
veruk	瘤	{Ｂ}【医】いぼ;【植】こぶ,小隆起
vezik	囊	{Ｂ}泡（あわ）,気泡,=aerveziko;【解】嚢胞;《転》（漫画の）吹き出し
viadukt	旱桥	{Ｂ}（谷などに渡された）陸橋,高架橋,=valponto
vind	裹	［他］（細長い）布で巻く,おむつでくるむ,包帯を巻く
vulkan	火山	火山の,火成の;《転》（気性などが）激しい
vultur	秃鹰	{Ｂ}【鳥】コンドル（種）,=kondoro;《般》ハゲタカ（禿鷹）（ハゲワシ類、コンドル類の通称）;《転》強欲な人
bibli	经	(基本形gloss無)
asfalt	沥青	［他］アスファルトで舗装する
kart	卡	{Ｂ}カード,（紙の）札;はがき;地図;（トランプの）札;【電】基板
