count	kanji	roots
1	葵	malv
1	或	au^
1	安	sekur
1	安神	neu^rolept
1	安息香	benzo
1	安乐死	eu^tanazi
1	按	lau^
1	暗渠	kulvert
1	暗示	sugesti
1	鞍	sel
1	以	per
1	威	impon
1	威望	prestig^
1	尉	leu^tenant
1	慰	konsol
1	易	facil
1	易变	labil
1	椅	seg^
1	移	translaci
1	移液	pipet
1	胃门	kardj
1	萎黄	kloroz
1	衣	vest
1	井	put
1	域	sektor
1	一	unu
1	一月	januar
1	一神	unitari
1	一性	monofizit
1	印象	impresion
1	咽	faring
1	咽炎	angin
1	姻	bo
1	引信	fuze
1	引渡	ekstradici
1	引爆	prajm
1	引理	lem
1	引流	seton
1	右	dekstr
1	右边	tribord
1	迂	pedant
1	雨	pluv
1	卯眼	mortez
1	臼	molar
1	云杉	pice
1	云母	glim
1	影射	insinu
1	永	etern
1	液	likv
1	液压	hidrau^lik
1	疫苗	vakcin
1	延	prokrast
1	延展	duktil
1	怨	grumbl
1	援	sponsor
1	演	aktor
1	演绎	dedukt
1	演说	orator
1	燕	hirund
1	燕雀	fring
1	燕麦	aven
1	燕尾	frak
1	猿	simi
1	凹	konkav
1	往	ir
1	横档	rung
1	欧议	eu^roparlament
1	王牌	atut
1	黄昏鸟	hesperornit
1	黄道	zodiak
1	黄米	mile
1	黄麻	jut
1	黄油	buter
1	黄瘤	ksantom
1	黄杨	buks
1	黄癣	fav
1	黄铁矿	pirit
1	屋	dom
1	桶板	dau^b
1	牡	bok
1	牡牛	tau^r
1	牡丹	peoni
1	乙	etil
1	恩	grac
1	音位	fonem
1	下指	katafor
1	下巴	menton
1	化学	kemi
1	化石	fosili
1	何因	kial
1	何之	kies
1	何量	kiom
1	何时	kiam
1	何样	kiel
1	加餐	kolazion
1	可	ebl
1	夏	somer
1	嫁接	greft
1	嫁妆	dot
1	果酱	marmelad
1	歌	uta
1	歌舞剧	vodevil
1	歌剧	oper
1	河	river
1	河狸	kastor
1	火花	spark
1	火山	vulkan
1	火箭	raket
1	火葬	kremaci
1	火腿	s^ink
1	火烈鸟	flameng
1	火砾	lapil
1	火绒	tindr
1	火药	pulv
1	火鸡	meleagr
1	禾	gramin
1	花冠	korol
1	花序	infloresk
1	花生	arakid
1	花岗岩	granit
1	花边	punt
1	茄	tomat
1	我们	ni
1	牙骨质	c^ement
1	牙肉	gingiv
1	画	bild
1	蛾	mote
1	介	makler
1	会士	kanonik
1	回	eh^
1	回虫	askarid
1	戒	abstin
1	拐	kidnap
1	改革	reformaci
1	改宗	prozelit
1	海	mar
1	海葵	aktini
1	海燕	procelari
1	海桶	salp
1	海角	promontor
1	海月	au^reli
1	海参	holoturi
1	海星	asteri
1	海盗	pirat
1	海豚	delfen
1	海豹	fok
1	海绵	spong
1	芥气	iperit
1	外差	heterodin
1	外推	ekstrapol
1	外阴	vulv
1	咳	tus
1	咳痰	ekspektor
1	崖	klif
1	慨	patos
1	涯	karier
1	碍	obstakl
1	街	strat
1	柿涩	s^ibu
1	各	respektiv
1	格言	maksim
1	核果	drup
1	核桃	jugland
1	核糖体	ribosom
1	角豆	karob
1	角膜	korne
1	角砾岩	brec^i
1	学家	log
1	学士	bakalau^r
1	割礼	cirkumcid
1	括	parentez
1	活塞	pis^t
1	滑石	talk
1	滑翔	glis
1	滑轮	puli
1	滑鱼	bleni
1	葛	arorut
1	叶柄	petiol
1	叶绿	klorofil
1	茅	espart
1	粥	kac^
1	冠羽	egret
1	冠鸡	kraks
1	刊	revu
1	完	perfekt
1	干草	fojn
1	干肉	pemikan
1	干尸	mumi
1	患	infest
1	感伤	sentimental
1	憾	bedau^r
1	敢	au^dac
1	柑	citrus
1	棺	c^erk
1	甘	dolc^
1	甘菊	kamomil
1	甘薯	batat
1	甘草	gliciriz
1	看	rigard
1	管面	makaroni
1	肝	hepat
1	肝草	hepatik
1	含片	pastel
1	含羞	mimoz
1	岸	bord
1	眼	mas^
1	眼板	tarz
1	眼镜蛇	kobr
1	岩浆	magm
1	基金	fondus
1	寄生	parazit
1	机器人	robot
1	机枪	mitral
1	机车	lokomotiv
1	棋	s^ak
1	汽	vapor
1	汽油	benzin
1	祈	preg^
1	祈堂	kapel
1	起	start
1	妓院	bordel
1	宜	dec
1	疑病	hipokondri
1	疑难	kazu
1	菊石	amonit
1	橘	mandarin
1	却	tamen
1	脚腕	maleol
1	逆气	singult
1	丘脑	talam
1	仇	veng^
1	休	ripoz
1	吸血鬼	vampir
1	吸血虫	hirud
1	弓	arc^
1	弓炮	balist
1	急	urg^
1	急救	sukur
1	救	sav
1	救世	mesi
1	朽	kaduk
1	求积	kvadratur
1	球蛋白	globulin
1	球虫	kokcidi
1	球门	gol
1	旧	eks
1	牛排	bifstek
1	牛锅	sukijak
1	去势	kastr
1	居	setl
1	巨蛇	piton
1	巨象	mamut
1	巨嘴鸟	tukan
1	拒	rifuz
1	渠	kanal
1	享	g^u
1	享乐	sibarit
1	共生	simbioz
1	共和	respublik
1	共济会	framason
1	共鸣	resonanc
1	卿	lord
1	叫	kri
1	恐	terur
1	恐鸟	dinornit
1	恐龙	dinosau^r
1	教化	edif
1	教皇	pap
1	教士	klerik
1	教条	dogm
1	教义	doktrin
1	教养	guvern
1	教权	klerikal
1	狂欢	karnaval
1	胸骨	sternum
1	胸膜	pleu^r
1	仰	supin
1	凝灰	tof
1	凝油	napalm
1	凝胶	g^el
1	曲柄	krank
1	曲棍球	hoke
1	玉米	maiz
1	玉雕	gliptik
1	均	averag^
1	巾	tuk
1	欣快	eu^fori
1	琴鸡	tetr
1	菌症	mikoz
1	菌丝	hif
1	金合欢	akaci
1	金丝燕	salangan
1	九	nau^
1	九月	septembr
1	句法	sintaks
1	矩	momant
1	苦行	asket
1	苦菜	endivi
1	苦僧	s^raman
1	苦艾	absint
1	空铅	kadrat
1	偶像	idol
1	遇	renkont
1	串	grapol
1	串联	tandem
1	屑	klast
1	屈	fleksi
1	屈光	ametrop
1	靴	bot
1	熊	urs
1	桑	morus
1	君	sinjor
1	群岛	arkipelag
1	兄	frat
1	景气	konjunktur
1	系数	koeficient
1	系部	pastern
1	茎叶体	korm
1	警笛	siren
1	迎	lof
1	迎风	board
1	激光	laser
1	激素	hormon
1	激流	torent
1	隙	interstic
1	穴	tru
1	血球	globul
1	血清	ser
1	月经	menstru
1	月鱼	lamprid
1	件	kondic^
1	倦	langvor
1	拳	pugn
1	拳击	boks
1	研	stud
1	研讨	seminari
1	遣	tac^ment
1	原核	prokariot
1	原基	primordi
1	原牛	ur
1	原油	naft
1	原兽	protozo
1	弦	kord
1	玄	mistik
1	言	dialekt
1	古生	paleozoik
1	呼	vok
1	固	solid
1	固醇	sterol
1	孤	orf
1	弧	ark
1	故	do
1	枯	velk
1	湖	lag
1	狐	vulp
1	胡	barb
1	胡狼	s^akal
1	胡萝卜	karot
1	虎	tigr
1	虎鲸	ork
1	雇	dung
1	鼓室	timpan
1	鼓膜	miring
1	五角	pentagon
1	五月	maj
1	五色梅	lentan
1	互变	tau^tomer
1	午睡	siest
1	吾	ego
1	交感	simpat
1	交配	kopul
1	交响	simfoni
1	候	kandidat
1	光学	optik
1	光圈	diafragm
1	光环	au^reol
1	公爵	duk
1	公理	aksiom
1	公证	notari
1	公顷	hektar
1	功	funkci
1	厚	dik
1	厚叶	krasul
1	口水	bav
1	口鼻	muzel
1	口顶	palat
1	向斜	sinklinal
1	向心	centripet
1	向日葵	heliant
1	后生	metazo
1	后殿	absid
1	后卫	arier
1	后脑	okcipit
1	坑	krater
1	孔雀	pav
1	巧	lert
1	巧合	koincid
1	幸	felic^
1	恒	konstant
1	慌	panik
1	更	pli
1	洪	diluv
1	港	haven
1	甲板	ferdek
1	甲氧	metoksi
1	皇院	rota
1	硬骨	holoste
1	硬式飞艇	zepelin
1	硬木	tekton
1	硬翅	elitr
1	稿	manuskript
1	糠	bran
1	肯	aprob
1	腔肠	celenter
1	航向	kapus
1	荒	noval
1	行	andant
1	行李	bagag^
1	酵	ferment
1	酵素	enzim
1	酵母	gist
1	香茅	citronel
1	香芹	petrosel
1	香菜	koriandr
1	香脂	ladan
1	香草	lavend
1	香桃	mirt
1	香豌豆	latir
1	香兰	vanil
1	高潮	orgasm
1	高利	uzur
1	高粱	sorg
1	高压锅	au^toklav
1	高汤	buljon
1	号角	fanfar
1	合金	aloj
1	合子	zigot
1	合唱	korus
1	合成	anabol
1	豪	pomp
1	刻面	facet
1	国库	fisk
1	腰果	akaj^u
1	骨端	epifiz
1	骨牌	domen
1	今	hodiau^
1	根芽	draj^
1	根茎	rizom
1	混凝	beton
1	痕	stigmat
1	魂	anim
1	些	kelk
1	佐	kondiment
1	唆	instig
1	左	liv
1	差	aberaci
1	沙	sabl
1	沙丘	dun
1	沙响	susur
1	沙哑	rau^k
1	砂	smirg
1	坐	sid
1	坐骨	iski
1	坐神	iskiat
1	坐标	koordinat
1	座屈	knik
1	挫	frustr
1	挫伤	kontuz
1	催	kataliz
1	催情	afrodizi
1	催眠	hipnot
1	再见	adiau^
1	最	plej
1	最小	minimum
1	彩窗	vitral
1	栽	kultiv
1	采	ekspluat
1	犀	rinocer
1	祭司	sacerdot
1	在	c^e
1	作战	operac
1	削	frez
1	昨	hierau^
1	窄	stret
1	擦	frot
1	擦鼻	mung
1	擦伤	ekskori
1	皿	plad
1	三角	trigon
1	三角洲	delt
1	三月	mart
1	山	mont
1	山花	fronton
1	山柑	kapor
1	山猫	link
1	山梅花	filadelf
1	惨	mizer
1	撒	s^ut
1	散音	arpeg^
1	散光	astigmat
1	散瞳	midriaz
1	散文	proz
1	算子	operator
1	算盘	abak
1	酸	acid
1	酸乳	jogurt
1	酸模	okzal
1	酸橙	bigarad
1	餐具	servic
1	残疾	invalid
1	残船	vrak
1	刺草	kard
1	刺刀	bajonet
1	刺背	notakant
1	刺胞	knid
1	刺鱼	gasteroste
1	四月	april
1	四重	kvartet
1	始	komenc
1	子叶	kotiledon
1	子午	meridian
1	指数	eksponent
1	支学	kladik
1	施	almoz
1	紫	purpur
1	紫花	viol
1	紫晶	ametist
1	雌	femal
1	雌雄	androgin
1	侍臣	c^ambelan
1	字节	bajt
1	持	ten
1	磁	magnet
1	耳	orel
1	耳猫	karakal
1	耳蜗	kokle
1	自然	natural
1	自由	liber
1	自流	artez
1	自游	nekton
1	辞	demisi
1	鹿皮	s^am
1	七	sep
1	七月	juli
1	失	perd
1	失速	stau^l
1	失望	desapont
1	失语	afazi
1	失读	aleksi
1	室膜	ependim
1	柴	alumet
1	柴束	fasc^in
1	柴油	dizel
1	芝麻	sezam
1	赦	amnesti
1	斜角	skalen
1	煮牛	gulas^
1	者	ul
1	蛇尾	ofiur
1	蛇麻	lupol
1	蛇纹石	serpenten
1	借	prunt
1	借口	pretekst
1	尺	uln
1	灼	kau^ter
1	爵	baron
1	若	se
1	弱视	ambliop
1	惹	incit
1	主教	episkop
1	主脉	aort
1	主义	ism
1	取	retrat
1	手淫	masturb
1	手相	kiromanci
1	手套	gant
1	手雷	grenad
1	珠	perl
1	珠蛋白	globin
1	珠层	perlamot
1	趣	interes
1	酒石	tartr
1	首相	kancelier
1	首柱	steven
1	受	akcept
1	受难	kalvari
1	需	bezon
1	周	semajn
1	周边	periferi
1	宗	religi
1	宗会	koncili
1	宗议	sinod
1	州	kanton
1	修	ripar
1	修院	klostr
1	修会	orden
1	修脚	pedikur
1	修辞	retorik
1	修饰	epitet
1	秋	au^tun
1	秋水仙	kolc^ik
1	臭虫	cim
1	臭氧	ozon
1	住	log^
1	住所	domicil
1	十一月	novembr
1	十月	oktobr
1	十四行诗	sonet
1	十字	kruc
1	十二	dodeka
1	十二月	decembr
1	十二指肠	duoden
1	十亿	miliard
1	柔道	j^ud
1	重晶石	barit
1	重氮	diazoni
1	叔	onkl
1	宿	pension
1	出血	hemoragi
1	春	printemp
1	春化	vernaliz
1	准尉	adjudant
1	准直	kolimat
1	殉	martir
1	盾	s^ild
1	醇	alkohol
1	初一	kalend
1	所	kontor
1	庶	bastard
1	薯	maniok
1	助学	stipendi
1	助祭	diakon
1	叙	ordin
1	女高音	sopran
1	女低	kontralt
1	女贞	ligustr
1	恕	pardon
1	升水	ag^i
1	商舶	karak
1	唱名	solfeg^
1	小号	trumpet
1	小舌	uvul
1	小夜曲	serenad
1	小羊驼	vikun
1	小脑	cerebel
1	小说	roman
1	小跑	trot
1	少数	minoritat
1	庄严	majest
1	床	lit
1	承	lagr
1	招魂	nekromanci
1	掌	polm
1	掌骨	metakarp
1	晶	kristal
1	晶体	kristalin
1	松	pin
1	松香	kolofon
1	松鼠	sciur
1	松鼠皮	vajr
1	松鸦	garol
1	樟	kamfor
1	沼	marc^
1	沼气	metan
1	消	digest
1	消旋	racem
1	焦	koaks
1	焦点	fokus
1	焦糖	karamel
1	焦油	gudr
1	焦疤	eskar
1	照	ilumin
1	硝	salpetr
1	礁	rif
1	章	c^apitr
1	章程	statut
1	肖	portret
1	蕉	banan
1	象	elefant
1	象牙	ebur
1	象形	hieroglif
1	象甲	kurkuli
1	上院	senat
1	上校	kolonel
1	上皮	epiteli
1	上诉	apelaci
1	冗	redund
1	城	kastel
1	城堡	kreml
1	常	oft
1	情歌	madrigal
1	条虫	teni
1	条约	traktat
1	状	adjekt
1	蒸	transpir
1	嘱	testament
1	植相	flau^r
1	色情	eroto
1	色素	pigment
1	触角	anten
1	触手	tentakl
1	触轮	trole
1	食管	ezofag
1	食人	kanibal
1	食袋	krop
1	信委	fideikomis
1	信管	fuz
1	信使	kurier
1	信任	akredit
1	侵	invad
1	心医	psikiatri
1	心皮	karpel
1	慎	prudent
1	新星	nova
1	深	profund
1	深红	karmezin
1	真核	eu^kariot
1	神化	apoteoz
1	神道	s^into
1	神灵	dajmon
1	神话	mit
1	芯	mec^
1	薪	salajr
1	震荡	komoci
1	人心果	sapot
1	人造油	margarin
1	人质	ostag^
1	仁	human
1	仁糖	pralin
1	刃	kling
1	尽	klopod
1	垂死	agoni
1	垂体	hipofiz
1	水渠	irigaci
1	水合	hidrat
1	水彩	akvarel
1	水仙	narcis
1	水泥	cement
1	水粉	guas^
1	水母	meduz
1	水苏	staki
1	睡鼠	glir
1	睡莲	nimfe
1	翠鸟	alcion
1	随	sekv
1	随机	stokast
1	随员	atas^e
1	瑞香	dafn
1	崇	sublim
1	数学	matematik
1	枢机	kardinal
1	杉	abi
1	是	est
1	制	reg^im
1	制革	tan
1	制裁	sankci
1	征	indic
1	征募	rekrut
1	征用	rekvizici
1	性腺	gonad
1	性病	vener
1	性无能	impotent
1	成衣	konfekci
1	成虫	imagin
1	政变	puc^
1	整脊	kiropraktik
1	星云	nebuloz
1	星系	galaksi
1	星座	konstelaci
1	正面	fasad
1	正统	ortodoks
1	正视	eu^metrop
1	清教	puritan
1	清唱剧	oratori
1	生菜	laktuk
1	精丘	verumontan
1	精神分裂	skizofreni
1	精灵	kobold
1	精细	subtil
1	声门	glot
1	西	okcident
1	西番莲	barbaden
1	西米	sagu
1	青春	adolesk
1	青柠	lime
1	青铜	bronz
1	青霉素	penicilin
1	脆樱	bigarel
1	席	mat
1	惜	domag^
1	斥	skold
1	昔	pase
1	石英	kvarc
1	石膏	gips
1	石蕊	lakmus
1	石松	likopodi
1	石南	erik
1	石墨	grafit
1	石棉	asbest
1	石榴	grenat
1	石笔	grifel
1	石蜡	parafin
1	籍	matrikul
1	脊索	h^ord
1	脊髓病	tabet
1	赤	ekvator
1	赤褐	ruf
1	切分	sinkop
1	拙	fus^
1	接骨	sambuk
1	接力	stafet
1	折衷	eklektik
1	窃	plagiat
1	雪	neg^
1	雪花石膏	alabastr
1	雪崩	lavang
1	雪铃	soldanel
1	舌	lang
1	蝉	cikad
1	仙人掌	kakt
1	先	aprior
1	先知	profet
1	先例	precedenc
1	千年	mileni
1	尖叫	kric^
1	尖拱	ogiv
1	泉	font
1	浅海	neritik
1	染色体	kromosom
1	染色质	kromatin
1	潜衣	skafandr
1	煎	dekokt
1	旋花	kalistegi
1	穿山甲	manis
1	穿刺	punkci
1	箭毒	kurar
1	船	s^ip
1	船渠	dok
1	船左	babord
1	船墙	pavez
1	践	praktik
1	前奏	prelud
1	前提	premis
1	前列腺	prostat
1	善	afabl
1	然	natur
1	全因	c^ial
1	全之	c^ies
1	全量	c^iom
1	全时	c^iam
1	全样	c^iel
1	禅	zen
1	疏散	evaku
1	祖	atav
1	粗粉	s^rot
1	阻	obstrukc
1	鼠尾草	salvi
1	双胎	g^emel
1	双帆船	brig
1	双驼	baktri
1	奏	koncert
1	早	fru
1	争	disput
1	相扑	sumo
1	草坪	gazon
1	葬	sepult
1	走私	kontraband
1	送气	aspiraci
1	造	manufaktur
1	即兴	improviz
1	息	spir
1	息肉	polip
1	束腰	korset
1	束缚	jug
1	足根	tars
1	足数	kvorum
1	足底	pland
1	俗语	slang
1	族长	patriark
1	卒	peon
1	卒中	apopleksi
1	袖	manik
1	村	vilag^
1	他们	ili
1	多角	poligon
1	多血	pletor
1	多香果	piment
1	多色	pleokro
1	多尿	diurez
1	多嘴	kibic
1	太	tro
1	唾	saliv
1	堕	abort
1	妥协	kompromis
1	惰	inert
1	舵	rudr
1	体感	propriocept
1	体腔	celom
1	堆	amas
1	堆肥	kompos^t
1	待	atend
1	待收	iredent
1	替身	sozi
1	胎	fet
1	胎盘	placent
1	退位	abdik
1	退休金	emeritur
1	逮	arest
1	代数	algebr
1	代谢	metabol
1	台球	bilard
1	大衣	palt
1	大黄	rabarb
1	大管	fagot
1	大潮	sizigi
1	大提琴	violonc^el
1	大理石	marmor
1	啄木	peg
1	托盘	paled
1	拓	pionir
1	茸	lanug
1	但	sed
1	脱	secesi
1	脱衣舞	striptiz
1	脱臼	luksaci
1	棚库	hangar
1	谷氨	glutam
1	丹毒	erizipel
1	担架	brankard
1	担子	bazidi
1	探矿	prospektor
1	炭疮	antraks
1	短号	kornet
1	短诗	hajk
1	短长短	amfibrak
1	胆醇	kolesterol
1	胆碱	kolin
1	蛋黄	vitel
1	蛋白	protein
1	蛋白石	opal
1	蛋白霜	mering
1	蛋奶	flan
1	蛋奶酥	sufle
1	断头	gilotin
1	断层	fau^lt
1	暖	varm
1	男	vir
1	男高音	tenor
1	男中音	bariton
1	地衣	liken
1	地主	junkr
1	地籍	katastr
1	地鼠	talp
1	地方	endemi
1	地铁	metro
1	池	cistern
1	置	met
1	畜	brut
1	竹	bambu
1	竹节虫	fasm
1	蓄电	akumulator
1	中音	ald
1	中微子	neu^trin
1	抽风	konvulsi
1	柱廊	portik
1	柱头	kapitel
1	虫垂	apendic
1	猪牙花	eritroni
1	猪油	s^malc
1	著	signifik
1	挑	provok
1	挑战	defi
1	朝	dinasti
1	朝拜	hag^
1	潮	tajd
1	潮解	likvesk
1	直角	ort
1	直升机	helikopter
1	直肠	rektum
1	直觉	intuici
1	珍	delic
1	椎	vertebr
1	痛风	podagr
1	通量	fluks
1	吊带	suspensori
1	吊袜	j^artel
1	低音	bordun
1	低领	dekolt
1	呈	prezent
1	堤	g^et
1	定理	teorem
1	帝王花	prote
1	帝风	empir
1	底栖	bent
1	廷	kuri
1	抵	hipotek
1	抵制	bojkot
1	提花	j^akard
1	提督	admiral
1	梯队	eskalon
1	蹄	huf
1	蹄兔	prokavi
1	泥灰	marn
1	泥炭	torf
1	滴	gut
1	滴定	titr
1	滴答	tiktak
1	溺	dron
1	迭	iteraci
1	天蛾	sfing
1	天竹	nandin
1	天冬	aspart
1	天文台	observatori
1	天顶	zenit
1	天鹅	cign
1	店	butik
1	甜菜	bet
1	甜椒	paprik
1	甜柠	limed
1	田园	idili
1	吐根	ipek
1	斗牛	tore
1	杜鹃	azale
1	渡	pram
1	渡鸦	korak
1	都	metropol
1	努	pen
1	土黄	kaki
1	土著	indig^en
1	奴	sklav
1	党	parti
1	冬	vintr
1	冬青	ileks
1	刀	sabr
1	塔	tur
1	套鞋	galos^
1	投机	spekulaci
1	投资	invest
1	桃	persik
1	灯笼	lantern
1	当局	instanc
1	等分	mitoz
1	等势	ekvipotencial
1	答	respond
1	糖原	glikogen
1	糖煮	kompot
1	糖尿	diabet
1	糖蜜	melas
1	糖浆	sirop
1	到	ating
1	藤	heder
1	藤黄	gumigut
1	藤壶	balan
1	豆酱	miso
1	踏	tret
1	踏板	pedal
1	透	diafan
1	透空	aj^ur
1	透析	dializ
1	陶	ceramik
1	陶土	fajenc
1	陶片	ostrak
1	同位素	izotop
1	同性	gej
1	同时	simultan
1	同谋	komplic
1	堂	kuz
1	瞳	pupil
1	童色	pederasti
1	道具	rekvizit
1	匿	inkognit
1	特征	ejgen
1	特权	privilegi
1	毒芹	cikut
1	毒参	koni
1	毒蛇	vipur
1	毒麦	lol
1	毒木	upas
1	毒气	miasm
1	毒苹	mancinel
1	独裁	diktator
1	凸眼	ekzoftalmi
1	凸轮	kam
1	突变	mutaci
1	那因	tial
1	那之	ties
1	那量	tiom
1	那时	tiam
1	那样	tiel
1	内向	introvertit
1	内省	introspekt
1	内分泌	endokrin
1	内壳	pale
1	内缘	konkub
1	二月	februar
1	二重	duet
1	二色	dikro
1	二度	dut
1	二头肌	biceps
1	二极管	diod
1	二进	binar
1	二项	binom
1	肉排	stek
1	肉瘤	sarkom
1	虹	iriz
1	虹吸	sifon
1	虹膜	iris
1	日光环	koron
1	乳香	oliban
1	乳石	stalaktit
1	乳突	mastoid
1	乳头瘤	papilom
1	如	kvazau^
1	尿酸盐	urat
1	尿素	ure
1	尿道	uretr
1	忍冬	kaprifoli
1	葱	cep
1	猫头鹰	strig
1	年	jar
1	念珠	rozari
1	粘液	mucilag
1	粘土	argil
1	蚤	pul
1	播	propag
1	波	ond
1	波纹	muar
1	破坏	sabot
1	破产	bankrot
1	破伤风	tetanos
1	牌	medal
1	背斜	antiklinal
1	背书	aval
1	背带	s^elk
1	背风	le
1	配筋	armatur
1	配子	gamet
1	配比	stekio
1	培	but
1	梅	ume
1	梅花	tref
1	梅毒	sifilis
1	陪	akompan
1	陪审	j^uri
1	伯	graf
1	拍卖	au^kci
1	柏	cipres
1	白金	platen
1	白喉	difteri
1	白汁	bes^amel
1	白石	kret
1	白蛋白	albumin
1	白内障	katarakt
1	白膜	albugine
1	白袍	alb
1	白热	inkandesk
1	白蚁	termit
1	白鱼	alburn
1	舶	bark
1	薄荷	ment
1	迫	persekut
1	漠	dezert
1	爆	eksplod
1	麦芽	malt
1	麦角	ergot
1	麦草	kvik
1	函	cirkuler
1	肌	mi
1	肌瘤	miom
1	八月	au^gust
1	八分	oktant
1	筏	flos
1	蛤	meretrik
1	蛤蟆	buf
1	蛤蟆鱼	lofi
1	半径	radius
1	半人马	centau^r
1	反流	regurgit
1	反应	reakci
1	反应堆	reaktor
1	帆楼	top
1	帆杆	bum
1	斑岩	porfir
1	斑马	zebr
1	板岩	ardez
1	板障	diplo
1	挽歌	elegi
1	蛮	barbar
1	妃	dam
1	批文	pamflet
1	披	mantel
1	披肩	s^al
1	比目鱼	pleu^ronekt
1	泌	sekreci
1	疲	lac
1	皮重	tar
1	碑	monument
1	秘会	konklav
1	肥	fekund
1	被	pasiv
1	眉	brov
1	美	bel
1	美学	estetik
1	美甲	manikur
1	美洲鸵	rea
1	膝	genu
1	膝窝	poplit
1	肘	kubut
1	逼	kompuls
1	百叶窗	s^utr
1	百合	lili
1	百日咳	koklus^
1	百里香	timian
1	百队	centuri
1	漂	driv
1	描	pentr
1	秒	sekund
1	苗条	svelt
1	蒜	ajl
1	品	frand
1	品类	sortiment
1	不	ne
1	不育	steril
1	不可知	agnostik
1	不害	ahims
1	不谐	disonanc
1	不长	nelg
1	不顾	malgrau^
1	付	pag
1	夫	edz
1	富养	eu^trof
1	扶椅	fotel
1	浮世绘	ukij
1	浮游	plankton
1	父	patr
1	腐土	hum
1	芙蓉	hibisk
1	附身	tranc
1	武	arm
1	武士	samuraj
1	葡	vit
1	葡萄	uv
1	葡萄球菌	stafilokok
1	葡萄膜	uve
1	伏	embusk
1	副祭	vikari
1	副本	duplikat
1	福音	evangeli
1	腹膜	peritone
1	沸	bol
1	物神	fetic^
1	分王	tetrark
1	分音	dierez
1	分解	katabol
1	分形	frakt
1	分流	s^unt
1	分列	defil
1	分裂	skizoid
1	分词	particip
1	吻	kis
1	吻合	anastomoz
1	焚	incendi
1	焚风	fen
1	粉砂	silt
1	粉丝	vermic^el
1	丙	propil
1	兵	soldat
1	平流层	stratosfer
1	壁凹	nic^
1	壁虎	lacert
1	壁纸	tapet
1	碧	turkis
1	蔑	disdegn
1	偏心	ekscentrik
1	片岩	skist
1	篇	novel
1	便	oportun
1	便秘	konstip
1	便袍	neglig^
1	鞭草	verben
1	保单	polis
1	圃	bed
1	捕	kapt
1	墓	tomb
1	墓窖	kript
1	慕	sopir
1	母系	matriark
1	包虫	hidatid
1	包皮	prepuci
1	呆	gap
1	宝贝	cipre
1	峰	alp
1	崩	kolaps
1	放	emancip
1	放肆	impertinent
1	方舟	arke
1	方程	ekvaci
1	方块	karo
1	方铅矿	galen
1	法院	tribunal
1	法官	pretor
1	泡疹	herpet
1	烹	kuir
1	胞子	spor
1	蜂群	esamen
1	蜂草	melis
1	蜂斗菜	petazit
1	亡	pere
1	剖	anatomi
1	暴躁	brusk
1	某因	ial
1	某之	ies
1	某量	iom
1	某时	iam
1	某样	iel
1	棒	baston
1	棒球	basbal
1	冒	aventur
1	吠	boj
1	北	nord
1	墨鱼	sepi
1	勃	erekt
1	没收	konfisk
1	本	instinkt
1	盆骨	iliak
1	摩	masag^
1	磨蚀	abrazi
1	魔芋	amorfofal
1	麻黄碱	efedrin
1	麻风	lepr
1	膜	membran
1	枕	s^pal
1	末	last
1	末启	apokalips
1	沫	s^au^m
1	万	miria
1	万花筒	kalejdoskop
1	万向	kardan
1	万岁	hura
1	蔓	sarment
1	蔓春	vink
1	味	gust
1	未	futur
1	未完	imperfekt
1	密螺旋体	treponem
1	密码子	kodon
1	民俗	folklor
1	民兵	milic
1	眠	somnol
1	矛尾鱼	celakant
1	冥	kontempl
1	明胶	gelaten
1	迷幻	psikedel
1	迷宫	labirint
1	免	imun
1	棉塞	tampon
1	面筋	gluten
1	面子	puntili
1	面包	pan
1	面团	knedlik
1	摸	palp
1	茂	veget
1	毛虫	rau^p
1	毛癣菌	trikofit
1	毛细	kapilar
1	毛绒	flanel
1	猛	drast
1	盲蛛	opilion
1	盲肠	cekum
1	耗	konsum
1	木栓	suber
1	木馏	kreozot
1	目皮	palpebr
1	也	ankau^
1	也不	nek
1	冶金	metalurgi
1	夜	nokt
1	夜莺	najtingal
1	夜鹰	kaprimulg
1	野	sovag^
1	野牛	bizon
1	野餐	piknik
1	野芝麻	lami
1	野李	prunel
1	野豌豆	vici
1	矢	sag
1	矢量	vektor
1	唯	sol
1	佑	providenc
1	友	amik
1	幽	fantom
1	幽门	pilor
1	有机	organik
1	由	motiv
1	邑	municip
1	雄	maskl
1	雄蕊	stamen
1	融	degel
1	誉	honor
1	幼虫	larv
1	妖精	fe
1	洋	ocean
1	洋红	karmin
1	熔	fand
1	熔岩	laf
1	熔锅	krisol
1	羊菊	arnik
1	羊神	satirus
1	羊皮纸	pergamen
1	羊膜	amni
1	羊齿	filik
1	抑扬	jamb
1	浴	ban
1	翼甲	pteraspid
1	螺菌	spiril
1	螺旋体	spiroket
1	裸	nud
1	裸子	gimnosperm
1	来	ven
1	雷	tondr
1	落松	larik
1	卵管	salping
1	卵巢	ovari
1	梨	pir
1	痢	disenteri
1	里	mejl
1	里脊	file
1	立	star
1	立体	stereo
1	略	strategi
1	流感	grip
1	流体	fluid
1	留	las
1	粒瘤	granulom
1	隆	tuber
1	隆鸟	epiornit
1	量子	kvantum
1	厘	centi
1	淋菌	gonokok
1	累	akumul
1	冷笑	cinik
1	怜	kompat
1	礼拜	liturgi
1	零	nul
1	劣	ac^
1	烈	intens
1	路障	barikad
1	浪漫	romantik
1	漏斗	funel
1	牢	karcer
1	狼	lup
1	老花	presbiop
1	郎	knab
1	六角	heksagon
1	六月	juni
1	六分仪	sekstant
1	肋	rip
1	和合	konkord
1	和服	kimon
1	碗	bovl
1	腕	pojn
1	于	pri
1	从	de
1	估	stim
1	佩	admir
1	俯	pron
1	假虎刺	karis
1	假肢	protez
1	假正	prud
1	假声	jodl
1	假发	peruk
1	做	far
1	僵病	muskardin
1	儿	fil
1	儿茶	katec^u
1	兔眼	lagoftalm
1	决斗	duel
1	决明	sena
1	冲浪	surf
1	冲压	s^tanc
1	冰	glaci
1	冰川	glac^er
1	几	preskau^
1	刮匙	kuret
1	刹	brems
1	剪影	siluet
1	劈	kliv
1	匆	hast
1	匕	ponard
1	卷须	c^ir
1	吼	mug^
1	吝	avar
1	呻	g^em
1	咬	mord
1	咬舌	lisp
1	咬虫	psok
1	咬鹃	trogon
1	哈喇	ranc
1	哭	plor
1	嗜睡	letargi
1	嘴	bek
1	嘲	mok
1	嚼	mac^
1	坎	ves^t
1	址	adres
1	坏血	skorbut
1	坏死	gangren
1	梦	song^
1	梦魔	inkub
1	梦游	somnambul
1	奢	luks
1	姜	zingibr
1	孵	kov
1	它	g^i
1	尸	kadavr
1	屁	furz
1	屏	ekran
1	已	jam
1	帷	drapir
1	弯	fleks
1	很	tre
1	悍妇	meger
1	悄	flustr
1	悖	paradoks
1	惠	komplez
1	慷	prodig
1	扁	plat
1	找	trov
1	抒	lirik
1	抓	grat
1	拿	pren
1	抛	parabol
1	拉	tir
1	拉链	zip
1	拱	volb
1	拱架	cintr
1	拱座	impos^t
1	拱廊	arkad
1	挂	pend
1	挂轴	kakemon
1	挂饰	mobil
1	捶	male
1	插孔	j^ak
1	搏	lukt
1	擅	arbitr
1	收割	falc^
1	效率	rendiment
1	敲	frap
1	旁	apud
1	无因	nenial
1	无液	aneroid
1	无花果	fig
1	无差	aplanat
1	无罪	inocent
1	无散光	anastigmat
1	无生	azo
1	无定	astat
1	无之	nenies
1	无量	neniom
1	无时	neniam
1	无样	neniel
1	旱桥	viadukt
1	晨	maten
1	霸	hegemoni
1	杆	stang
1	杠	vekt
1	梳	komb
1	梭	naved
1	棍	klab
1	椰	kokos
1	椰干	kopr
1	榕	fikus
1	橄榄	oliv
1	橙	orang^
1	歇	pau^z
1	殷勤	galant
1	毯	tapis^
1	气候	klimat
1	气肿	emfizem
1	氛	etos
1	汞	hidrarg
1	汞齐	amalgam
1	沐	s^ampu
1	泄	ekskreci
1	沮丧	deprim
1	泛	kosmopolit
1	泪	larm
1	泪囊	dakriocist
1	衍射	difrakt
1	洒	asperg
1	淹	inund
1	渊	abism
1	游学	goliard
1	游击	geril
1	游说	lobi
1	溪	roj
1	灌	klister
1	灌木	arbust
1	漱	gargar
1	炬	torc^
1	炸糕	benjet
1	炮架	afust
1	炮兵	artileri
1	烟灰	fulg
1	烟斗	pip
1	烟碱	nikotin
1	熏	bukan
1	爬虫	sau^r
1	犹	hezit
1	狡	ruz
1	猩	goril
1	猩红热	skarlatin
1	默	silent
1	瓷	porcelan
1	瓷土	kaolin
1	瓷砖	kahel
1	畸	terat
1	疆	marki
1	盖	kovr
1	矮	nan
1	矮马	pone
1	砌	mason
1	硅铝	sial
1	碎屑	detrit
1	碎石	makadam
1	碎麻	til
1	碎粒	gri
1	磅	funt
1	秧鸡	ral
1	禀	temperament
1	窘	embaras
1	窖	kel
1	窖藏	insil
1	站	staci
1	簧	anc^
1	粮	proviant
1	絮	flok
1	缸	urn
1	缺	mank
1	缺席	kontumac
1	网膜	retin
1	网纱	tul
1	羞	pudor
1	翔	s^veb
1	耘	sark
1	耻	hont
1	聊	babil
1	聘	engag^
1	聚伞	cum
1	聚变	fuzi
1	肛	anus
1	肚	trip
1	肚肠	anduj
1	脉石	gang
1	脉膜	koroid
1	腋	aksel
1	脾	lien
1	腮	mumps
1	腮腺	parotid
1	臂	brak
1	艾	moks
1	芒果	mang
1	范	norm
1	苹	pom
1	苞	brakte
1	菠菜	spinac
1	菠萝	ananas
1	菠萝蜜	jakv
1	葫芦	kalabas
1	蔗	sakar
1	藏	kas^
1	藏红花	safran
1	蛛膜	araknoid
1	蝎	skorpi
1	蝎鱼	skorpen
1	蟋	gril
1	裙	jup
1	裹	vind
1	豌	piz
1	跛	lam
1	跟	kalkan
1	蹲	kau^r
1	躁	nervoz
1	迹	spur
1	邀	invit
1	酥盒	volovan
1	陷	insid
1	隧	tunel
1	霍乱	h^oler
1	鞋	s^u
1	增幅	amplifik
1	增补	koopt
1	皂	sap
1	羡	envi
1	菇	bolet
1	黑麦	sekal
1	黑穗病	smut
1	黑话	j^argon
1	专	fak
1	专制	despot
1	专员	komisar
1	业	industri
1	丝虫	filari
1	两	ambau^
1	两性	hermafrodit
1	两栖	amfibi
1	丧	funebr
1	丰	abund
1	临界	krit
1	为	por
1	乌	ebon
1	乌银	niel
1	乐迷	meloman
1	习	kutim
1	乡	rur
1	书体	uncial
1	书法	kaligraf
1	买	ac^et
1	亏	deficit
1	亚	hipo
1	亚甲	metilen
1	亚麻	lin
1	产科	obstetrik
1	产后	puerper
1	仅	nur
1	仓鼠	hamstr
1	仪	rit
1	众	popular
1	优生	eu^genik
1	传真	faks
1	伦	etik
1	伪善	hipokrit
1	你	vi
1	侄	nev
1	侦	skolt
1	侧	flank
1	侧头	tempi
1	俏	dand
1	倾析	dekant
1	兑	spez
1	关节强直	ankiloz
1	养老	pensi
1	兽医	veterinar
1	兽相	fau^n
1	军官	oficir
1	军士	serg^ent
1	军需	furier
1	军帽	kep
1	军团	korpus
1	军团菌	legionel
1	农社	kolh^oz
1	减分	mejoz
1	凤	feniks
1	凯	triumf
1	凳	benk
1	击	traf
1	击剑	skerm
1	凿	gug^
1	刁	c^ikan
1	则	princip
1	刚	j^us
1	刨	rabot
1	别	ali
1	劝	admon
1	劝愈	pitiat
1	办公	kancelari
1	劲	verv
1	劳	labor
1	势	potencial
1	势利	snob
1	协同作用	sinergi
1	单位	unit
1	单眼	ocel
1	单峰驼	dromedar
1	单杠	rek
1	卖	vend
1	卡	kart
1	历	kalendar
1	历书	almanak
1	压花	gofr
1	压光	kalandr
1	压力	stres
1	压舱	balast
1	厌女	mizogin
1	厌人	mizantrop
1	厕	klozet
1	厢	vagon
1	发育	puber
1	发音	artikulaci
1	发球	servir
1	发情	oestr
1	变位	konjugaci
1	变形	anamorfoz
1	变形虫	ameb
1	变焦	zom
1	叹	suspir
1	吓	hu
1	吗	c^u
1	吱	knar
1	吵	kverel
1	呕	nau^z
1	呢	drap
1	咪	miau^
1	哑	mut
1	哑剧	pantomim
1	哑铃	halter
1	唬	bluf
1	啊	ha
1	啰音	rasl
1	喷泉	fontan
1	嗡	zum
1	嘹	klarion
1	嘻	hihi
1	嘿	nu
1	囊室	divertikul
1	囊尾虫	cisticerk
1	囊肿	kist
1	园艺	hortikultur
1	围猎	batu
1	圆柱	cilindr
1	圆虫	strongil
1	圆舞	vals
1	圆木	s^tip
1	圆锥	panikl
1	圆顶	kupol
1	圣器	sakristi
1	圣公	anglikan
1	圣行	suna
1	圣像	ikon
1	圣礼	sakrament
1	圣诞	jul
1	圣饼	hosti
1	坚果	avel
1	坚信礼	konfirmaci
1	坠	kras^
1	垃圾	spam
1	垄	monopol
1	垄断	trust
1	垒	rempar
1	墩	sokl
1	处女膜	himen
1	处理器	procesor
1	复活	resurekt
1	复数	plural
1	复兴	renesanc
1	够	sufic^
1	头巾	turban
1	头甲	cefalaspid
1	头皮	skalp
1	头韵	aliteraci
1	头癣	tini
1	夹板	splint
1	夹头	c^uk
1	奋	streb
1	奖	premi
1	奶冻	puding
1	她	s^i
1	妒	j^aluz
1	娇	lind
1	娱	amuz
1	婴	beb
1	孙	nep
1	实习	stag^
1	实验室	laboratori
1	宠	dorlot
1	审判	inkvizici
1	宪	konstituci
1	宪兵	g^endarm
1	宫伯	palatin
1	宾	akuzativ
1	对数	logaritm
1	对流	konvekt
1	对流层	troposfer
1	对质	konfront
1	导演	reg^isor
1	导师	mentor
1	导弹	misil
1	尔	ci
1	尘	polv
1	岁	ag^
1	岗	posten
1	岛	insul
1	巢	nest
1	巩膜	sklerot
1	帅	s^ik
1	帐	tend
1	帘	kurten
1	庆典	jubile
1	庐	kaban
1	应	dev
1	庙	templ
1	庙奴	hierodul
1	开胃酒	aperitiv
1	开除	ekskomunik
1	开心果	pistak
1	异位	ektopi
1	异形	alotrop
1	异端	herez
1	异议	kontest
1	张	toni
1	弹道	balistik
1	弹簧	risort
1	弹药	munici
1	强直	tetan
1	归	atribu
1	彻	radikal
1	忧	angor
1	忧虑	anksi
1	怀	sin
1	怀旧	nostalgi
1	态	stat
1	总苞	involukr
1	恶棍	kanajl
1	悬	suspensi
1	悬铃木	platan
1	愤	indign
1	懒	pigr
1	戏	spektakl
1	戏法	prestidigit
1	战车	tank
1	扩	amplif
1	扫星	komet
1	扬	ekzalt
1	扬抑	troke
1	抚	kares
1	抢	rab
1	护照	pasport
1	护舰	korvet
1	报复	reprezali
1	拖网	trol
1	拖鞋	pantofl
1	拖车	remork
1	拥	svarm
1	拦	dig
1	拨	plektr
1	拴	rigl
1	拼	parget
1	挖泥	drag
1	挣	barakt
1	挤	melk
1	挥	sving
1	挥发	volatil
1	换行	aline
1	捣	pist
1	掐	pinc^
1	搅	agit
1	搅炼	pudl
1	摄	kamera
1	摄氏	celsius
1	摄政	regent
1	摇琴	gurd
1	摹	pau^s
1	撑	steg
1	斋	fast
1	晓	au^ror
1	晕染	stomp
1	晚	vesper
1	暂	provizor
1	术	taktik
1	杂技	akrobat
1	杂耍	variete
1	极乐鸟	paradize
1	构造	tektonik
1	枫	acer
1	柜	s^rank
1	柠檬	limon
1	柠檬水	limonad
1	查	enket
1	查封	sekvestr
1	标点	interpunkci
1	标量	skalar
1	树瘤	gajl
1	树懒	ake
1	桌	tabl
1	桥	pont
1	桥牌	brig^
1	桦	betul
1	桨船	galer
1	检疫院	lazaret
1	检察	prokuror
1	检尸	nekropsi
1	棱	eg^
1	棱镜	prism
1	槛	sojl
1	欢	gaj
1	欢呼	aklam
1	步兵	infanteri
1	歧	diskriminaci
1	歧义	ambigu
1	歼	eksterm
1	毁	detru
1	每	po
1	毡	felt
1	氧化	oksid
1	氧减	redoks
1	氨	amoniak
1	氨硫	sulfam
1	氯	klor
1	汇编	asembl
1	汤	sup
1	沉箱	kason
1	泵	pump
1	泻	laks
1	泻湖	lagun
1	泻块根	jalap
1	泽	glace
1	泽泻	alism
1	洁	c^ast
1	浆果	ber
1	浇	vers^
1	浊	turbid
1	测地	geodezi
1	润滑	lubrik
1	涨	flus
1	涩	adstring
1	溅	plau^d
1	滤	filtr
1	滥	eksces
1	滩	plag^
1	灭	esting
1	灵猫香	cibet
1	灵长	primat
1	灿	splend
1	炼金	alkemi
1	烁	scintil
1	烛	kandel
1	烤肉	kebab
1	烤包	toast
1	烧炭党	karbonar
1	热带	tropik
1	焰	flam
1	爱国	patriot
1	爷	av
1	牺	viktim
1	狮	leon
1	狮面	sfinks
1	狮鹰	grif
1	猬	erinac
1	玛瑙	oniks
1	玫	roz
1	环氧	epoksi
1	琐	bagatel
1	瓤	pulp
1	电流	kurent
1	电传	teleks
1	电疗	faradiz
1	电车	tram
1	电鱼	gimnot
1	疟	malari
1	疤	cikatr
1	疮疤	skab
1	瘦果	aken
1	癣	skabi
1	皱胃	lab
1	皱绸	krep
1	盐	sal
1	盐浸	pekl
1	监护	kurator
1	盘尾	onkocerk
1	矫	ortopedi
1	码元	koder
1	砍	hak
1	砖	brik
1	砰	pum
1	砾	gruz
1	础	plint
1	硕	magistr
1	碘	jod
1	磷光	fosforesk
1	磷虾	eu^fau^zi
1	祸	akcident
1	离婚	divorc
1	离心	centrifug
1	秃	kalv
1	秃鹰	vultur
1	种姓	kast
1	积分	integral
1	竖	vertikal
1	竖井	s^akt
1	笼	kag^
1	筛	kribr
1	篡	uzurp
1	篮	korb
1	篱	heg^
1	糕	kuk
1	紧	strec^
1	红果	arbut
1	红虫	koc^
1	红土	sien
1	红宝	ruben
1	红胞	eritrocit
1	红利	tantiem
1	纤蛋白	fibrin
1	纤毛	cili
1	约数	divizor
1	纪	epok
1	纯	pur
1	纲领	platform
1	纳	kotiz
1	纵隔	mediastin
1	纵欲	orgi
1	纵标	ordinat
1	纸	paper
1	纺	s^pin
1	纺锤	spindel
1	线脚	modlur
1	练	ekzerc
1	细菌	mikrob
1	终端	terminal
1	绊	stumbl
1	经院	skolastik
1	经度	longitud
1	绒膜	kori
1	结核素	tuberkulin
1	结巴	balbut
1	结膜	konjunktiv
1	结扎	ligatur
1	结肠	kojl
1	绕	haspel
1	绘	desegn
1	给	don
1	绝	absolut
1	绞痛	kolik
1	绞盘	kapstan
1	统觉	apercept
1	绣	brod
1	继	hered
1	续断	dipsak
1	绳	s^nur
1	维	dimensi
1	绵枣儿	scil
1	绿	verd
1	绿玉	smerald
1	缆路	telfer
1	缓冲	bufr
1	编纹	gilos^
1	编译	kompiler
1	缝合	sutur
1	缝边	orl
1	缩瞳	mioz
1	罗	groc
1	罗盘	kompas
1	罢	strik
1	翘嘴	pau^t
1	耍	j^ongl
1	聋	surd
1	聪	inteligent
1	肠线	katgut
1	肾盆	pjel
1	肿	s^vel
1	肿瘤	onk
1	胁	minac
1	胜	venk
1	胰	pankreat
1	胰岛素	insulin
1	脏	viscer
1	脐	umbilik
1	脑弓	forniks
1	脑膜	mening
1	脓泡	pustul
1	脓漏	piore
1	脓疮	impetig
1	脓肿	absces
1	腊肠	salam
1	腊肠树	kasi
1	腻子	mastik
1	腾	sor
1	舀	c^erp
1	舔	lek
1	舱	kajut
1	舱底	bilg^
1	艺妓	gejs^
1	苇	kan
1	苍	pal
1	茬	stopl
1	荔	lic^i
1	荧	luminesk
1	荧光	fluoresk
1	药瓜	kolocint
1	莲	lotus
1	莺	silvi
1	萝卜素	karoten
1	萤	lampir
1	蓝菊	cejan
1	虑	konsider
1	虽	kvankam
1	虾虎	gobius
1	蚀刻	akvafort
1	蚀变	alteraci
1	蚁	formik
1	蛀牙	kari
1	蜕	mud
1	蜗牛	limak
1	蜡	vaks
1	蜡画	enkau^stik
1	蜡蝉	fulgor
1	蜡纸	stencil
1	蝇	mus^
1	蝇子草	silen
1	补贴	subvenci
1	补马	remont
1	袜	s^trump
1	袭	razi
1	见	vid
1	讥	rikan
1	议堂	kapitol
1	记者	reporter
1	讲价	marc^and
1	讲师	docent
1	讹	c^antag^
1	论文	disertaci
1	讽刺	satir
1	设计	dezajn
1	识	kogn
1	诊	klinik
1	诊断	diagnoz
1	词典	leksikon
1	词汇	leksik
1	试	prov
1	诡辩	sofism
1	询	konsult
1	语素	morfem
1	语法	gramatik
1	误	mis
1	说	dir
1	诵	deklam
1	诺	promes
1	读	leg
1	调色板	paletr
1	调车	rang^
1	谈	konversaci
1	谍	spion
1	谎	mensog
1	谓	predikat
1	谚	proverb
1	谢	dank
1	谣	klac^
1	谤	kalumni
1	谬	absurd
1	谱	spektr
1	贝岩	falun
1	贝母	fritilari
1	贞	virg
1	财	financ
1	财魔	mamon
1	财务官	kvestor
1	质子	prot
1	质数	prim
1	质体	plastid
1	质询	interpelaci
1	贪	avid
1	贪食	vor
1	贫	povr
1	贫窟	slum
1	贫血	anemi
1	贯	koher
1	贺	gratul
1	贿	korupt
1	资源	resurs
1	赌	vet
1	赖	lizin
1	赚	lukr
1	赛场	stadion
1	赛驼	mehar
1	赢	gajn
1	跑	kur
1	踢	kalcitr
1	踱	ambl
1	躺	kus^
1	车身	karoseri
1	车前	plantag
1	车杆	timon
1	软	mol
1	软革	maroken
1	软体	molusk
1	轰动	sensaci
1	轴线	trace
1	轻浮	frivol
1	载	s^arg^
1	载体	vehikl
1	轿	palanken
1	辉	efluv
1	辐	spok
1	输	transfuz
1	输尿管	ureter
1	辙叉	frog
1	辩证	dialektik
1	过敏	alergi
1	这	jen
1	远征	ekspedici
1	违	delikt
1	违规	fau^l
1	迟	tard
1	选手	atlet
1	递归	rikur
1	遗尿	enurez
1	遗物	relikv
1	遗传	genetik
1	遗赠	legac
1	邻	najbar
1	酱	sau^c
1	鉴	ekspertiz
1	针线	mercer
1	针鱼	belon
1	钉头锤	madz
1	钙	kalci
1	钟琴	kariljon
1	钢	s^tal
1	钩虫	ancilostom
1	钱虫	numulit
1	钻颅	trepan
1	钾	kali
1	钾碱	potas
1	铁床	ambos
1	铁杉	cug
1	铁线草	adiant
1	铃鼓	tamburin
1	铃兰	konval
1	铅	plumb
1	铜	kupr
1	铜盘	cimbal
1	铜绿	verdigr
1	铝	alumini
1	铭	deviz
1	银莲	anemon
1	铸	gis
1	铸排	linotip
1	铸版	klis^
1	链球菌	streptokok
1	链节	mer
1	锄	rastr
1	锌	zink
1	错	erar
1	锚	ankr
1	锡	stan
1	锣	tamtam
1	锤	martel
1	锥线	konik
1	锦	brok
1	键	klav
1	锯	seg
1	锰	mangan
1	锹甲	lukan
1	锻	forg^
1	镐	pioc^
1	长号	trombon
1	长石	feldspat
1	长老	presbiterian
1	闭	ferm
1	闭花	klejstogam
1	问荆	ekvizet
1	闲职	sinekur
1	间	inter
1	间隔	interval
1	闷	brez
1	闸	kluz
1	闹	tumult
1	闻	anekdot
1	阀	valv
1	阳	sun
1	阳台	balkon
1	阴	katod
1	阴茎	penis
1	阴道	vagin
1	阴部	pudend
1	阴蒂	klitor
1	阴囊	skrot
1	阴户	pic^
1	阵	falang
1	陆	kontinent
1	陨	meteor
1	险	risk
1	雾	nebul
1	霉	s^im
1	页	pag^
1	项链	kolier
1	顺	rezignaci
1	顺势	homeopati
1	须	end
1	顾	retrospektiv
1	预科	propedeu^tik
1	预算	bug^et
1	预测	prognoz
1	颅	krani
1	领	teritori
1	领航	pilot
1	领事	konsul
1	领带	kravat
1	颈鹿	g^iraf
1	颈毛	krin
1	颈卵器	arkegoni
1	颊	vang
1	频	frekvenc
1	颖	glum
1	颗石	kokolit
1	颤	trem
1	颤歌	tril
1	风化	efloresk
1	风琴	harmonium
1	风湿	reu^mat
1	风信子	hiacint
1	风箱	balg
1	飘	flirt
1	飞	flug
1	饲	furag^
1	饶	indulg
1	饺	raviol
1	馏	distil
1	马球	polo
1	马棚	stal
1	马枪	karaben
1	驮	ferut
1	驯	dres
1	驯鹿	rangifer
1	驯马	maneg^
1	驰	galop
1	驱	pel
1	驱魔	ekzorc
1	驴	azen
1	驻	rezid
1	驻官	rezident
1	驼	kamel
1	驼鹿	alk
1	骂	sakr
1	骄	fier
1	鱼苗	alvus
1	鱼雷	torped
1	鱼卵	fraj
1	鱼际	tenar
1	鱼龙	iktiosau^r
1	鲜	fres^
1	鲨	s^ark
1	鲨皮	s^agrin
1	鲸须	bart
1	鳄	krokodil
1	鳄梨	avokad
1	鳞	skvam
1	鸟巢兰	neoti
1	鸡尾酒	koktel
1	鸡油菌	kantarel
1	鸭	anas
1	鸵鸟	strut
1	鹃	kukol
1	鹅	anser
1	鹅膏	amanit
1	鹊	pig
1	鹤	gru
1	鹤鸵	kazuar
1	鹦	papag
1	鹦螺	nau^til
1	鹦鹉	psitak
1	龙血树	dracen
1	龙香	ambr
1	龙舌兰	agav
1	龙胆	gencian
1	龙卷	tromb
1	龙虾	omar
2	粟	mili,panic
2	案	projekt,pupitr
2	杏	abrikot,anzu
2	位似	homotet,homoteti
2	胃	gastr,stomak
2	育	eduk,kresk
2	引	cit,gravit
2	淫	obscen,porn
2	院长	abat,prior
2	宇	kosm,univers
2	羽	plum,volan
2	云	nef,nub
2	映	enantio,kin
2	疫	epidemi,pest
2	益	benefic,util
2	悦	delekt,plac^
2	越	ju,trans
2	宴	banked,festen
2	炎	inflam,katar
2	央	centr,central
2	横	horizontal,transvers
2	黄	flav,flavin
2	黄铜	latun,tombak
2	加	adici,plus
2	寡	oligo,vidv
2	火枪	musked,musket
2	花环	feston,girland
2	蚊	kul,moskit
2	我	atm,mi
2	雅	elegant,graci
2	介电	dielektrik,permitiv
2	快	agrabl,alegr
2	悔	pent,rimors
2	械	meh^anik,mekanik
2	海胆	eh^in,ekin
2	芥	mustard,sinap
2	外科	kirurg,kirurgi
2	害	atenc,noc
2	廓	kontur,profil
2	核	kern,nukle
2	革	led,revoluci
2	割	sekant,serp
2	褐	bistr,brun
2	瓦	tegol,vat
2	汗	h^an,s^vit
2	丸	pilol,testik
2	玩	lud,petol
2	癌	kancer,karcinom
2	岩	petr,rok
2	企鹅	pingven,sfenisk
2	危	dang^er,kriz
2	喜	g^oj,s^at
2	寄	konsign,visk
2	季	sezon,trimestr
2	稀	dilu,rar
2	峡	istm,ravin
2	怯	poltron,timid
2	玉	gem,jad
2	勤	asidu,diligent
2	筋	muskol,tenden
2	芹	api,celeri
2	近	miop,proksim
2	苦	amar,sufer
2	掘	fos,sape
2	栗	kas^tan,maron
2	君主	monark,monarki
2	群	ar,greg
2	刑	kriminal,linc^
2	型	muld,tip
2	景	panoram,pejzag^
2	桂	cinam,lau^r
2	茎	kulm,tig
2	激	ekscit,stimul
2	血虫	bilharzi,skistosom
2	健	salubr,san
2	券	bil,kupon
2	建	fond,konstru
2	建筑	arkitekt,arkitektur
2	肩	s^ultr,skapol
2	元	vokal,vokoid
2	限	fini,restrikt
2	糊	amel,past
2	互	mutual,reciprok
2	侯	markiz,princ
2	光	fot,lum
2	向	al,trop
2	喉	gorg^,laring
2	孔	apertur,por
2	宏	grandioz,makro
2	校	gimnazi,lice
2	梗	infarkt,pedunkl
2	甲状	tire,tiroid
2	香柑	bergamot,cedrat
2	劫	kaper,korsar
2	克	gram,konker
2	腰	lumb,tali
2	忽	ignor,neglekt
2	骨	ost,skelet
2	此	c^i,cis
2	婚	fianc^,nupt
2	混	miks,sinkret
2	混乱	h^aos,kaos
2	塞	kork,plosiv
2	祭	hieratik,mes
2	材	material,statur
2	作	au^tor,verk
2	三	terciar,tri
2	参	referenc,stab
2	山核桃	karj,pekan
2	餐	restoraci,supe
2	残	kripl,kruel
2	史	anal,histori
2	史诗	epik,epope
2	士	kavalir,licenci
2	姿	gest,poz
2	子	atom,id
2	志	ambici,grafi
2	思	medit,pens
2	止	apne,c^es
2	死	mort,nekr
2	私	partikular,privat
2	次	foj,sekundar
2	自治	au^tonom,au^tonomi
2	自发	spontan,spontane
2	湿	higr,humid
2	邪	pervers,perversi
2	勺	kuler,s^kop
2	主祭	pontifik,prepost
2	守	gard,garnizon
2	手	kiral,man
2	朱	cinabr,vermiljon
2	首	arki,c^ef
2	授	inic,profesor
2	酬	honorari,rekompenc
2	汁	most,suk
2	祝	ben,tost
2	熟	familiar,matur
2	述	dikt,rakont
2	准	akurat,preciz
2	助	adjunkt,help
2	序	ord,sekvenc
2	匠	prot,virtuoz
2	唱	h^or,kant
2	将	baldau^,general
2	庄	bien,solen
2	笑	komik,rid
2	障	bar,handikap
2	上	super,sur
2	条	lat,stri
2	拭	s^vabr,vis^
2	殖	koloni,prolifer
2	触	tikso,tus^
2	食	eklips,mang^
2	辱	blasfem,sakrilegi
2	伸	ekstens,etend
2	信风	alize,trad
2	振	oscil,vibr
2	新	neo,nov
2	疹	ekzantem,tif
2	真	au^tentik,ver
2	神经	nerv,neu^r
2	臣	ministr,vasal
2	逗	kom,s^erc
2	吹	blag,blov
2	睡	dorm,pij^am
2	衰	atenu,kah^eksi
2	数据	daten,datum
2	制服	livre,uniform
2	政	polit,politik
2	精液	c^ur,sperm
2	誓	j^ur,vot
2	醒	sobr,vek
2	青	cian,livid
2	税	akciz,impost
2	雪松	cedr,himalaj
2	雪车	lug^,sled
2	千	kilo,mil
2	潜	latent,plong^
2	煽动	demagog,demagogi
2	腺	aden,gland
2	粗	krud,rasp
2	相关	korelaci,korelativ
2	草原	preri,step
2	送	eksped,send
2	霜	frost,prujn
2	像	s^ajn,statu
2	促	akcel,forc
2	即	ekstemporal,tuj
2	足	pied,pod
2	属	aparten,genr
2	尊	dign,estim
2	他	altru,li
2	袋鼠	kanguru,makrop
2	大豆	glicin,soj
2	托	kolb,korbel
2	探	esplor,sond
2	炭	brag^,karb
2	短	efemer,kurt
2	短裤	kulot,s^ort
2	胆	gal,kole
2	断	asert,intermit
2	知	gnostik,sci
2	逐	ekzil,proskrib
2	窒	asfiksi,sufok
2	忠	fidel,lojal
2	抽	abstrakt,ekstrakt
2	抽筋	kramf,spasm
2	丁香	kariofil,siring
2	兆	bilion,megom
2	跳	kapriol,salt
2	直	orto,rekt
2	痛	algi,dolor
2	通	dia,korespond
2	爪	klik,ung
2	低	bas,depresi
2	底	fon,fund
2	提	menci,suflor
2	艇	jah^t,jakt
2	摘	enukle,pluk
2	笛	fajf,flut
2	哲	filozof,filozofi
2	天	c^iel,paradiz
2	天使	ang^el,seraf
2	田	hub,kamp
2	堵	obtur,s^top
2	徒	adept,van
2	杜松	juniper,sabin
2	度	grad,skal
2	怒	koler,kolerik
2	倒	inversi,kusp
2	投	j^et,spekul
2	灯	lamp,lucern
2	当	dej^or,lombard
2	痘	akn,variol
2	同伦	homotop,homotopi
2	堂区	paroh^,parok
2	特许	koncesi,patent
2	独	apart,unik
2	橡	glan,kverk
2	南	antarkt,sud
2	肉	karn,viand
2	任	investitur,kapric
2	猫	felis,kat
2	燃	brul,fuel
2	粘	muk,viskoz
2	破	c^ifon,romp
2	背	dors,parker
2	肺	pneu^mon,pulm
2	倍	obl,ploid
2	媒	medium,svat
2	博	doktor,erudici
2	八	ok,okta
2	八度	okt,oktav
2	半	hemi,semi
2	反射	refleks,reflekt
2	帆索	bras,hals
2	帆船	lugr,skun
2	版	format,versi
2	卑	fi,trivial
2	批	ratif,ratifik
2	比	ol,proporci
2	避	evit,rifug^
2	尾	kulas,vost
2	微分同胚	difeomorf,difeomorfi
2	微风	briz,zefir
2	菱	lozang^,romb
2	必	neces,nepr
2	百万	mega,milion
2	豹	leopard,panter
2	敏	prompt,sagac
2	富	oz,ric^
2	怖	horor,teror
2	浮	bu,pelag
2	侮	insult,ofend
2	副	adverb,akcesor
2	福	beat,elize
2	腹	lapar,ventr
2	覆	mulc^,teg
2	物	aj^,objekt
2	物理	fizi,fizik
2	平	eben,nivel
2	柄	ans,stip
2	米	metr,riz
2	壁	mur,pariet
2	偏执	bigot,paranoj
2	募	kvest,varb
2	宝	juvel,trezor
2	蓬	hirt,vil
2	忘	amnezi,forges
2	暴风	tempest,uragan
2	望	esper,perspektiv
2	膨	dilat,ekspansi
2	墨	ink,tuc^
2	朴	naiv,rustik
2	牧草	gres,medikag
2	盆	basen,pelv
2	幕	akt,kulis
2	慢	adag^,kronik
2	魅	c^arm,fascin
2	蜜	miel,nektar
2	矛	halebard,lanc
2	明	eksplicit,morgau^
2	迷	superstic^,zelot
2	棉	koton,vat
2	模	model,s^ablon
2	盲	anopsi,blind
2	木棉	bombak,kapok
2	目	oftalm,okul
2	野鸡	fazan,tetra
2	役	kampanj,servut
2	柳	salik,vimen
2	愈	des,konvalesk
2	愈疮木	gajak,gvajak
2	油	ole,petrol
2	油菜	kolz,nap
2	勇	brav,kurag^
2	有	hav,posed
2	幼	jun,neoten
2	容	kapacit,mien
2	用	aplik,uz
2	欲	apetit,dezir
2	翼	al,plane
2	落	decidu,fal
2	酪	fromag^,krem
2	李	prun,prunus
2	率	procent,susceptibl
2	立葵	alce,alte
2	流	flu,reo
2	力	dinamik,potenc
2	例	ekzempl,kaz
2	露	ekshibici,ros
2	漏	lik,stomi
2	老	senil,veteran
2	湾	golf,sinu
2	个	individu,individual
2	乘	multiplik,vetur
2	舒	diastol,komfort
2	佛	buda,budh
2	假	feri,fint
2	傲	arog,orgojl
2	兔	kunikl,lepor
2	决	decid,rezoluci
2	况	cirkonstanc,situaci
2	刮	rugin,skrap
2	辨	diskrimin,disting
2	厂	fabrik,uzin
2	听	au^d,au^skult
2	咏	c^ant,psalm
2	咒	anatem,envult
2	啼	grak,kokerik
2	嗅	flar,olfakt
2	噪	bru,kakofoni
2	圈	boben,cirk
2	堡	burg,fuort
2	夸	bombast,fanfaron
2	孕	graved,koncip
2	屎	kak,merd
2	巫	mag,s^aman
2	并	aneks,paralel
2	广	ampleks,vast
2	怕	fob,tim
2	愿	vol,volont
2	扁桃	migdal,tonsil
2	揉	kned,tau^z
2	无政	anark,anarki
2	无产	prolet,proletari
2	框	fram,kadr
2	棕	arek,palm
2	椒	piper,pipr
2	榴	granat,punik
2	檐	kornic,vizier
2	气管	trah^e,trake
2	淤	aluvi,kongest
2	炸	dinamit,frit
2	炮	kanon,petard
2	猴桃	aktinidi,kiv
2	瓣	klap,petal
2	盒	kased,skatol
2	碎	fragment,frakas
2	窗	fenestr,gic^et
2	罐	amfor,bokal
2	翅	pter,pterig
2	耙	erp,rast
2	耻骨	pub,pubi
2	肛交	bugr,sodomi
2	胚	blast,embri
2	胖	korpulent,obez
2	臀	grop,pug
2	荐	rekomend,sakr
2	蚌	mitul,ostr
2	蝠	filostom,vespertilion
2	蝗	akrid,lokust
2	蠕	helmint,peristalt
2	衫	bluz,c^emiz
2	辣	kajen,kapsik
2	醋	acet,vinagr
2	醋栗	gros,rib
2	雹	grajl,hajl
2	勒	brid,string
2	韵	asonanc,rim
2	髓	medol,mjel
2	德	moral,virt
2	炫	bravur,parad
2	东	orient,oriental
2	举	kondut,lev
2	义	deont,justic
2	书	libr,skrib
2	产	akus^,produkt
2	仓	magazen,sil
2	份	da,porci
2	伤	lez,vund
2	储	rezerv,stok
2	兰	orkid,orkide
2	关	dogan,rilat
2	军	arme,militar
2	农	agr,agrikultur
2	冻	kongel,krio
2	击倒	knokau^t,nokau^t
2	剑	glav,spad
2	协	kooper,kooperativ
2	厌	abomen,enu
2	发	emisi,lanc^
2	发电	dinam,generator
2	变色龙	h^ameleon,kameleon
2	吨	tonel,tun
2	启	inspir,revelaci
2	员	komiz,membr
2	哼	grunt,ronk
2	啃	rod,rong^
2	啪	knal,krak
2	喻	metafor,trop
2	嚎	hurl,ulul
2	囤	akapar,stapl
2	园	g^arden,park
2	圆	cirkl,rond
2	圣餐	eu^karisti,komuni
2	坛	altar,forum
2	垛	krenel,stak
2	垫	kusen,matrac
2	壶	kruc^,pot
2	宁	prefer,seren
2	宫	palac,uter
2	寻	klaft,serc^
2	师	divizi,majstr
2	恶	malic,malign
2	恼	c^agren,irit
2	惯	inerci,rutin
2	戏仿	parodi,travesti
2	执	ekzekuci,ekzekut
2	扫	bala,skan
2	拖	traktor,tren
2	拟	mimik,simul
2	拧	tord,vring
2	换	komut,permut
2	揭	denunc,rivel
2	摆	bask,pendol
2	时	kron,temp
2	时效	preskript,uzukap
2	杀	icid,murd
2	杂	divers,hibrid
2	构	instituci,struktur
2	枪	fusil,pistol
2	栅	hurd,krad
2	桩	palis,stump
2	椭圆	elips,oval
2	樱	c^eriz,meriz
2	氧	oks,oksi
2	氮	azot,nitr
2	污	makul,polu
2	浆	morter,plasm
2	涂	s^mir,stuk
2	满	kontent,plen
2	灵	spirit,spiritual
2	炼	afinaci,kupel
2	烦	agac,ted
2	烧	febr,kalcin
2	烫	brog,glad
2	焊	lut,veld
2	爱	am,fil
2	猎	c^as,pred
2	疗	terapeu^tik,terapi
2	疮	aft,ulcer
2	监	gvat,monitor
2	盔	helm,kask
2	矾	alun,vitriol
2	碳	karbon,karbur
2	离	for,repudi
2	离子	ion,jon
2	积	kumulus,volumen
2	稳	aplomb,stabil
2	窝	fove,ricel
2	笔	krajon,penik
2	红	rug^,skarlat
2	红树	mangl,rizofor
2	纤	fibr,gracil
2	纬	latitud,veft
2	纱	gaz,vual
2	纸草	papir,papirus
2	组	kompon,op
2	细	delikat,detal
2	经	bibli,varp
2	经济	ekonomi,ekonomik
2	绒	plus^,velur
2	结核	ftiz,skrofol
2	结石	kalkulus,litiaz
2	绞	strangol,vinc^
2	统	prezident,tradici
2	续	dau^r,kontinu
2	缀	prefiks,sufiks
2	缆	kabl,tiravir
2	缎	damask,saten
2	缘	afin,border
2	缝	kudr,steb
2	缠	implik,obsed
2	罚	penal,pun
2	职	ofic,profesi
2	肾	nefr,ren
2	脓	pio,pus
2	舔吸	midz,sesdeknau^
2	艺	art,meti
2	茧	kal,kokon
2	荣	glor,prosper
2	获	akir,rikolt
2	萝卜	rafan,rap
2	裤	kalson,pantalon
2	观	observ,spekt
2	计	metr,statistik
2	订	abon,mend
2	训	instrukci,trejn
2	讽	karikatur,sarkasm
2	设	establ,supoz
2	诈	artifik,frau^d
2	词	termin,vort
2	译	interpret,traduk
2	诚	honest,sincer
2	话	log,parol
2	语	idiom,lingv
2	诲	kateh^iz,katekiz
2	课	kurs,lecion
2	谜	enigm,mister
2	谦	humil,modest
2	谨	diskret,skrupul
2	贡	kontribu,tribut
2	责	respons,riproc^
2	败	defet,fiask
2	账	faktur,kont
2	贬	deprec,devalut
2	贴	afis^,afrank
2	费	kost,premium
2	资	burg^,kapital
2	赏	aprez,gratifik
2	赛	matc^,turnir
2	跷	baskul,stilz
2	轧	grinc,laminat
2	轮	rad,verticil
2	软骨	kartilag,kondr
2	轴	aks,s^aft
2	较	kompar,komparativ
2	辅	asist,konsonant
2	迁	emigr,migr
2	运	fortun,port
2	还	ankorau^,plu
2	邮	filatel,pos^t
2	针	nadl,pingl
2	钝	hebet,obtuz
2	钟	hor,horlog^
2	钠	natr,natri
2	钱	mon,sold
2	钳	h^elicer,tenajl
2	铁	fer,fero
2	银	arg^ent,bank
2	铺	pavim,stern
2	链	c^en,katen
2	销	debit,stift
2	锁	s^los,serur
2	锈	rust,ured
2	锐	akr,akut
2	锥	konus,piramid
2	镑	pund,sterling
2	长	kapitan,long
2	长椅	divan,kanap
2	门	filum,pord
2	问	demand,salut
2	阳具	falus,kac
2	陡	abrupt,krut
2	隐	ermit,marabut
2	项	nuk,term
2	顽	bub,obstin
2	颁	dekret,promulg
2	预	anticip,predikt
2	颈	cervik,kol
2	颠	atrop,tang
2	饮	drink,trink
2	饰带	galon,pasament
2	饱	sat,satur
2	马	c^eval,onagr
2	马车	faeton,fiakr
2	骑	kavaleri,rajd
2	鲤	ciprin,karp
2	鲸	balen,cetac
2	鸡	galin,kok
2	鸥	lar,mev
2	鸦	kornik,korv
2	鸦片	opi,teba
2	齿	dent,dental
2	龙骨	karen,kil
