"root"	"kanji"	"gloss"
"kurac"	"医"	"［他］治療する,治す;《転》癒やす ／ 治療"
"kuz"	"堂"	"いとこ（男）"
"lag"	"湖"	"人造湖 ／ 【地名】琵琶湖 ／ 【地名】チュド湖（エストニア・ロシア） ／ 【地名】トンティン湖（洞庭湖，中国）"
"lang"	"舌"	"チッと舌打ちをする ／ 舌の,舌状の ／ ［他］【楽】舌を使って吹奏する,タンギングする ／ 【解】舌;【料】（牛などの）舌肉,タン;舌状のもの;《転》話しぶり,弁舌"
"leĝ"	"律"	"法律を制定する ／ 税法 ／ （〜aj 〜oj）物理学の法則 ／ （la 〜）【法】教育基本法"
"ritm"	"律"	"リズムの,韻律の;リズムに合わせた,律動的な ／ 【運】新体操;リズム体操 ／ リズミカルに,律動的に ／ ［他］リズムを与える,調子をつける"
"kadenc"	"律"	"［他］調子をつける;終止に導く ／ 調子,拍子,リズム;【楽】終止,カデンツァ ／ 歩調 ／ 【PIV】Montranta kadencon."
"lert"	"巧"	"器用な,巧みな,上手な;敏捷な,すばしこい ／ 【動】ホモ・ハビリス（最古のヒト属） ／ すばしこい猫 ／ 腕のよい外科医"
"manier"	"式"	"やり方,仕方,様式,流儀 ／ 物腰,態度,行儀,作法 ／ 【PIV】Esprimanta manieron: la manieraj  ／ 【PIV】En ia maniero: ali maniere, samma"
"mod"	"式"	"【Ｇ】=kondicionalo（条件法） ／ 【Ｇ】=kondicionalo（条件法） ／ 流行の,はやりの ／ 流行;【Ｇ】（動詞の）叙法;【服】モード,ファッション;【統】モード,最頻値"
"formul"	"式"	"［他］書式に従って書く;【学】式で表す,定式化する;《般》言い表す ／ 書式;【理】式;【数】公式 ／ 【化】構造式"
"modal"	"式"	"【哲】様態の;【論】様相の;【Ｇ】様式に関する;【楽】旋法の ／ 【哲】様態;【論】様相;【Ｇ】（Ｅ動詞の）様式（定法・不定法・分詞の別）;【"
"mok"	"嘲"	"あざけりの ／ あざけるように,からかって ／ ［他］あざける,嘲笑する,からかう,冷笑する ／ あざけり（の言葉）"
"numer"	"号"	"（くじの）当籤番号 ／ （プッシュホンなどで）ダイヤルする,>>diski ／ 番号の,数値の ／ 【光】開口数"
"signal"	"号"	"信号の ／ ［他］信号を送る;合図する ／ 信号,合図;標識;【電】信号"
"ofic"	"职"	"辞職する,辞任する ／ 職務上の ／ ［自］執務する,事務を執る ／ （事務系の）職,職務,任務,役目"
"ombr"	"影"	"【理】本影 ／ 影のある,日の当たらない ／ ［他］影を落とす,陰らす ／ 陰（かげ）,日陰;影（かげ）,影法師;陰影,暗部;《転》闇,かげり;亡霊"
"film"	"影"	"【映】記録映画,ドキュメンタリー ／ ［他］映画にとる,撮影する ／ （写真や映画の）フィルム;映画（個々の作品） ／ 【映】無声映画"
"influ"	"影"	"影響力のある,勢力を持った ／ ［他］影響を与える,感化する,左右する ／ 影響,感化;影響力,勢力"
"cens"	"普"	"【史】ケンスス（古代ローマで徴税・徴兵を目的とした財産・人口調査）;=pop ／ 【PIV】(tr (transitiva)) Fari tian entab"
"ov"	"卵"	"【料】ゆで卵 ／ 卵を産む ／ 新鮮な卵 ／ 固ゆで卵"
"ovol"	"卵"	"【動】卵子;【植】胚珠（はいしゅ） ／ 【PIV】Rilata al ovolo."
"kojon"	"卵"	"【PIV】(fm (familiara, familiare)) Testi"
"pak"	"包"	"梱包（こんぽう）された貨物 ／ ［他］包みこむ ／ ［他］包む,包装する,荷造りする;【情】（ファイルを）圧縮する ／ 包み,荷物"
"bulk"	"包"	"【料】ロールパン,菓子パン（など小型の丸いパン） ／ 【料】クロワッサン"
"bandaĝ"	"包"	"［他］包帯する ／ 包帯"
"tek"	"包"	"手提げかばん,書類かばん,書類入れ,ブリーフケース,>>paperujo;収"
"pork"	"猪"	"豚の;豚のように汚い ／ 【料】豚カツ,ポークカツレツ ／ 【料】豚カツ,ポークカツレツ ／ 【動】ブタ（豚）"
"apr"	"猪"	"【動】イノシシ（猪）（種）,=sovag^a porko"
"sued"	"猪"	"【動】【PIV】Fam. (Familio) (Suidae) el la  ／ 【植】【PIV】G. (Genro) (Suaeda el kenopodi"
"sak"	"袋"	"ポリ袋,ビニール袋 ／ 袋;かばん,バッグ"
"poŝ"	"袋"	"小型の,ポケット版の ／ ポケット;《転》財布;懐（ふところ）"
"seren"	"宁"	"晴朗な,晴れ晴れした;おだやかな,うららかな,のどかな"
"prefer"	"宁"	"【経】特恵関税 ／ むしろ,なるべく,好んで ／ ［他］（〜よりも）〜の方を好む,むしろ〜を選ぶ ／ 選択,好み"
"promes"	"诺"	"空約束 ／ 約束を破る ／ 口約束 ／ ［他］約束する,（物を）与えることを約束する;期待させる,請け合う,予想させ"
"paf"	"射"	"［他］撃つ,射る,射撃する,射出する,発射する ／ （一回の）射撃,射出,発射"
"radi"	"射"	"アマチュア無線 ／ 【理】射出光線 ／ 【理】入射光線 ／ 【理】赤外線"
"s^ot"	"射"	"【運】コーナーキック ／ 【運】フリーキック ／ 【運】ペナルティーキック ／ ［他］【運】（サッカーでボールを）キックする,シュートする"
"incid"	"射"	"【理】入射角 ／ 【理】入射波 ／ 【理】入射光線 ／ ［自］【光】入射する"
"ejakul"	"射"	"［自］射精する,=spermelj^eti ／ 【PIV】Ago de ejakulanto. ／ 【解】【PIV】Rilata al ejakulo: ejakula duk"
"aktin"	"射"	"【化】【PIV】(pp (se paroli pri) lumradio)  ／ 【生】【化】【PIV】Fadenforma proteino de mult"
"jekci"	"射"	"【数】【PIV】Bildigo (en iuj kunmetaj^oj). ／ 【PIV】Bildigo, kiu bildigas du malsamaj ／ 【PIV】Havanta la econ de enjekcio."
"region"	"区"	"沿海地方 ／ 工業地帯 ／ 【気】気候区 ／ 【理】磁区"
"reĝ"	"王"	"王の,国王の;王立の ／ 【鳥】イヌワシ（犬鷲）（種）,=ora aglo ／ 王室,王家,王族 ／ 王冠"
"rag^"	"王"	"ラージャ（インドの王・王族の称号）"
"rekt"	"直"	"まっすぐな,一直線の;直立した,垂直の,>>vertikala;直接の,直行 ／ 【政】直接民主制 ／ 【政】直接選挙 ／ ホモ・エレクトゥス,原人"
"religi"	"宗"	"宗教を信じる ／ 宗教上の,宗教的な;信心深い,敬虔（けいけん）な;細心な,きちょうめんな ／ （kun 〜）細心の注意（を払って） ／ 宗教紛争"
"ripet"	"复"	"繰り返して ／ ［他］繰り返す,反復する;繰り返して言う;復唱する ／ 繰返し,反復 ／ 【PIV】Prezentanta ripeton: ripeta horlo"
"kopi"	"复"	"【写】印画紙 ／ 写しとして,複写して ／ ［他］写しとる,複写する,模写する;【情】コピーする,複写する;【写】（印画 ／ 写し,コピー,複製品,レプリカ"
"anafor"	"复"	"【PIV】1 Ritmofiguro, konsistanta en la  ／ 【PIV】(pp (se paroli pri) pron. (pronom"
"ŝaf"	"羊"	"羊のように従順に ／ 【動】ヒツジ（羊）;《転》（羊のように）従順な人 ／ 【天】おひつじ座,=Arieso ／ 【PIV】1 Rilata al s^afo(j): havi s^afan"
"kapr"	"羊"	"【動】ヤギ（山羊） ／ 【聖】贖罪（しょくざい）のヤギ,身代わりのヤギ;《転》他人の罪を負わされる人 ／ 【PIV】Apartenanta au^ rilata al kapro: "
"ovi"	"羊"	"【動】【PIV】G. (Genro) (Ovis) de mamuloj e"
"sek"	"干"	"【貨】［略］=Sveda krono,スウェーデン・クローネ ／ 乾いた,乾燥した,水気のない,干からびた;《転》無味乾燥な,そっけない,情の ／ 【化】乾留 ／ 【海】乾ドック"
"trunk"	"干"	"うつろになった幹 ／ 親会社,>>filia kompanio ／ ［他］【数】（円錐などの）上部を切り捨てる ／ 【植】幹（みき）;【解】体幹,胴体;【解】幹（かん）;【数】（円錐台などの）"
"sever"	"严"	"厳しい,厳格な;容赦のない,過酷な;猛烈な,深刻な;《転》簡素な,無駄のない ／ 厳罰,厳刑 ／ 厳しく,容赦なく,深刻に ／ 厳しい態度"
"serioz"	"严"	"まじめな,謹厳な;本気の,真剣な;重大な,深刻な ／ 重い病気 ／ 真剣な考慮 ／ 深刻な事態"
"rigor"	"严"	"厳格な,厳しい,厳正な;厳密な,>>severa,>>strikta ／ 厳正な試験 ／ 厳格な主人 ／ 苛酷な現実"
"ŝlos"	"锁"	"［他］（鍵をかけて）閉じ込める ／ ［他］鍵をかける;《転》封じる,閉ざす ／ 【PIV】Ago de tiu, kiu s^losas."
"serur"	"锁"	"錠,錠前,>>s^losilo"
"spir"	"息"	"［他］息を吸う,吸い込む ／ 【生】吸気 ／ ［自］呼吸する,息をする;ひと息つく;《転》発散する,表す,=elspiri ／ 一呼吸,息"
"spirit"	"灵"	"偏狭な心 ／ 洞察力に富む精神 ／ 革命精神 ／ 精神的な,霊的な"
"ŝtel"	"偷"	"盗んで;こっそりと,ひそかに ／ ［他］盗む;こっそり奪う ／ 窃盗,盗み"
"marod"	"偷"	"［他］（作物を）畑から盗む,（家禽を）農家から盗む"
"stel"	"星"	"導きの星 ／ 五稜星（☆） ／ 明るい星 ／ 【天】中性子星"
"astr"	"星"	"天体の ／ 天体"
"planed"	"星"	"【天】外惑星 ／ 【天】内惑星 ／ 惑星の ／ 【天】惑星状星雲"
"sider"	"星"	"【天】恒星の ／ 【天】恒星年 ／ 【天】恒星日 ／ 【天】恒星時"
"ŝtup"	"阶"	"階段状の;《転》段階的に ／ （階段の）段,（乗り物の）ステップ;《転》段階;（多段式ロケットの）段"
"stadi"	"阶"	"（発展の）段階,程度,時期;【史】スタジオン（=約180m）;=stadio"
"gam"	"阶"	"【楽】音階;全音域;《転》あらゆる段階,全範囲 ／ 【楽】和声的短音階 ／ 【楽】半音階 ／ 【楽】長音階"
"sum"	"总"	"合計で,合わせて;=resume（要するに） ／ 合計,総計;金額,総額;【数】和;（学問的）集大成,大全"
"total"	"总"	"全体の,総計の,>>kompleta,>>tuta ／ 【理】全圧 ／ 【理】全反射 ／ 全部,全体"
"disk"	"盘"	"【病】椎間板ヘルニア ／ ［他］（電話番号を）回す ／ 円盤;【運】円盤;【楽】レコード盤;【情】ディスク,（特に）ハードディスク, ／ 【機】偏心板"
"teler"	"盘"	"空飛ぶ円盤,>>NIFO ／ 平皿 ／ 皿,取り皿,>>plado;（皿に盛った）料理,一品;《転》皿状のもの"
"plet"	"盘"	"盆,（食事用の）トレー"
"terur"	"恐"	"恐ろしい,怖い;《転》ひどい,ものすごい,激しい ／ 恐ろしく;《転》ひどく,はなはだしく ／ ［他］恐れさせる,怖がらせる ／ 恐怖,非常な恐ろしさ,脅威,>>timego;《転》恐怖の的"
"tond"	"剪"	"［他］（髪・羊毛などを）刈る,刈り込む ／ 【理】【PIV】(pp (se paroli pri) vektorkamp ／ 【理】【PIV】Strec^o, kiu tendencas sekci k"
"stuc"	"剪"	"［他］【園】整枝する;【写】トリミングする"
"c^izoj"	"剪"	"【PIV】Speco de fortika tondilo, por tra ／ 【技】【PIV】(tr (transitiva)) Tondi en lad"
"traf"	"击"	"的を射た,的確な ／ 的中して,的確に,正確に,ずばり ／ あてずっぽうに,運任せで ／ ［他］（人が）命中させる,当てる;（物が）命中する,当たる;（物に）ぶつかる"
"tru"	"穴"	"抜け穴 ／ 【天】ブラックホール ／ 【環】オゾンホール ／ 【理】正孔,ホール"
"vapor"	"汽"	"【理】水蒸気 ／ 【理】飽和蒸気 ／ 蒸気の;蒸気のたちこめた,おぼろにかすんだ;（布地が）透けるように薄い ／ 【機】蒸気タービン"
"vast"	"广"	"広い,広々とした;（衣服が）ゆったりした;《転》広範な;【声】（母音が）開い ／ 広々とした海 ／ ゆったりしたズボン ／ 広範なプログラム"
"vin"	"酒"	"【料】白ワイン ／ 【料】ボルドーワイン ／ 美味なワイン ／ 甘口のワイン"
"bier"	"酒"	"樽ビール,生ビール ／ ビールかす ／ ビール,>>botela,>>barela ／ びんビール"
"brand"	"酒"	"ブランデー ／ 蒸留酒;ブランデー,焼酎（しょうちゅう） ／ 高級ブランデー ／ 焼酎（しょうちゅう）"
"g^in"	"酒"	"【料】ジン（蒸留酒の一種） ／ 【PIV】G^aino. ／ 【宗】【PIV】Titolo de la fondinto de g^ain"
"likvor"	"酒"	"【料】アブサン（酒） ／ 【料】シャルトルーズ（リキュールの高級銘柄） ／ 【料】リキュール（酒）"
"sake"	"酒"	"酒粕（さけかす） ／ 【料】酒,日本酒,=rizvino"
"ŝir"	"裂"	"［他］ちぎる,破る,裂く,摘む;（無理に）引き離す,引き裂く;《転》（心を） ／ 【PIV】s^irado / s^iraj^o. Tiu parto de "
"fend"	"裂"	"［他］切れ目を入れる ／ ［他］割る,裂く;割って進む ／ 割れ目,裂け目;みぞ;（大きな）ひび;【理】スリット"
"krev"	"裂"	"［自］はじける,破裂する,はり裂ける;ひび割れる ／ 破裂;【車】パンク"
"brec^"	"裂"	"［他］割れ目を作る ／ 割れ目,裂け目;【軍】突破口 ／ 割れ目をふさぐ"
"skism"	"裂"	"分離的な,分裂の ／ 分離派の人 ／ ［自］分裂する,分離する,分立する ／ （団体の）分裂,分離,分立;【キ】教会分裂,シスマ"
"dehisk"	"裂"	"【植】裂開性の ／ 【植】裂開果,裂果 ／ ［自］【植】（果実・葯などが）裂開する ／ 【PIV】Ag(ad)o, per kiu organo malfermig"
"fot"	"拍"	"【写】クローズアップ写真 ／ 【写】ピンボケの写真 ／ ［他］写真にとる,撮影する,=fotografi ／ クローズアップで撮影する"
"takt"	"拍"	"【楽】拍子;調子;規則的に繰り返す音（コトコト・ドキドキ）;【情】クロック信 ／ 【PIV】Karakterizata de takto(j): takta  ／ 【PIV】Lau^ takto: takte balanci la kapo"
"raked"	"拍"	"【運】ラケット"
"ikt"	"拍"	"【PIV】1【文】En la antikva metriko, bato k"
"implic"	"含"	"［他］暗に含める,含意する,暗に示す ／ 【数】【PIV】1 (pp (se paroli pri) difino)  ／ 【数】【PIV】La logika operacio, kiu al du "
"inklud"	"含"	"含んだ,=inkluziva ／ 含んで,=inkluzive ／ ［他］含んでいる,=inkluzivi"
"koleg"	"伴"	"同僚,僚友,なかま,同業者 ／ 【PIV】Rilata al kolego(j): kolega ronde"
"junt"	"接"	"［他］（部材を）継ぎ合わす,接合する,接続する ／ 継ぎ目,接合箇所;【機】継手,仕口;【電】接続,ジョイント;【地質】節理;【"
"tang^"	"接"	"［他］【数】接する;《転》かすめる,軽く触れる,>>tus^eti ／ 【PIV】Rilata al tang^antoj: tang^a eben"
"splis"	"接"	"［他］（ロープ・コードの先を）より合わせて継ぐ ／ 【PIV】Ago splisi k ties rezulto: mas^a,"
"kotiz"	"纳"	"年会費 ／ ［自］（会費・分担金などを）払う ／ 会費,分担額"
"novel"	"篇"	"小説,中編小説,>>romano"
"rezerv"	"储"	"（la 〜）連邦準備制度理事会（米国の中央銀行） ／ 外貨保有高 ／ 保留の;予備の ／ 予備軍"
"stok"	"储"	"［他］【商】ストックする,仕入れる;蓄える ／ 【商】ストック,在庫品;蓄え,備蓄 ／ 【理】ストークス（動粘度のCGS単位）,>>puazo"
"sonor"	"响"	"響きのある,よく響く,朗朗とした ／ ［自］（鐘などが）鳴り響く,響きわたる;（鐘などが）知らせる ／ 音響,響き"
"klak"	"响"	"［自］かちかち音をたてる（ぶつけて乾いた短い音を発する） ／ パチンと指を鳴らす ／ チッと舌打ちをする ／ パチパチと手をたたく"
"laŭt"	"响"	"大声の,声高な,高く響く,騒がしい;《転》派手な,目立つ ／ 声高に,騒々しく"
"bac"	"响"	"【PIV】Fari tian bruon. ／ 【PIV】Iama germana monero (= 4 krejcero"
"plan"	"划"	"【美】（絵画・舞台の）前景,><lasta plano ／ 五ヵ年計画 ／ 【美】（絵画・舞台の）背景,=fono,><antau^a plano ／ 当初の計画"
"rem"	"划"	"［自］舟をこぐ,こぎ進む;［他］こぐ ／ 【理】レム（線量当量の単位，rem） ／ 【人名】レムス（ローマ建国の伝説的英雄ロムルスの双子の弟）,>>Romulo"
"strek"	"划"	"【情】スラッシュ,=suprenstreko ／ カタカナ（片仮名） ／ ［他］（一筆で）線をひく;筋を付ける ／ （一筆でかいた）線,筋（すじ）,（筆遣いの）一画"
"pagaj"	"划"	"［自］かいでこぐ,パドルでこぐ ／ （手持ちの）櫂（かい）,パドル,>>remilo"
"hac^"	"划"	"【PIV】(tr (transitiva)) 1 Karakterizi i ／ 【PIV】Unu el tiaj streketoj."
"taŭg"	"适"	"ものの役に立つ,有用な;適当な,適した,適任の ／ 適切に ／ ［自］役に立つ;適する,適任である ／ 【PIV】Eco de io, iu tau^ganta: lingvo h"
"moder"	"适"	"適度の,手ごろな,ほどほどの;節度ある,穏健な,中庸な ／ 【気】温帯気候 ／ （二十四節気の）小寒（しょうかん） ／ 【政】中道政党"
"adapt"	"适"	"［他］適合させる,適応させる,合わせる;（劇や映画用に）脚色する ／ 適合,適応（させること）;脚色"
"konven"	"适"	"適切な,ふさわしい,向いている;礼儀にかなった ／ ふさわしく,適切に;行儀正しく ／ ［自］適する,ふさわしい,似合っている,>>deci,>>konformi ／ 【PIV】Stato de tio, kio konvenas: kiel "
"akomod"	"适"	"［他］適応させる,調節する ／ 【PIV】Ago de iu, io akomodata: la povo "
"akir"	"获"	"［他］手に入れる,獲得する,習得する,>>gajni ／ 取得,獲得,習得"
"rikolt"	"获"	"豊富な収穫,豊作 ／ 不作 ／ ［他］収穫する,刈り入れる,採取する;《転》（報いとして）得る,受ける ／ =rikoltado（収穫）;=rikoltaj^o（収穫物）"
"akr"	"锐"	"鋭い ／ 【料】トウガラシ ／ 【単】=>akreo ／ 【地名】アクラ（ガーナの首都）"
"akut"	"锐"	"【数】鋭角の;【病】急性の,><kronika;【楽】高音の ／ （フランス語の）アクサン・テギュ（´） ／ 【数】鋭角 ／ 【病】急性盲腸炎,>>cekumo"
"anonc"	"宣"	"［他］予告する;公告する ／ 告知,広告,お知らせ;予告"
"reklam"	"宣"	"比較広告 ／ 広告の ／ 広告ポスター,宣伝ビラ ／ コマーシャルフィルム（ＣＦ）"
"deklar"	"宣"	"［他］宣言する,宣告する;表明する,明言する;（課税品を）申告する ／ 宣戦を布告する ／ 宣言,声明;表明;申告 ／ 結婚届,婚姻届"
"genr"	"属"	"【Ｇ】性;【生】（分類学上の）属 ／ 【Ｇ】女性 ／ 【Ｇ】中性 ／ 【Ｇ】男性"
"apog"	"支"	"〜を支持して ／ ［他］支える,もたせかける;《転》支持する ／ 支え,論拠"
"fili"	"支"	"子会社,>>trunka kompanio ／ 支部,支店,支所"
"bronk"	"支"	"【病】気管支喘息（ぜんそく） ／ 【解】気管支,>>trakeo ／ 【PIV】Rilata al bronko(j): bronkaj vejn"
"klad"	"支"	"【生】【PIV】1 Grupo (cladus) de vivuloj in"
"aprob"	"肯"	"［他］賛成する,同意する;是認する,認可する ／ 賛成,同意;是認,認可 ／ 無条件の賛成"
"arm"	"武"	"武力紛争 ／ ［他］武装させる;装甲する ／ 武器"
"atak"	"攻"	"［他］攻撃する;襲う ／ 攻撃;発作 ／ 偽旗攻撃（にせはたこうげき）【私家版】 ／ 卑劣な攻撃"
"agres"	"攻"	"侵略の;攻撃的な,けんか腰の ／ 侵略軍 ／ 侵略戦争 ／ ［他］戦いをしかける,侵略する"
"polic"	"警"	"連邦警察 ／ 警察の ／ 警察の捜査 ／ 【日】与力（よりき）【私家版】"
"alarm"	"警"	"警報の,危急を告げる ／ ［他］警報を伝える ／ 警報"
"avert"	"警"	"［他］警告する,注意を促す,予告する ／ 警告,注意,予告 ／ 【PIV】Tia, ke g^i avertas: fari avertan"
"bar"	"障"	"［他］道をふさぐ;《転》妨げる ／ 障害;=baraj^o ／ 【理】バール（圧力の単位，bar）,>>paskalo ／ 言葉の壁"
"baston"	"棒"	"［他］棒で叩く（たたく） ／ 棒,杖（つえ） ／ 長い棒"
"blov"	"吹"	"［自］（風が）吹く,息を吐く;［他］吹く,吹き鳴らす ／ 風,一吹き ／ ［他］吹き込む"
"blag"	"吹"	"［自］でたらめをいう,ほらを吹く ／ でたらめ,冗談,ほら話"
"bol"	"沸"	"［自］沸騰する,煮えたぎる;《転》荒れ狂う,激高する ／ 沸騰"
"botel"	"瓶"	"びんビール ／ びん ／ びんの首 ／ プラスチックボトル"
"karaf"	"瓶"	"【料】カラフ（食卓用のガラスびん）,水差し"
"flakon"	"瓶"	"（香水などの）小びん;【化】フラスコ"
"branĉ"	"枝"	"枝;《転》枝,枝分かれ,支流,支線,部門 ／ 【PIV】1 Rilata al branc^o. 2 Branc^ohav"
"verg"	"枝"	"しなやかなむち ／ 釣り竿 ／ （魔法使いの用いる）細い杖,魔法の杖 ／ ［他］むち打つ"
"rabd"	"枝"	"【PIV】Divenvergo."
"buton"	"扣"	"［他］（衣服の）ボタンをかける ／ 【服】ボタン;ボタン形のもの;【植】つぼみ,=florburg^ono"
"buk"	"扣"	"［他］バックルでとめる ／ 【服】バックル,止め金"
"agraf"	"扣"	"［他］ホックでとめる ／ 【服】ホック,留め金"
"ĉapitr"	"章"	"（本などの）章"
"ĉas"	"猎"	"［他］狩る,狩り立てる;《転》追い求める ／ 狩猟;追求;【軍】追撃"
"pred"	"猎"	"［他］=c^asakiri（獲物にする） ／ =c^asaj^o（獲物） ／ 【心】【PIV】Rilata al predado: predaj impu"
"ĉemiz"	"衫"	"糊（のり）のきいたシャツ ／ 【服】ワイシャツ ／ 【服】シャツ,ワイシャツ;シュミーズ,>>tolaj^o"
"bluz"	"衫"	"【服】ブラウス;上っ張り,仕事着;ジャンパー,ブルゾン"
"danc"	"舞"	"アクロバットダンス ／ ［自］踊る,ダンスをする;小躍りする,はねる;［他］（〜を）踊る ／ 踊ること;ダンス,舞踊 ／ 日本舞踊"
"bal"	"舞"	"舞踏会,ダンスパーティ"
"defend"	"防"	"防御の;弁護の ／ 防衛戦争,自衛戦争 ／ ［他］守る,防御する,防衛する;【法】弁護する ／ 憲法を擁護する"
"detal"	"细"	"詳しい,詳細な;細かな;小売の ／ 小売店 ／ ささいな誤り ／ 詳細な説明"
"dens"	"密"	"濃い,濃密な;密集した,密生した;【写】（ネガが）濃い,肉乗りのよい ／ 密生した森,密林 ／ 【料】コンソメ（スープ）,=konsomeo ／ 深い闇"
"c^ifr"	"密"	"暗号の ／ 暗号電報 ／ ［他］暗号化する,><dec^ifri ／ 暗号"
"dec^ifr"	"密"	"［他］（暗号などを）解読する;（文字を）判読する;《転》（心理を）見抜く ／ 解読;判読"
"desegn"	"绘"	"［他］描く,素描する,デッサンする;デザインする,設計図をひく,製図する;《 ／ デザイン,=desegnado,=desegnaj^o"
"doktor"	"博"	"博士の ／ 博士論文 ／ 博士論文 ／ 博士,>>licencio;《般》（医師に対する呼びかけ）先生"
"eben"	"平"	"斜面 ／ 平らな,平坦な,>>plata;なめらかな,>>glata ／ 平面幾何学 ／ 【理】平面波"
"nivel"	"平"	"［他］水準器で測る;同一水準にする;《転》平等化する ／ 水平面;（基準面からの）高さ,水位,水準;程度,レベル ／ 【環】栄養段階,>>produktanto,>>konsumanto,>>m"
"esting"	"灭"	"［他］（火や明かりを）消す;《転》消す,消滅させる ／ 【PIV】Ago de estinganto: malpermesate p"
"evit"	"避"	"［他］避ける,回避する, ／ 【PIV】Ago eviti: timo antau^ la Eternul"
"rifuĝ"	"避"	"［自］避難する,逃げ込む,保護を求める;亡命する ／ 保護,庇護（ひご）"
"silk"	"丝"	"生糸（きいと） ／ 絹の,絹でできた;絹のような ／ シルクハット,=cilindra c^apelo ／ 【楽】シルク弦,絹弦"
"faden"	"丝"	"アリアドネの糸（難問を解くかぎ） ／ 糸,線;針金,=drato;（話などの）筋,脈絡 ／ ゴムひも ／ 導きの糸"
"fak"	"专"	"専門の,専門的な ／ 専門雑誌 ／ 専門語義,><komunuza senco ／ 専門,部;（棚や箱などの）仕切り,区画;科目,種目;【遊】（将棋盤の）升目"
"fals"	"伪"	"偽の ／ （総）入れ歯 ／ 義歯,入れ歯 ／ 偽旗作戦（にせはたさくせん）【私家版】"
"kamufl"	"伪"	"［他］【軍】偽装する,迷彩を施す,カムフラージュする;《転》隠す,ごまかす"
"postic^"	"伪"	"=falsaj^o（模造品）,=imitaj^o ／ 【PIV】Havanta la ecojn de postic^o: por"
"fidel"	"忠"	"忠実な,誠実な;節操の堅い,貞節な;事実を曲げない ／ 誠実な友 ／ 忠犬 ／ 正確な記憶"
"lojal"	"忠"	"忠義な,忠実な;誠実な,公正な ／ 誠実なふるまい ／ 【商】公正な競争 ／ 忠実な大臣"
"fier"	"骄"	"誇り高い,自尊心のある;高慢な,尊大な ／ 誇らしく;偉そうに ／ ［自］誇る,自慢する ／ =fieraj^o（誇るべき物）;=fiereco（自尊心）"
"firm"	"坚"	"堅い,引き締まった;しっかりした,ぐらつかない;《転》堅固な,確固とした ／ 揺るぎない決心 ／ 堅固な地盤 ／ 堅く,しっかりと"
"fortik"	"坚"	"堅固な,頑丈な,頑健な;要塞化した ／ がっしりした脚 ／ 強固な平和 ／ 城塞都市"
"insist"	"坚"	"しつこく言い張る,執拗（しつよう）な ／ しつこい要求 ／ 固執して,しつこく ／ ［自］（自分の意見に）固執する,言い張る,力説する,>>persisti"
"flag"	"旗"	"【軍】将官旗 ／ ［他］半旗を掲げる（弔意を示す） ／ 偽旗作戦（にせはたさくせん）【私家版】 ／ ［他］旗で飾る"
"veksil"	"旗"	"【PIV】Speco de flago en formo de kvadra"
"fork"	"叉"	"フォーク状の ／ ［他］フォークで刺す,くまでで刺す ／ フォーク状の道具;【料】フォーク,=mang^oforko"
"harpun"	"叉"	"［他］もりを撃ち込む ／ （クジラ・大形魚用の）銛（もり）"
"bifid"	"叉"	"【植】【解】【医】【PIV】Duparte dividig^inta: bi"
"fum"	"烟"	"［自］煙を出す,喫煙する;［他］（たばこ類を）吸う ／ 煙,湯気;《転》（煙のように）はかないもの ／ 【PIV】1 Konsistanta el fumo: fuma vapor"
"tabak"	"烟"	"たばこ（煙草）;【植】タバコ,=nikotiano ／ 【PIV】Rilata al tabako: c^irkau^ita de "
"gast"	"客"	"［自］客になる;泊まる ／ 客,来客,訪問客;招待客,来賓;（ホテルなどの）客,宿泊客 ／ 来賓 ／ 客を迎える"
"klient"	"客"	"顧客,依頼人,患者;得意客,常連;【史】（古代ローマの）クリエンテス（被保護"
"ĝen"	"扰"	"邪魔な,迷惑な,煩わしい ／ ［他］邪魔する,厄介をかける,気を使わせる ／ 気をつかう,気兼ねする,遠慮する,困る,=sing^eni ／ 邪魔,迷惑,厄介"
"j^am"	"扰"	"【PIV】(tr (transitiva)) Malhelpi au^deb"
"gras"	"脂"	"脂肪質の,肥え太った;（土地が）肥えた ／ 【印】太字 ／ 【印】太字で,ボールド体で ／ ［他］グリースを塗る"
"lard"	"脂"	"【料】ベーコン ／ ［他］【料】（肉に）小さく切った豚の脂身を差し込む ／ 【料】豚の脂身,ベーコン,>>porkograso ／ 【料】ベーコンエッグ"
"seb"	"脂"	"獣脂ろうそく,><vakskandelo ／ ［他］獣脂を塗る ／ 獣脂;=sebumo（皮脂） ／ 【PIV】Rilata al sebo: seba kandelo."
"rezin"	"脂"	"松やに ／ 樹脂の,樹脂質の,樹脂製の ／ 【化】樹脂 ／ 【化】合成樹脂"
"adip"	"脂"	"【PIV】Graso 1. Vd steato."
"lipid"	"脂"	"【化】【PIV】C^iu el la naturaj esteroj el "
"steat"	"脂"	"【PIV】Graso 1 (en kunmetaj^oj). Vd adip"
"kopal"	"脂"	"【化】【PIV】Malmola, vitreca rezino, ricev"
"gut"	"滴"	"一滴ずつ,少しずつ ／ ［自］したたる ／ しずく,一滴;《転》微量 ／ 【PIV】Fari, ke likvo gutu en ion: okula"
"haŭt"	"皮"	"敏感な（過敏な）皮膚 ／ すべすべした肌 ／ （動物の）皮,表皮;（人間の）皮膚,肌;（果物の）皮;《転》皮膜状のもの ／ かゆい皮膚"
"fel"	"皮"	"【Ｅ】［略］=Flandra Esperanto-Ligo ／ 皮の,毛皮の ／ （未加工の）皮,毛皮"
"pelt"	"皮"	"毛皮の ／ 毛皮の裏のついた ／ 【服】（仕上げた）毛皮;毛皮の服,ファー"
"derm"	"皮"	"【解】真皮,>>epidermo ／ 【医】皮内の ／ 【医】皮内注射 ／ 【医】皮内反応"
"dermat"	"皮"	"【医】【PIV】Hau^to (en kunmetaj^oj)."
"kortik"	"皮"	"【解】【植】【PIV】(cortex) 1 Supraj^a tavolo "
"ard"	"热"	"白熱の;《転》熱烈な ／ ［自］白熱している;《転》（感情などが）火のように燃えている ／ 白熱;熱望"
"hejt"	"热"	"［他］（炉などに）火をたく;（部屋を）暖房する ／ 【PIV】Rilata al hejtado: la hejta surfa"
"fervor"	"热"	"熱心な,熱烈な,熱情にあふれた,>>arda,>>entuziasma ／ 熱烈な支持者 ／ 熱心に,熱意をもって ／ ［自］熱心である"
"furor"	"热"	"大流行の,大人気の ／ 流行歌 ／ ［自］大流行している,大人気である ／ 大流行,熱狂的人気"
"termik"	"热"	"【理】熱の,=privarma ／ 【理】熱膨張 ／ 【理】熱平衡 ／ 【理】熱エネルギー,=varmoenergio"
"honest"	"诚"	"正直な,誠実な,実直な;公正な,正当な,まともな,いつわりのない ／ まっとうな行為 ／ 誠実な友 ／ 正直な商人"
"sincer"	"诚"	"誠実な,率直な;真心のこもった,本心からの ／ 誠実に,率直に,心から ／ 率直に言えば ／ （手紙で）敬具"
"honor"	"誉"	"名誉の,名誉ある,尊敬すべき ／ 名誉市民 ／ 来賓 ／ 儀仗（ぎじょう）兵（個人）"
"hont"	"耻"	"恥じて;恥ずかしそうに ／ ［他］恥じる;恥ずかしがる ／ 恥,恥辱;恥ずかしさ,羞恥（しゅうち） ／ 【PIV】1 Hontoplena: honta mieno. 2 (ark"
"imit"	"仿"	"［他］まねる,模倣する;見習う;模造する ／ =imitado（模倣） ／ 【PIV】Prezentanta imiton: imita produkt"
"mim"	"仿"	"［他］=mimiki（身ぶりや表情で表現する） ／ =pantomimisto（パントマイム俳優）;=mimikisto（物まね"
"pastic^"	"仿"	"［他］（作品を）模倣する,模作する ／ 【芸】パスティーシュ,模倣作品"
"inform"	"告"	"情報の ／ 【情】情報技術,IT ／ ［他］通報する,知らせる ／ 通知,情報,報道;【情】情報"
"herold"	"告"	"［他］布告する;先触れする ／ 布告者,使者,先触れ;【史】（王の）伝令官"
"aviz"	"告"	"［他］通知する,告知する ／ 通知（書）,告知（書）"
"insul"	"岛"	"【地名】オークランド諸島（ニュージーランド南方） ／ 【地名】バフィン島（カナダ北部） ／ 【地名】ビスマーク諸島（パプアニューギニア） ／ 無人島,=senhoma insulo"
"obe"	"服"	"［他］従う,服従する ／ =obeado（服従）"
"jak"	"服"	"【服】背広,（腰丈までの）ジャケット;上着"
"kajer"	"册"	"ノート,帳面;（本の）分冊"
"album"	"册"	"（写真・切手の）アルバム,写生帳,サイン帳;（音楽ＣＤの）アルバム,曲集 ／ 切手帳"
"volum"	"册"	"（書籍などの）巻,冊"
"broŝur"	"册"	"［他］仮綴する,>>bindi ／ 仮綴本,（薄い紙表紙の）並製本"
"kest"	"箱"	"箱,ケース,容器 ／ 【理】共鳴箱 ／ 箱の中仕切り"
"valiz"	"箱"	"（手に持って運べる）旅行かばん,スーツケース,小形トランク,>>kofro"
"kofr"	"箱"	"（旅行用の）トランク,行李（こうり）;【車】=kofrujo（トランク） ／ 【日】葛籠（つづら）【私家版】"
"kis"	"吻"	"そっと触れる口づけ ／ ［他］キスする,口づけする;《転》そっと触れる ／ キス,口づけ,接吻"
"kompar"	"较"	"比較の ／ 【語】比較文法 ／ 比較広告 ／ （〜）と比べて"
"kondiĉ"	"件"	"（〜aj 〜oj）経済的事情 ／ （〜aj 〜oj）都合のよい条件 ／ 暗黙の条件 ／ 【理】初期条件"
"kultur"	"耕"	"文化の,文化的な ／ 文化遺産 ／ 文化交流 ／ （ものごとの）文化的性格"
"plug"	"耕"	"［他］耕す,すく;《転》畝をつくる,しわを寄せる ／ 【PIV】Ago de tiu, kiu plugas: malsag^ul"
"s^pat"	"耕"	"［他］【農】（畑などを）すく,たがやす ／ 【農】すき（鋤）,=plugileto;【軍】駐鋤（ちゅうじょ）;【海】錨爪"
"lamp"	"灯"	"電灯 ／ 蛍光灯 ／ ハロゲンランプ ／ 水銀灯"
"lucern"	"灯"	"つりランプ;《転》傑出した人物 ／ 【地名】ルツェルン（スイス）"
"kurs"	"课"	"対面講座,（通信教育の）スクーリング ／ 継続講座,中級講座,>>duagrada kurso ／ （インターネットを利用した）通信講座 ／ 中級講座,>>dau^riga kurso"
"lecion"	"课"	"授業をする;教訓を与える ／ 授業,けいこ,レッスン;学課,課業;（教科書の）課;教訓,戒め ／ ［自］（~ al iu pri io）教訓を与える"
"legom"	"菜"	"生野菜 ／ 【料】野菜サラダ ／ 野菜 ／ 生野菜"
"brasik"	"菜"	"【料】ザウアークラウト ／ 【農】白キャベツ ／ 【植】キャベツ,=kapobrasiko;（キャベツ、ハクサイ、カラシナ、ア ／ 【植】チンゲンサイ（青梗菜）;ハクサイ（白菜）,=Pekina brasik"
"lap"	"菜"	"【植】ゴボウ（種）（牛蒡）;ゴボウの実（とげがあってくっつきやすい）"
"lip"	"唇"	"唇の ／ ［他］唇で触れる ／ 唇;《転》口;【植】唇弁（しんべん） ／ （〜aj 〜oj）【解】陰唇"
"labi"	"唇"	"【植】（花冠の）上唇,下唇;【解】唇形のもの ／ 【植】【PIV】(pp (se paroli pri) kunig^peta"
"labial"	"唇"	"【声】唇音の ／ 【声】唇音（しんおん）,=lipsono"
"liter"	"字"	"【Ｇ】字上符付き文字,=supersignita litero ／ 漢字,=c^ina ideogramo ／ 太字 ／ 【印】太字"
"uskl"	"字"	"【情】【PIV】«Minusklo au^ majusklo»."
"aboc"	"字"	"アルファベット,=alfabeto;《転》初歩,基本,イロハ"
"maŝin"	"机"	"水力機械 ／ 複雑な機械 ／ 機械の;機械的な ／ 【情】機械学習"
"ŝanc"	"机"	"【写】シャッターチャンス ／ 偶然の,まぐれの ／ 機会,好機;見込み,可能性,勝ち目"
"matur"	"熟"	"熟した,成熟した;《転》熟慮した,練られた;【商】（手形などが）満期の ／ 成年,壮年 ／ 【料】熟成チーズ ／ 熟した果実"
"mend"	"订"	"発注する ／ ［他］注文する,あつらえる,予約する ／ 部屋を予約する ／ コーヒーを頼む"
"abon"	"订"	"予約の ／ 予約金 ／ ［他］（一定期間・継続的に）予約する,購読する,>>rezervi,>>an ／ 予約,購読,定期券購入,定期利用契約"
"mensog"	"谎"	"嘘の,偽りの,虚偽の,>>malvera ／ ［自］嘘（うそ）をつく,偽る,欺く ／ 嘘,偽り,虚言,>>malvero"
"mien"	"容"	"困惑した表情 ／ うれしそうな表情 ／ 深い悲しみの表情 ／ 迷惑げな表情"
"milion"	"百万"	"百万 ／ 百万分の一 ／ 【環】百万分率（ppm）"
"minac"	"胁"	"威嚇的な,脅しの;（状況が）険悪な ／ 威嚇して,脅して ／ ［他］脅す,脅かす,脅迫する;（危険が）迫る,〜する恐れがある,危うく〜しそ ／ 脅し,脅迫,威嚇（いかく）;脅威,迫りくる危険,"
"naĝ"	"游"	"［自］泳ぐ;（水面に）浮かぶ,漂う,流れる;《転》浸る,つかる ／ 水泳 ／ 泳ぎができる ／ 【PIV】Rilata al nag^o: la nag^a aparato"
"turism"	"游"	"観光省 ／ 観光の ／ 観光バス ／ 観光事業"
"tramp"	"游"	"［自］放浪する,渡り歩く;不定期船で航海する ／ 浮浪者,ルンペン,>>c^ifonulo,>>vagulo;【海】不定期貨物"
"najbar"	"邻"	"隣の,近所の;近くの ／ 隣国 ／ 隣に,近所に;近くに,隣り合って ／ 〜の隣に,〜の近所に"
"nep"	"孙"	"孫"
"nev"	"侄"	"おい（甥） ／ 【地名】ネバ川（ロシア）"
"oft"	"常"	"たびたびの,頻繁に起こる;いつもの,よくある ／ たびたび,しばしば,何度も,よく;多くの場合,たいてい ／ ［自］頻繁にある,よくある"
"nord"	"北"	"北の;北部の,北方の,><suda ／ =nordlumo（北極光） ／ 《般》トナカイ,=boaco ／ 北半球"
"ole"	"油"	"綿実油 ／ 軽油 ／ 鉱油 ／ 堅果油"
"petrol"	"油"	"原油,>>nafto ／ 【化】灯油,ケロシン,=keroseno ／ ＬＰガス（液化石油ガス） ／ 石油の"
"ond"	"波"	"【理】水面波 ／ 【理】回折波 ／ 【理】平面波 ／ 【電】電磁波"
"orient"	"东"	"【地理】極東,=Orienta Azio ／ 中東 ／ 東の,東方の,東部の;東洋の ／ 【地理】東アジア"
"ost"	"骨"	"頭骨,頭蓋骨 ／ 骨の;骨でできた;骨ばった ／ 【解】骨髄 ／ 骨;遺骨;【料】肉付きの骨"
"skelet"	"骨"	"骨格の,骨組みの;大筋の,概略の;がりがりにやせた ／ 【解】骨格,骸骨;【生】外骨格;（建物などの）骨組み;《転》骨子,概略;《転"
"toler"	"忍"	"寛容に;我慢して ／ ［他］我慢する,辛抱する,耐え忍ぶ;許容する,大目に見る ／ 寛容,許容;我慢,辛抱"
"stoik"	"忍"	"【哲】ストア学派の;《転》禁欲的な,克己的な,>>flegma"
"kalson"	"裤"	"【服】パンツ,トランクス（下着）"
"past"	"糊"	"【料】蕎麦がき ／ 発酵したパン生地 ／ 練り粉をこねる ／ 【料】ペースト,ねり粉,生地;ペースト状のもの"
"amel"	"糊"	"［他］糊付けする ／ でんぷん糊（のり）;【化】デンプン"
"pel"	"驱"	"［他］追う,追いたてる;追いかける;（状態に）駆り立てる,追いやる;【機】駆"
"pentr"	"描"	"［他］（色彩画を）描く;《転》（言葉で）描写する;思い描く ／ 【PIV】Rilata al la ago pentri."
"pik"	"刺"	"［他］刺し込む,突き込む ／ 刺すような,ピリッとした ／ チクリと,チクチクと,ピリッと ／ ［他］刺す,突く,突き刺す;（感覚・感情を）刺激する,害する,しみる"
"dorn"	"刺"	"とげのある,いばらの;《転》苦難の ／ 【植】ケーパー（フウチョウソウ科の低木の一種） ／ 【植】=groso（セイヨウスグリ） ／ いばらの道;《転》苦難の人生"
"spron"	"刺"	"［他］拍車をかける;《転》かりたてる ／ 拍車;拍車状のもの;【植】距（きょ）;《転》かりたてるもの"
"strid"	"刺"	"【PIV】Akre, orels^ire sibla. ／ 【PIV】(ntr (netransitiva)) Eligi strida"
"lancin"	"刺"	"【医】【PIV】(ntr (netransitiva)) Dolori pe ／ 【PIV】Karakterizata de lancinado."
"glob"	"球"	"球体の,球の;球形の,球状の ／ 球体,球;（ビリヤード・ボウリングの）球;【機】玉,鋼球 ／ （ボウリングの）ボール"
"sfer"	"球"	"【天】天球 ／ 球面の;球の,球状の,>>globa ／ 【光】球面収差 ／ 【理】球面波"
"pilk"	"球"	"ボールを投げる ／ ゴムまり,ゴムボール ／ 【遊】ボール,球（たま）,まり;（スポイトなどの）ゴム球"
"bulb"	"球"	"こんにゃく玉 ／ 【植】球根,りん茎;【料】玉ねぎ,=>cepo;《転》球根状のもの;【解】球 ／ 【建】【技】【PIV】Havanta formon de bulbo: bu"
"balon"	"球"	"気球;風船,=baloneto;【化】球形フラスコ"
"futbal"	"球"	"【運】サッカー,=piedpilko ／ 【運】アメリカンフットボール"
"pint"	"尖"	"先端の,頂点の;先のとがった ／ 最高の音楽家,トップミュージシャン ／ ［自］突き出る,突っ立つ ／ （とがった）先,先端;頂上,頂点"
"apeks"	"尖"	"【解】【植】【天】【PIV】1 Konusforma ekstremaj^o ／ 【解】【PIV】Rilata al apekso: apeksa branc"
"kuspid"	"尖"	"【解】【PIV】(cuspis) Pinta elemento, ekz.  ／ 【PIV】Rilata al kuspido."
"plant"	"植"	"水生植物 ／ 【植】多年生植物 ／ ［他］植え込む;《転》（考えを）植えつける;【医】移植する ／ 栽培植物,園芸植物,><sovag^a planto"
"fit"	"植"	"【植】【PIV】Planto vs (vastasence) (uzata "
"pom"	"苹"	"酸っぱいリンゴ ／ 【解】のどぼとけ,=Adampomo ／ リンゴ飴（あめ） ／ リンゴの"
"pont"	"桥"	"橋を架ける ／ 橋;【海】船橋,ブリッジ;【楽】（弦を支える）駒（こま）;《転》懸け橋,橋渡 ／ 仮橋 ／ 【PIV】Antikva reg^olando sude de la Nig"
"preciz"	"准"	"［間］（より）正確には,正確に言えば ／ 精密な,正確な,明確な,的確な ／ 明確な定義 ／ 的確な表現"
"akurat"	"准"	"時間厳守の ／ 時間どおりに"
"preĝ"	"祈"	"［自］【宗】（神などに）祈る,祈願する ／ 【宗】祈り,祈祷（きとう） ／ 【PIV】Rilata al preg^o: preg^a danko; p"
"premi"	"奖"	"二等賞 ／ 賞を創設する ／ 残念賞 ／ 文学賞"
"pres"	"印"	"［他］（広告などを）刷り込む,掲載する ／ 印刷の ／ 【情】ハードコピー,印字出力 ／ ［他］印刷する;【情】印字する,プリントする"
"stamp"	"印"	"［他］スタンプを押す,消印を押す;刻印する;《転》刻み込む;《転》特徴づける ／ スタンプ（押されたもの）,消印,印影;《転》特徴,刻印"
"sigel"	"印"	"［他］印を押す,捺印する,調印する;封をする,封印する;《転》保証する,確定 ／ 友情を固める ／ 印（いん）,印影;封印;《転》しるし,確証,刻印 ／ 【PIV】Rilata al sigelo: sigela gravuro;"
"impres"	"印"	"印象を受ける ／ 印象深い,感銘を与える,感動的な ／ ［他］印象づける,感銘を与える;【写】感光させる ／ 印象,感銘;感じ,心地;【写】感光"
"print"	"印"	"［他］【写】（印画紙に）焼付ける,焼増しする;【情】=presi（プリントす"
"patric"	"印"	"［他］極印を打つ ／ 【機】（メダル・活字などの鋳型・母型をつくるための）打ち型,金型,雄型;（金"
"prez"	"价"	"特価 ／ 小売価格 ／ 定価 ／ 正当な値段"
"tarif"	"价"	"鉄道運賃 ／ 夜間電力料金 ／ 郵便料金 ／ 【経】特恵関税"
"kurz"	"价"	"【経】株式相場 ／ 【経】場外相場 ／ 【経】相場（価格）,時価 ／ 【経】為替相場"
"valent"	"价"	"【化】原子価 ／ 【PIV】Rilata al valento: hidrogeno, klo"
"import"	"进"	"輸入の ／ 輸入貿易 ／ ［他］輸入する,>>eksporti ／ =importado（輸入）"
"avanc"	"进"	"《稀》［自］【軍】進撃する,=antau^eniri;=promociig^ ／ 【PIV】Ago de tiu, kiu avancas."
"pun"	"罚"	"体刑,体罰 ／ 不当な罰 ／ 罰の,懲罰の,刑罰の ／ ［他］罰する,処罰する"
"penal"	"罚"	"【運】ペナルティーキック ／ 【運】ペナルティー,反則に対する罰"
"rad"	"轮"	"（遊園地の）観覧車 ／ 車輪の;車輪のついた ／ 【機】車輪,歯車;車輪形のもの ／ 【理】ラド（吸収線量の単位，rad）"
"regul"	"规"	"（条件に左右されない）絶対的な規則 ／ 総則 ／ 正規の,規則にかなった;規則正しい,規則的な,定期的な ／ 正規軍"
"cirkel"	"规"	"［他］コンパスで描く,コンパスで測る ／ 【機】（製図用）コンパス ／ 【天】コンパス座 ／ 【機】ディバイダー"
"pi"	"敬"	"信心深い,敬虔（けいけん）な ／ 信心深く,敬虔（けいけん）に ／ 【PIV】Eco de homo pia: nek pio por Dio, ／ 【PIV】1 La deksesa grafemo de la greka "
"omag^"	"敬"	"〜に敬意を表して,〜に献呈して ／ ［自］（献呈により）敬意を表す;【史】忠誠を誓う ／ （献呈による）敬意の表明;【史】忠誠の誓"
"devot"	"敬"	"【宗】【PIV】Sindoneme pia."
"ret"	"网"	"【Ｅ】デレギート網 ／ 鉄道網 ／ 【情】コンピュータネットワーク ／ 【情】ローカルエリアネットワーク（LAN）"
"tenis"	"网"	"【運】テニスをする ／ ［自］テニスをする ／ 【運】テニス,庭球"
"rifuz"	"拒"	"きっぱりした拒絶 ／ ［他］拒絶する,拒否する,拒む,断る,辞退する,〜しようとしない ／ 拒絶,拒否,辞退 ／ 【PIV】Montranta rifuzon: rifuza gesto; "
"rilat"	"关"	"（〜aj 〜oj）友好関係 ／ 外交関係 ／ 対外関係,渉外 ／ （〜aj 〜oj）人間関係"
"dogan"	"关"	"関税,=limimposto,>>akcizo;税関"
"ripar"	"修"	"［他］修理する,修繕する;《転》回復する,償う,>>rebonigi ／ 修理,修繕"
"riproĉ"	"责"	"非難されて当然である ／ とがめるような ／ ［他］とがめる,しかる,非難する,>>admoni,>>kritiki ／ 叱責,非難"
"sal"	"盐"	"［他］塩漬けにして保存する ／ 精製塩 ／ 塩の;塩味の,塩辛い;塩を含んだ ／ ［他］【料】塩を加える;塩漬けにする"
"sankt"	"圣"	"【宗】神聖な,聖なる;《転》尊重すべき,神聖不可侵の ／ 【宗】聖水 ／ 【史】神聖同盟 ／ （la 〜）【キ】『聖書』（キリスト教の聖典）"
"sakral"	"圣"	"【PIV】Apartigita for de la komuna uzado"
"sap"	"皂"	"薬用せっけん ／ ソーダ石鹸 ／ =sapumi（石けんをぬる） ／ 石鹸（せっけん）"
"sav"	"救"	"救いの,救助の ／ ［他］救う,救助する,救命する;（破壊などから）守る,保全する;【宗】救済す ／ 人命を救助する ／ 救い,救助;【宗】救済,済度"
"scienc"	"科"	"実験科学 ／ 精密科学,>>matematiko,>>fiziko ／ 【環】環境科学 ／ 政治学"
"sekci"	"科"	"【医】集中治療室（ＩＣＵ） ／ 部,課,部門,部会,セクション,>>fako;（文書の）節,段,（バス路線な"
"sekret"	"秘"	"公然の秘密 ／ 秘密の,内密の,内緒の ／ 秘密工作員 ／ 秘められた愛"
"kabal"	"秘"	"【宗】カバラ（ユダヤ教の神秘思想）;《転》秘法 ／ 【PIV】Rilata al kabalo: astrologiaj k k"
"esoter"	"秘"	"【宗】秘教的な,秘伝の"
"vic"	"列"	"【数】算術数列,等差数列 ／ 【数】幾何数列,等比数列 ／ 【数】調和数列 ／ 列になって,順に並んで"
"seri"	"列"	"【数】発散級数 ／ 【数】幾何級数 ／ 【化】同族列 ／ 【数】収束級数"
"sezon"	"季"	"四季 ／ 雨季,雨期 ／ 乾季,乾期 ／ 季節の,季節的な"
"sign"	"符"	"【情】アスキー文字 ／ 【Ｇ】疑問符 ／ =krisigno（感嘆符） ／ （〜aj 〜oj）発音記号"
"simbol"	"符"	"象徴の,象徴的な;記号を用いる ／ 象徴記号 ／ ［他］（物が）象徴する;（記号が）表す ／ 象徴,シンボル,>>emblemo;【化】【数】記号;【カ】信経"
"skatol"	"盒"	"【学】ブラックボックス ／ 段ボール箱 ／ 手箱,箱,筒,缶;容器,ケース ／ 段ボール箱"
"kased"	"盒"	"カセット,カセットテープ"
"soif"	"渴"	"のどの渇いた;渇望している ／ ［自］のどが渇く;［他］渇望する ／ のどの渇き;渇望 ／ 渇きに苦しむ"
"aspir"	"渴"	"［他］熱望する,あこがれる ／ 熱望,志願"
"soldat"	"兵"	"無名戦士 ／ 【軍】落下傘兵 ／ 正規兵 ／ 一兵卒"
"ekstr"	"特"	"特別の,格別の,余分の,臨時の,>>aldona ／ 増刊,号外 ／ 臨時列車 ／ 特別に,臨時に"
"specif"	"特"	"特定の;固有の,特有の;【理】比〜 ／ 【理】比重 ／ 【理】比抵抗 ／ 【理】比電荷"
"trajt"	"特"	"（〜oj）顔立ち,目鼻立ち;特色,特徴"
"spez"	"兑"	"ベーシックインカム,基礎所得保障 ／ ［他］（金・給料などを）受け取る,もらう,入金する ／ 収入,入金 ／ 税収"
"ŝrank"	"柜"	"【カ】聖櫃（せいひつ）,=tabernaklo ／ 戸棚,食器棚;洋服ダンス"
"strang"	"奇"	"奇妙な,変な,不思議な,おかしい,異様な,>>bizara,>>kurioz ／ 不思議な現象 ／ 風変わりな考え ／ 変な服装"
"kurioz"	"奇"	"珍しい,奇妙な,好奇心をそそる ／ 珍獣 ／ 奇妙な物語"
"mirakl"	"奇"	"奇跡の,奇跡的な ／ 奇跡的に ／ 【宗】奇跡;《転》驚異"
"streĉ"	"紧"	"【電】電気応力;=>tensio（電圧） ／ 張りつめた,緊張した ／ 張りつめて ／ ［他］引き伸ばす,ぴんと張る;引き締める;緊張させる"
"strikt"	"紧"	"厳格な,窮屈な;【服】ぴったり合った ／ 厳密に;きっちりと,ぴったりと ／ 厳密に言えば"
"ŝtrump"	"袜"	"パンティストッキング ／ 【服】ナイロンストッキング ／ 【服】シームレスストッキング ／ 靴下を繕う"
"ŝu"	"鞋"	"上履き ／ ゴム靴 ／ 革靴 ／ 一足の靴"
"subit"	"突"	"突然の,不意の,急な ／ 急死,突然死 ／ 突然に,不意に,急に,>>abrupte,>>neatendite"
"impet"	"突"	"勢いのある,衝動的な ／ 突進 ／ 勢いよく,突進して ／ ［自］突進する,飛びかかる;《転》突き進む"
"sturm"	"突"	"［他］【軍】突撃する,襲撃する,=kurataki ／ 【軍】突撃,襲撃"
"sud"	"南"	"南の;南部の,南方の,><norda ／ 【天】みなみのうお座 ／ 南半球 ／ 【天】みなみじゅうじ座"
"sup"	"汤"	"【料】スープ ／ 即席スープ"
"tol"	"布"	"防水布,（防水）シート ／ リンネル製の;布製の ／ クロース装丁の（本） ／ 【織】リンネル,リネン,亜麻布,麻布;（一般に）布;（製本用）クロース;画布"
"ŝtof"	"布"	"柔らかい布 ／ 綿布（めんぷ） ／ ごわごわした布 ／ 反物,織物,布地;《古》=materialo（材料）;《古》=histo（組"
"tik"	"布"	"【織】ティッキング,布団地（丈夫な綾織りの布地で縞柄が多い） ／ 【病】チック,（顔面）けいれん"
"trem"	"颤"	"［自］震える,身震いする;揺れる,揺れ動く,震動する;恐れる,びくびくする ／ 震え,身震い ／ 【PIV】Tia, ke g^i tremas: per trema voc"
"tromp"	"骗"	"いつわりの,ごまかしの,欺瞞的,見せかけの ／ いつわって,だまして,二心をもって ／ ［他］だます,ごまかす,欺く;誤らせる,惑わす;（期待などを）裏切る ／ 思い上がる,思い違いをする,勘違いをする"
"fripon"	"骗"	"いかさまの,ずる賢い ／ ［自］いかさまを働く ／ ペテン師,悪党"
"truk"	"骗"	"［他］【映】トリック撮影をする;《転》ごまかす ／ 【映】トリック,特撮技法;《転》ごまかし,策略"
"tuk"	"巾"	"（用途に合わせて切った）布,布切れ"
"val"	"谷"	"【地理】谷,谷間,渓谷;流域,=baseno;【建】（屋根の）谷"
"gren"	"谷"	"穀物"
"cereal"	"谷"	"【植】穀草,穀物,>>greno"
"vang"	"颊"	"若々しい頬 ／ こけた頬 ／ 【解】ほお;【機】側板 ／ 【PIV】Rilata al la vango: la vanga pome"
"karn"	"肉"	"肉の,肉体の;生身の,人間の ／ 肉欲 ／ 肉,肉体,>>viando;【植】果肉"
"viand"	"肉"	"（肉・魚の）白身 ／ 生肉（なまにく） ／ やわらかい肉 ／ （肉の）赤身,=sengrasa viando"
"viŝ"	"拭"	"［他］ふく,ぬぐう;ふき取る ／ 【PIV】Movo, per kiu oni vis^as: nur unu"
"s^vabr"	"拭"	"［他］モップで拭く"
"vund"	"伤"	"痛む傷 ／ 重傷 ／ むずがゆい傷 ／ 致命傷"
"lez"	"伤"	"損傷の ／ ［他］【医】損傷を与える,傷つける;損害を与える ／ 【医】（組織・器官の）損傷,障害;（一般に）損害"
"fos"	"掘"	"［他］（穴を掘って）埋める ／ ［他］掘る;発掘する;《転》（問題などを）掘り下げる ／ 塹壕（ざんごう）を掘る ／ （地面の）穴"
"sape"	"掘"	"［他］（城壁などを土台から）掘り崩す;対壕を掘る ／ 【軍】（城壁などを崩壊させるための）坑道;対壕（ついごう，敵陣地に近づくため"
"muel"	"磨"	"［他］（ひきうすなどで）挽く,粉にする,細かく砕く;押しつぶす"
"polur"	"磨"	"【植】トクサ ／ つや出しニス ／ ［他］磨く,研磨する,つやを出す;《転》洗練する,推敲する ／ （研磨による）光沢,つや,>>glaceo"
"fajl"	"磨"	"［他］やすりをかける;《転》磨きをかける ／ やすり掛け,一削り"
"erod"	"磨"	"［他］すり減らす,摩滅させる;（磨き粉で）研磨する;（機械部品を組み合わせる ／ 摩滅,摩耗;研磨;こすり合わせ"
"pumik"	"磨"	"［他］軽石で磨く ／ 軽石"
"ŝarĝ"	"载"	"積荷の;《転》重荷の ／ ［他］（〜に）荷を積み込む;【機】負荷をかける;《転》重荷を負わせる ／ 積荷;負荷;《転》重荷,負担"
"arme"	"军"	"侵略軍 ／ 現役軍 ／ 軍隊構成員,軍人・軍属 ／ 軍隊;〜軍;《転》大群"
"kler"	"文"	"教養ある,学識のある"
"tekst"	"文"	"テキストを解釈する ／ （暗号文に対して）平文 ／ （翻訳文に対して）原文,原典 ／ 【情】プレーンテキスト"
"beletr"	"文"	"文芸的な ／ 文学部,=literatura fakultato ／ 文芸,純文学"
"aspekt"	"显"	"外見上 ／ ［自］見える ／ 外観,見かけ"
"babil"	"聊"	"［自］雑談する,おしゃべりする ／ 【PIV】Diroj de tiu, kiu babilas: c^e ta"
"bilet"	"票"	"切符,券 ／ 往復切符,往復券 ／ 電子乗車券,デジタルチケット ／ 入場券"
"ĉek"	"票"	"【商】小切手 ／ 【商】不渡小切手 ／ 【商】線引小切手"
"balot"	"票"	"選挙ポスター ／ 選挙区 ／ ［自］投票する,票決する ／ （一人分の）投票,一票;=balotado（選挙）"
"blind"	"盲"	"盲目の;《転》盲目的な（差別的表現なので避けるべき）,=>senkritik ／ 《転》盲目的に（差別的表現なので避けるべき）,=>senkritike,=>"
"anopsi"	"盲"	"【医】【PIV】Perdo de la vido."
"ĉarm"	"魅"	"魅力的な,魅惑的な,かわいい ／ ［他］魅惑する ／ 魅力,魅惑 ／ 油断のならない魅力"
"fascin"	"魅"	"魅惑的な,魅了する ／ ［他］（にらんで）すくませる;《転》魅惑する,悩殺する,とりこにする,>>r ／ 魅惑,魅了"
"centr"	"央"	"中心の,中央の ／ 【地名】中央アジア ／ 中央銀行 ／ 【理】中心力"
"des"	"愈"	"［副］それだけ ／ ［副］それだけますます〜でない ／ ［副］それだけますます〜"
"detru"	"毁"	"破壊的な ／ ［他］破壊する,取り壊す;打破する,そこなう ／ 破壊"
"difekt"	"损"	"［他］損なう,だめにする;傷つける ／ 損なうこと;損傷,きず ／ 【理】格子欠陥"
"damaĝ"	"损"	"［他］損害を与える,損傷を与える,>>difekti,>>domag^i ／ 損害,損傷 ／ 損害賠償"
"averi"	"损"	"［自］（船や積荷が）損害を受ける ／ 【商】海損（航海に伴って生じる船や積荷の損害）"
"asidu"	"勤"	"【PIV】Regule vizitanta la lokon de sia "
"diskut"	"论"	"［自］討議する,議論する,>>debati,>>disputi,>>pole ／ 討論,議論 ／ 外形についての議論 ／ パネルディスカッション"
"teori"	"论"	"陰謀説,陰謀論 ／ 精密な理論 ／ 【理】相対性理論 ／ 科学理論"
"ese"	"论"	"小論,評論;エッセー,随筆 ／ ［自］小論を書く;エッセーを書く"
"disert"	"论"	"［自］（学術的に）論じる"
"detekt"	"检"	"［他］【通】検波する;検出する ／ 【通】検波;検出"
"ekzerc"	"练"	"［他］訓練する,練習させる,>>disciplini,>>hardi ／ 筋肉を鍛える ／ =ekzercig^i（練習する） ／ 練習問題,課題;=ekzercado"
"elektr"	"电"	"【理】動電気 ／ 電気の;電動の ／ 電気自動車 ／ 電動歯ブラシ"
"pil"	"电"	"【電】電池,パイル ／ 【化】ボルタの電堆（でんたい） ／ 充電式電池,充電池 ／ 【理】乾電池"
"bateri"	"电"	"【電】バッテリー,電池;【軍】砲兵中隊 ／ ニッケルカドミウム電池,ニッカド電池"
"galvan"	"电"	"【電】ガルバーニ電気の,直流電気の ／ 【人名】ガルバーニ（イタリアの医学者，1737-1798） ／ 【電】【PIV】Efiko de kontinua kurento: gal"
"epok"	"纪"	"時代;【地質】世,>>periodo（紀）,>>erao（代）,>>ag^o ／ 【史】封建時代 ／ 【地質】地質時代 ／ 植民地時代"
"esplor"	"探"	"疫学的調査 ／ ［他］探検する,踏査する;調査する,探究する,研究する;【医】診査する,（精 ／ 踏査;調査,探究,研究;【医】診査;【法】審理 ／ 科学研究"
"sond"	"探"	"［他］（機具で深い所を）探る,調査する;【海】（測鉛で）測深する;【医】（ゾ ／ 【PIV】Ago de iu, kiu sondas."
"tabel"	"表"	"年表 ／ 【数】対数表 ／ 一覧表 ／ 表,一覧表,目録,数表;【史】=tabuleto（書字板）"
"list"	"表"	"［他］リストを作る,一覧表にする ／ 一覧表,表,リスト,目録,名簿 ／ ブラックリスト"
"esprim"	"表"	"［他］表現する,示す,言い表す,>>eldiri ／ 表現,表出;表情;言い回し ／ くだけた表現 ／ 適切な表現"
"etat"	"表"	"明細表,報告書,リスト ／ 支出報告書 ／ 職員給与一覧表"
"etaĝ"	"层"	"（欧州式で）三階;（日米式で）二階 ／ 階（欧州と日米で数え方が異なる）,>>teretag^o,>>unua et ／ （la 〜）最上階 ／ 二階（欧州式）;=teretag^o（日米式）"
"tavol"	"层"	"［自］層になっている ／ 層,地層;（社会の）階層"
"etend"	"伸"	"［他］伸ばす;（手を伸ばして）差し出す;（金属を）延ばす;広げる,拡張する ／ 手足を伸ばす;=etendig^i ／ 【理】【PIV】Rilata al etend(ad)o: etenda m ／ 【PIV】1 Ago de etendanto: etendo de la "
"etern"	"永"	"永遠の,永久の,不朽の,不滅の ／ 永遠の眠り,永眠（死） ／ 【理】永久運動 ／ 万年雪"
"evolu"	"展"	"持続可能な発展,=dau^rigebla disvolvo ／ 経済発展 ／ ［自］進化する,発展する;進展する,変遷する ／ 進化,発展;進展,変遷"
"ekspon"	"展"	"［他］陳列する,=ekspozicii;【写】露光する,露出する ／ 陳列,展示,=ekspozicio;【写】露光,露出"
"fald"	"折"	"［他］二つ折りにする ／ ［他］折りたたむ ／ 二つ折りにする ／ 四つ折りにする"
"rabat"	"折"	"一割引 ／ 値引きを受ける,割引を受ける ／ 値切る,割引を求める ／ 割引で,値引きして"
"zigzag"	"折"	"ジグザグの ／ ジグザグに,千鳥足で ／ ［自］ジグザグに進む ／ ジグザグ,稲妻形,Ｚ字形"
"plis"	"折"	"［他］【服】プリーツをつける,ひだをつける,>>krispigi ／ 【PIV】Parto de s^tofo, jupo, robo ks (k"
"fand"	"熔"	"［他］（熱で）溶かす;鋳造（ちゅうぞう）する ／ =fandado（融解） ／ 【PIV】Rilata al fando: fanda forno ; fa"
"favor"	"利"	"好意的な;有利な,好都合な ／ （〜aj 〜oj）都合のよい条件 ／ 好意的に;有利に ／ ［他］恵む,優遇する;寵愛（ちょうあい）する"
"profit"	"利"	"手に入るかもしれない利益 ／ 不正な利益 ／ 粗利益 ／ 経済上の利益"
"feri"	"假"	"休日の ／ ［自］休日を過ごす,休暇を楽しむ ／ 休日,休業日;（一日の）休暇,休み,>>festotago,>>libert ／ 有給休暇"
"fint"	"假"	"［自］牽制する,フェイントをかける,>>s^ajnigi ／ 【軍】牽制,陽動,=s^ajniga atako;【運】牽制動作,フェイント"
"fianĉ"	"婚"	"婚約者（男）,いいなずけ（男） ／ 【PIV】Rilata al fianc^o: fianc^a donaco"
"nupt"	"婚"	"《詩》=geedzig^ofesto（婚礼） ／ 【PIV】Rilata al nupto: nupta proklamo; "
"flam"	"焰"	"炎の,炎をあげる;炎のような,激しい ／ ［自］炎を上げて燃える ／ 炎,火炎;情熱の炎,激情"
"fulm"	"闪"	"稲妻の ／ ［自］稲妻が走る;《転》ひらめく ／ 【気】雷（かみなり）;稲妻,雷光;《転》ひらめき"
"flagr"	"闪"	"［自］（炎・光が）揺らぐ,揺らめく;明滅する;はためく ／ 【PIV】Fenomeno, estigata de io, kio fla"
"blink"	"闪"	"【PIV】Intermita lumo: g^irblinko, alarm ／ 【PIV】(ntr (netransitiva)) Intermite lu"
"glit"	"滑"	"［自］滑り込む ／ つるつるした,ぬるぬるした;=glitiga ／ ［自］滑る,滑走する,つるりと滑る;《転》忍び込む,ひそかに進行する ／ すべり,スリップ"
"ski"	"滑"	"［自］【運】スキーをする ／ 【運】スキー（板）"
"glat"	"滑"	"なめらかな,すべすべした;《転》平らな;《転》人当たりのよい ／ 耳当たりのよい口上 ／ すべすべした肌 ／ 平坦な道"
"sinovi"	"滑"	"【解】（関節の）滑膜 ／ 【解】（関節の）滑液 ／ 【PIV】Rilata al sinovio: sinovia membra"
"s^us"	"滑"	"【PIV】(ntr (netransitiva)) Rekte malsup ／ 【PIV】Tia malsupreniro."
"sket"	"滑"	"【PIV】(ntr (netransitiva)) Gliti 2."
"skut"	"滑"	"【PIV】(ntr (netransitiva)) Iradi per sk"
"grad"	"度"	"段階的な;程度の ／ だんだんと,しだいに ／ 程度,等級,段階;【単】（角度・温度などの）度;【数】次数;【法】親等 ／ 【理】自由度"
"skal"	"度"	"縮尺 ／ 尺度,目盛,縮尺;《転》規模,スケール;【楽】=gamo（音階）"
"ĝu"	"享"	"［他］楽しむ,享受する ／ 値引きを受ける,割引を受ける ／ 楽しみ ／ 【PIV】Rilata al g^uado: g^ua distraj^o;"
"gust"	"味"	"［自］味がする ／ 味,風味;味覚;趣味,好み ／ 個人的趣味 ／ 洗練された趣味"
"haven"	"港"	"港,港湾;《転》避難所,休息所 ／ 【地名】ポートオブスペイン（トリニダード・トバゴの首都） ／ 商港,貿易港 ／ 軍港"
"hezit"	"犹"	"［自］ためらう,躊躇（ちゅうちょ）する ／ ためらい,躊躇 ／ 【PIV】Montranta heziton: hezitaj vortoj"
"hotel"	"馆"	"ホテル,旅館 ／ 快適なホテル ／ ホテルに宿泊する ／ 一流ホテル"
"muze"	"馆"	"美術館 ／ 博物館;美術館;収蔵品,収集品 ／ （la 〜）エルミタージュ美術館（ロシア） ／ 先史博物館"
"humil"	"谦"	"謙虚な,控えめな;卑下した ／ 謙遜して,へりくだって"
"modest"	"谦"	"控えめな,謙虚な,慎み深い;質素な,地味な,ささやかな ／ 質素な住まい ／ 控えめな人 ／ 薄給,安月給"
"pati"	"情"	"無感動の,冷淡な ／ 無感動,無関心,冷淡,><simpatio ／ 【医】【PIV】Kn (Kolektiva nomo) de malsano"
"pasi"	"情"	"情熱的な,熱烈な ／ 情熱的に,熱烈に ／ 情熱,激情,熱中;激しい恋情,情欲"
"humor"	"情"	"不機嫌 ／ むらのない気質 ／ 上機嫌 ／ 気質の;機嫌のよい"
"emoci"	"情"	"感情の;感動的な,感情的な,>>kortus^a ／ 興奮した身ぶり ／ 感動的な物語 ／ 感動的に,情緒的に"
"afekci"	"情"	"感動的な,=emocia ／ ［他］（心的に）作用する;=emocii（感動させる）;（病気や健康に）害を ／ 情動,=sentoskuo;【医】疾患,=malsano"
"jup"	"裙"	"【服】スカート"
"latis"	"格"	"【理】格子欠陥 ／ 【理】結晶格子 ／ 【建】格子,網格子,ラチス,（目の粗い）金網;格子状の構造;【理】格子"
"kav"	"洞"	"【解】口腔（こうこう） ／ みずおち,みぞおち（鳩尾） ／ 中空の,空洞の,くぼんだ ／ 穴のあいた虫歯"
"kavern"	"洞"	"洞穴の;【医】空洞のある ／ 空洞のある肺 ／ 洞穴,洞窟（どうくつ）,>>groto;【医】空洞 ／ 【地質】鍾乳洞"
"grot"	"洞"	"（小規模の，人工の）洞穴（ほらあな）,洞窟（どうくつ）,>>kaverno"
"sinus"	"洞"	"【解】洞（どう） ／ 【数】サイン（正弦）,>>kosinuso,>>tangento"
"legend"	"传"	"伝説の,伝説的な ／ 伝説,言い伝え ／ （la 〜）黄金伝説（中世ヨーロッパの聖人伝集成） ／ 都市伝説"
"vad"	"涉"	"［自］（水・泥・積雪などの中を）歩く,歩いて行く"
"padel"	"涉"	"［自］（泥や水の中を）歩く,動き回る;（泥や水の中で）暴れる,パチャパチャす ／ （スクリュー・プロペラの）羽根板;（オールの）水かき,櫂（かい）;（水車の）"
"sesi"	"会"	"（議会などの）会期,（法廷の）開廷期,（大学の）試験期間;（大学の）一連の講"
"konsol"	"慰"	"慰めの,慰めを与える ／ 残念賞 ／ （〜aj 〜oj）慰めの言葉 ／ ［他］慰める,（心痛を）和らげる,癒やす"
"krud"	"粗"	"生の,未加工の;粗野な,荒々しい ／ 荒々しい力 ／ 生ゴム ／ けばけばしい色"
"rasp"	"粗"	"ざらざらした,きめの粗い;《転》しわがれた,ごつごつした ／ さめ肌 ／ ごつごつした文体 ／ しわがれた声"
"kudr"	"缝"	"【印】糸綴じの（製本） ／ ［他］縫う,縫い合わせる ／ 縫うこと;縫い目,縫い合わせ"
"steb"	"缝"	"［他］ミシンで縫う,合わせ縫いする ／ 縫目"
"esenc"	"质"	"本質的な;必須の,不可欠な ／ 【化】必須アミノ酸 ／ 最も重要な義務 ／ 本質的要素"
"materi"	"质"	"【天】星間物質 ／ 【理】磁性体 ／ 【天】暗黒物質,ダークマター ／ 物質の;物質的な,物的な"
"kvalit"	"质"	"質の;質的な ／ 質,品質,><kvanto;特性,特質"
"kvant"	"量"	"物理量 ／ 量の ／ 量,数量,><kvalito"
"doz"	"量"	"［他］【薬】分量を定める,調合する ／ 【薬】（１回分の）服用量;適量;【理】（放射線照射の）線量 ／ 【理】吸収線量 ／ 【環】致死量"
"metrik"	"量"	"【文】韻律の;【数】計量の,距離の ／ 【文】韻律学,>>prozodio;【数】計量,距離"
"litr"	"升"	"【単】リットル（容積の単位）"
"his"	"升"	"［他］【海】（帆を）あげる;（旗を）掲げる,=suprentiri"
"dies"	"升"	"【楽】シャープ,嬰記号（♯）,><bemolo;【情】シャープ（＃）"
"lu"	"租"	"［他］賃借する,（料金を払って）借りる"
"farm"	"租"	"［他］小作する,（農地を）賃借りする ／ 小作（契約）,（農地の）賃借り ／ 【PIV】Regata de tia kontrakto."
"rent"	"租"	"地代,賃貸料;金利収入"
"c^art"	"租"	"［他］（船を）チャーターする ／ 【法】憲章;【史】（中世の）証書,勅許状;【海】用船契約 ／ 【法】国連憲章,=la C^arto de la Unuig^intaj N ／ 【史】（英国の）マグナカルタ"
"luks"	"奢"	"ぜいたくな,豪奢（ごうしゃ）な,華美な ／ ぜいたく,豪華,華美 ／ 【理】ルクス（照度の単位）"
"sil"	"仓"	"【農】サイロ,貯蔵庫"
"mantel"	"披"	"ゴムひきマント ／ 【服】マント,外套,コート,ケープ;【建】マントルピース;《転》覆い隠すもの ／ ミンクのコート"
"metr"	"米"	"【単】立方メートル ／ 【単】平方メートル ／ メートル（法）の ／ 【学】メートル法"
"riz"	"米"	"新米 ／ 【植】イネ（稲）（種）;《般》米（粒）;【料】米飯,ライス ／ 【料】カレーライス ／ 精白米"
"mild"	"柔"	"温和な,優しい,穏やかな,もの柔らかな ／ おとなしい性格 ／ 暖冬 ／ 優しい声"
"tener"	"柔"	"優しい,愛情のこもった,>>karesema"
"supl"	"柔"	"《稀》=malrigida（柔軟な）,=fleksebla（しなやかな）"
"mizer"	"惨"	"悲惨な,みじめな,あわれな;貧しい,みすぼらしい;くだらない,つまらない,下 ／ みじめに,あわれにも ／ ［自］困窮している ／ 悲惨,窮状,困窮,貧困,窮乏"
"mor"	"俗"	"風俗,慣習,風習,習わし,>>kutimo"
"vulgar"	"俗"	"通俗の,日常の,ありふれた;卑俗な,=triviala ／ 通俗語,><literatura lingvo ／ 通俗的に,一般に"
"laik"	"俗"	"俗人の,在家の;世俗の,非宗教的な;《転》しろうとの ／ 【法】参審員,裁判員,>>j^uriano ／ 【宗】（聖職者・出家に対し）俗人,在家;《転》しろうと"
"profan"	"俗"	"宗教と無関係の,世俗的な;神聖を汚す,冒涜的な ／ ［他］（神聖なものを）冒涜（ぼうとく）する,汚す,=malsanktigi; ／ 未信者,（宗教に関心を持たない）俗人,凡俗;門外漢,素人"
"kic^"	"俗"	"俗悪な,まがい物の ／ キッチュ（芸術を気取った俗悪なまがい物）"
"murmur"	"咕"	"［自］つぶやく,ざわめく;ぶつくさ言う ／ つぶやき,ざわめき ／ 【PIV】Enmiksi kiel murmuron: l a tenoru"
"kver"	"咕"	"［自］（ハトが）クウクウ鳴く;《転》甘い言葉をささやく"
"kluk"	"咕"	"［自］（雌鶏などが）クックッと鳴く"
"mut"	"哑"	"唖（おし）の,口のきけない;無言の,押し黙った ／ 【映】無声映画 ／ 【美】静物（画）,=senmovaj^o"
"nebul"	"雾"	"濃霧 ／ ぼんやりとかすんだ霧 ／ 霧の,霧のかかった;かすんだ,不明瞭な,曖昧（あいまい）な ／ ［自］（無主語）霧が立ちこめている;かすんでいる"
"nest"	"巢"	"［自］巣を構える,巣を作る;（巣に）すんでいる ／ 巣;《転》すみか,ねぐら"
"nud"	"裸"	"裸の;むき出しの;飾りのない ／ ありのままの真実 ／ 【PIV】1 G^enro, konsistanta en la preze"
"nutr"	"养"	"滋養の,栄養のある ／ ［他］食物を与える;養う,飼う;《転》（心で）はぐくむ ／ （燃料を加えて）火を燃やし続ける ／ =nutraj^o（栄養物）"
"bred"	"养"	"［他］【農】飼育する;育種する,品種改良する ／ 【PIV】Agado au^ laboro de tiu, kiu bred"
"vart"	"养"	"［他］保育する,養育する,育てる;《転》（大事に）はぐくむ;（機械などを）保 ／ 保育,養育,=vartado"
"trofi"	"养"	"［他］【病】萎縮させる ／ 【病】萎縮 ／ 【環】栄養段階,>>produktanto,>>konsumanto,>>m ／ 【生】【医】【PIV】Nutrado k/au^ kreskado de l"
"oranĝ"	"橙"	"オレンジの種 ／ 【果】ダイダイ（橙） ／ 【料】オレンジマーマレード ／ 【果】オレンジ;《般》ミカン（蜜柑）,>>mandarino"
"origin"	"源"	"起源の,原初の,元来の ／ 原形 ／ （移住者に対して）原住民 ／ （la 〜）【キ】原罪,=prapeko"
"genez"	"源"	"起源,発生 ／ 【聖】『創世記』（旧約聖書） ／ 【PIV】Rilata al la genezo: geneza esplo"
"etim"	"源"	"【Ｇ】原義;原形"
"ornam"	"饰"	"飾りの,装飾の ／ 【植】ハボタン（葉牡丹） ／ ［他］飾る,装飾する ／ 飾りつけ;飾り,装飾（品）"
"dekor"	"饰"	"［他］=dekoracii（装飾する） ／ =dekoracio（装飾）"
"pal"	"苍"	"（顔が）青ざめた,青白い,血の気のない;色の薄い,光の弱い;《転》生気のない"
"scen"	"场"	"強く心を打たれる場面 ／ 【劇】場;《転》場面,光景,シーン;《古》=scenejo ／ 【PIV】Rilata al scen(ej)o: scenaj akces"
"plac"	"场"	"広場;空き地"
"agor"	"场"	"【建】【PIV】Placo en la antikvaj helenaj u"
"potenc"	"力"	"強力な,威力のある;有力な,権力のある,強大な ／ ［他］支配する,権力をふるう ／ 威力,強さ;勢力,権力,支配力;《転》強国;【数】累乗,べき ／ 実権"
"privat"	"私"	"私的な,私の,非公式な;私立の,私有の ／ 私事 ／ 民間銀行 ／ 私立探偵"
"rezist"	"抗"	"抵抗の ／ ［自］抵抗する,反抗する;耐える;【理】抵抗を示す,耐性を示す ／ 抵抗,反抗;【電】抵抗,=rezistanco;【理】抗力 ／ 【理】空気抵抗"
"radik"	"根"	"【Ｅ】基礎語根 ／ 《古》=enradikigi（根付かせる） ／ 【薬】甘草（かんぞう） ／ 【数】立方根"
"radikl"	"根"	"【解】【PIV】Radiko de krania au^ spina ner ／ 【医】【PIV】Rilata al radiklo: radikla par"
"rajd"	"骑"	"馬に乗って;馬乗りに ／ ［自］（馬などに）乗って行く ／ 乗馬 ／ 【PIV】Rilata al rajdo: rajda vetkurado;"
"rel"	"轨"	"【鉄】レール,軌条;（手すりや柵の）横棒,横木"
"orbit"	"轨"	"楕円軌道 ／ ［自］軌道を描いて回る ／ 【天】軌道;《転》勢力圏,活動範囲;【解】=okulkavo ／ 【PIV】Rilata al la orbito."
"supe"	"餐"	"【PIV】Delikata au^ festa vespermang^o. ／ 【PIV】(ntr (netransitiva)) Mang^i je su"
"ring"	"环"	"（La 〜）【文】『指輪物語』（トールキン作） ／ 【天】金環食 ／ 【天】金環日食 ／ 輪,環;指輪;《転》環状のもの"
"cikl"	"环"	"【環】水循環 ／ 周期的な,循環の ／ 【化】環式炭化水素 ／ 周期,循環,サイクル;【文】（同一主題の）物語群,連作;【交】自転車;【化】"
"cirkul"	"环"	"【経】流動資本 ／ ［自］循環する;（人や車が）往来する;（商品などが）流通する"
"tor"	"环"	"【建】（柱の）玉縁（たまぶち）;【数】円環面,トーラス ／ 【神】トール（北欧神話の雷神）"
"ruz"	"狡"	"邪悪な策略 ／ ずるい,悪賢い,狡猾な,抜け目ない ／ ずるく,悪賢く,狡猾に,抜け目なく ／ ［自］策略を使う,悪知恵を働かす"
"sabl"	"沙"	"砂上の楼閣 ／ 砂の,砂でできた ／ 【植】ハマムギ（の仲間） ／ 【気】（陸上の）竜巻"
"sekund"	"秒"	"【理】メートル毎秒（速度の単位，m/s） ／ 【理】サイクル毎秒（周波数の単位，c/s）,=herco ／ 秒（時間・角度の単位）"
"soci"	"社"	"封建社会 ／ 資本主義社会 ／ 高齢化社会 ／ 社会の,社会的な;社会生活を営む"
"klub"	"社"	"ディベートクラブ,討論研修クラブ ／ 会員制クラブ ／ ゴルフクラブ ／ クラブ員,会員"
"social"	"社"	"社会的な;社会福祉の ／ 社会保険 ／ 社交ダンス ／ 社会教育"
"societ"	"社"	"会を設立する ／ 【学】日本数学会 ／ =kooperativo（協同組合） ／ 会を解散する"
"sonĝ"	"梦"	"夢判断をする ／ 【文】『紅楼夢』（中国の長編小説） ／ 【文】『真夏の夜の夢』（シェークスピア作） ／ 夢の,夢のような"
"spac"	"空"	"［他］包含する ／ 空間の概念 ／ 宇宙空間 ／ 立体幾何学"
"vak"	"空"	"あいている,空席の,空位の,>>neokupita,>>libera,>>d ／ 空き家 ／ 空き時間 ／ うつろなまなざし"
"vaku"	"空"	"【理】真空放電 ／ 【理】真空の透磁率 ／ 【理】真空の誘電率 ／ 【理】トリチェリの真空"
"idl"	"空"	"【PIV】(ntr (netransitiva)) 1 (pp (se pa"
"ŝpar"	"省"	"［他］たくわえる,ためる,貯蓄する;節約する,倹約する;=s^parigi ／ 貯金,貯蓄;節約,倹約 ／ 【環】省エネルギー ／ 【PIV】Rilata al s^parado: s^para banko "
"elizi"	"省"	"［他］【Ｇ】（語末の）母音を省略する ／ 【Ｇ】（語末の）母音省略"
"stomak"	"胃"	"胃の透視 ／ 胃の ／ 【病】胃がん（癌） ／ 胃けいれん"
"gastr"	"胃"	"【医】【PIV】Stomako (en kunmetaj^oj). ／ 【PIV】Rilata al perturboj au^ malsanoj "
"ŝtop"	"堵"	"［他］（穴・隙間などを）ふさぐ,栓をする,詰め物をする,埋める;ふさいで邪魔 ／ 割れ目をふさぐ ／ 靴下を繕う"
"obtur"	"堵"	"【写】スローシャッター ／ 【写】シャッター速度 ／ ［他］（穴や開口部を）ふさぐ,密閉する;【医】（虫歯を）充填する"
"stult"	"愚"	"愚鈍な,まぬけの,愚かな"
"idiot"	"愚"	"白痴的な;ばかげた ／ 【医】重度知的障害者,白痴;《転》愚か者"
"fol"	"愚"	"【PIV】Gaje frenezeta, frenezon s^erce i"
"suk"	"汁"	"甘いジュース ／ 汁の;みずみずしい,=sukplena ／ みずみずしく ／ 汁,肉汁,果汁,ジュース;体液,樹液;《転》精髄,エッセンス"
"most"	"汁"	"（発酵前の）ブドウ液,>>vino"
"ŝuld"	"欠"	"対外債務 ／ 負債を弁済する ／ 債務を帳消しにする ／ 国債（負債）"
"debet"	"欠"	"【商】借方残高;借越額 ／ ［他］【商】借方に記入する,><krediti ／ 【商】（簿記の）借方,><kredito;負債"
"osced"	"欠"	"［自］あくびをする ／ あくび"
"ŝultr"	"肩"	"（片方の）肩をもむ ／ 肩こり ／ 肩の ／ 【解】肩;《転》肩状の部分"
