char	count	members
草	444	abutil:G. (Genro) (Abutilon el malvacoj) de pli ol 100 sp-oj (speci | agerat:G. (Genro) (Ageratum el asteracoj), parenca al eu^patorio, d | air:G. (Genro) (Aira el poacoj) de unujaraj herboj kun 2-floraj  | aizo:G. (Genro) (Aizoon el aizoacoj) de 11 sp-oj (specioj) de plu | ajapan:G. (Genro) (Ayapana el asteracoj), tre parenca al eu^patorio | ajug:G. (Genro) (Ajuga el lamiacoj) de plurjaraj herboj kun kruce | akant:アカンサス（属） | akor:G. (Genro) (Acorus el akoracoj) de plurjaraj herboj kun hori | akte:G. (Genro) (Actaea el ranunkolacoj) de 8 sp-oj (specioj) de  | aliari:G. (Genro) (Alliaria el brasikacoj), parenca al sizimbrio, d | alis:G. (Genro) (Alyssum el brasikacoj) de herboj k arbustetoj, k | alium:G. (Genro) (Allium el aliumacoj) de unu-, du-k plur-jaraj he
木	235	agatid:G. (Genro) (Agathis, sin. (sinonimo (de latinscienca nomo))  | akebi:G. (Genro) (Akebia el Lardizabalaceae) de volvig^antaj arbus | akvifoli:1 (ark. (arkaismo, arkaisme)) Alia nomo (Aquifolium, nomenkl | alatern:Sp. (Specio) de ramno (Rhamnus alaternus) el la Mediteranea  | albizi:G. (Genro) (Albizia el fabacoj) de arboj, trunkarbustoj k li | aleu^rit:G. (Genro) (Aleurites el eu^forbiacoj) de arboj k trunkarbus | amelanc^:G. (Genro) (Amelanchier el rozacoj) de 33 sp-oj (specioj) de | amirid:G. (Genro) (Amyris el rutacoj) de arboj k trunkarbustoj kun  | anagir:G. (Genro) (Anagyris el fabacoj) de arbustoj; 1 au^ 2 Medite | anakardi:G. (Genro) (Anacardium el anakardiacoj) de arbetoj k arbusto | anamirt:G. (Genro) (Anamirta el menispermacoj), parenca al koklo, de | andromed:G. (Genro) (Andromeda el erikacoj) de dau^rafoliaj arbusteto
鸟	112	agami:Sp. de birdo (Psophia crepitans) el la ordo de gruformaj, vi | alced:G (Alcedo) de birdoj el la ordo de koraciformaj, kun verda k | alektor:G. (Genro) (Alectoris) de birdoj parencaj al perdriko 1, sed | apterig:G. (Genro) (Apteryx) de senflugilaj, senkarinaj birdoj, viva | arde:アオサギ（青鷺）（属） | au^k:G. (Genro) (Alca) de N-Atlantikaj nag^birdoj el la ordo de k | avocet:Sp. (Specio) (Recurvirostra avosetta) de birdo el la ordo de | bantam:Malgranda formo de kokbirdoj diversarasaj, c^e kiu la virkok | bernikl:Sp. (Specio) (Branta bernicla) de relative malgranda, arkta  | bird:鳥の | bobolink:Sp. (Specio) (Dolichonyx oryzivorus) de birdo el la ordo de  | bombicil:G. (Genro) (Bombycilla) de birdoj el la ordo de paseroformaj
虫	88	afid:アブラムシ（油虫）,アリマキ（蟻巻）（科の総称）,=plantlau^so | afrodit:G. (Genro) (Aphrodita) de anelidoj el la klaso de poliketoj; | akar:《般》ダニ（壁蝨）;コナダニ（粉ダニ）（科の総称）,>>iksodo | akeronti:G. (Genro) (Acherontia) de noktpapilioj el la fam. (familio) | alcioni:G. (Genro) (Alcyonium) de diverskoloraj okkoraluloj. | aleu^rod:G. (Genro) (Aleyrodes, sin. (sinonimo (de latinscienca nomo) | alveolin:G. (Genro) (Alveolina el alveolinedoj) de foraminiferoj. | anobi:アノビウム（シバンムシ科の一属、幼虫が家具・建材の害虫） | antedon:G. (Genro) (Antedon) de ekinodermoj el la klaso de krinoidoj | argonau^t:タコブネ（属） | arkti:G. (Genro) (Arctia) de noktpapilioj, grandaj okulfrape kolor | atropos:Plej konata sp. de akerontio (Acherontia atropos), kun krani
菌	82	armilari:G. (Genro) (Armillaria el trikolomacoj) de ombrelfungoj kun  | astre:G. (Genro) (Astraeus el astreacoj el gasteromicetoj) de fung | au^rikulari:G. (Genro) (Auricularia el au^rikulariacoj) de glathimeniaj  | bacil:炭疽菌 | bakter:? | bakteri:細菌ウイルス,=bakteriofago | botrit:G. (Genro) (Botrytis) de mikroskopaj, neperfektaj fungoj kun | botul:Sp. (Specio) de klostridio (Clostridium botulinum) de aernet | boviste:G. (Genro) (Bovista el likoperdacoj) de bazidifungoj kun glo | c^ampinjon:Sp. (Specio) de agariko (duspora agariko), mang^ebla fungo k | cetrari:G. (Genro) (Cetraria el parmeliacoj) de arbustecaj au^ folie | eci:Sporujo de rustofungoj (uredaloj), kiu naskas ecisporojn. Si
鱼	74	acipenser:G. (Genro) (Acipenser) de kondrosteaj fis^oj, al kiu aparten | akantias:Sp. (Specio) (Squalus acanthias) de s^arko, griza k blanka,  | anarik:G. (Genro) (Anarhichas) de bongustaj fis^oj el la ordo de pe | anc^ov:（缶詰の）油漬けのイワシ,アンチョビー,>>sardelo;カタクチイワシ,=engrau^lo | angil:ウナギ（鰻） | barbi:Barbfis^o. | blakbas:G. (Genro) (Micropterus) de rabfis^oj el la ordo de perkofor | bonit:Kn (Kolektiva nomo) de diversaj, ne tre grandaj sp-oj (speci | bops:Fis^o (unuspecia g. (genro) Boops boops) el la ordo de perko | bram:ブリーム（コイ科の淡水魚） | brosm:Mara fis^o (unuspecia g. (genro) Brosme brosme) el la ordo d | c^ot:カジカ（鰍）（属）
金	64	americi:Transurania elemento, Am, atomnumero 95, atommaso 243,06. | bari:《般》バリウム（Ｘ線造影剤） | berili:ベリリウム（銀白色の金属元素、原子番号４） | berkeli:Transurania elemento, Bk, atomnumero 97, atommaso 247,02. | bismut:ビスマス（赤みをおびた銀白色の金属元素．原子番号８３） | blond:ブロンドの（毛髪が金色と栗色の中間） | ceri:セリウム（原子番号５８の希土類元素） | cezi:セシウム（原子番号５５のアルカリ金属元素） | disprozi:1 Elemento, Dy, atomnumero 66, atommaso 162,50, lantanido: d | ejns^tejni:Transurania elemento, Es, atomnumero 99, atommaso 252,08. | erbi:エルビウム（原子番号６８の金属元素） | eu^ropi:ユウロピウム（原子番号６３の希土類元素）
兽	63	agvara:Sp. (Specio) (Chrysocyon brachyurus) de S-Amerika rabobesto  | alcelaf:G. (Genro) (Alcelaphus) de grandaj Afrikaj antilopoj kun pos | animal:肉食療法 | armadel:1 Kn (Kolektiva nomo) de la mamuloj, apartenantaj al la fam. | best:動物の,獣のような | besti:1 Sovag^besto. 2 Sovag^instinkta senbride perfortema homo: l | blastocer:S-Amerika mamulo (unuspecia g. (genro) Blastocerus dichotomu | boselaf:Granda, grizblua Hindia antilopo (unuspecia g. (genro) Bosel | civetikt:Rabobesto (unuspecia g. (genro) Civettictis civetta, sin. (s | dazipod:G. (Genro) (Dasypus) de malgrandaj S-Amerikaj mamuloj el la  | dendrolag:G. (Genro) (Dendrolagus) de relative malgrandaj kanguruoj, k | desmod:G. (Genro) (Desmodus) de mamuloj el la ordo de kiropteroj (v
猴	28	aluat:G. (Genro) (Alouatta) de Amerikaj simioj el la fam. (familio | aot:G. (Genro) (Aotus) de Amerikaj malgrandaj noktaj simioj gran | atel:G. (Genro) (Ateles) de Amerikaj simioj el la fam. (familio)  | au^stralopitek:G. (Genro) (Australopithecus) de fosiliaj homenoj, dupiedaj, | ceb:G. (Genro) (Cebus) de simioj, kun mezlonga, tute harkovrita  | cerkopitek:G. (Genro) (Cercopithecus) de simioj vivantaj en Afrikaj arb | entel:Sp. (Specio) de presbito (Presbytis entellus), brunflava, ku | galag:Prasimio (Galago k parencaj g-oj (genroj)) kun grandaj orelo | gibon:G. (Genro) (Hylobates) de mamuloj el la subordo de simioj, h | hapal:(ark. (arkaismo, arkaisme)) = kalitrikso. | hulman:Entelo. | indri:G. (Genro) (Indri) de prasimioj, vivantaj en Madagaskaro, ku
鼠	23	aguti:Sp. (Dasyprocta agouti) de Amerikaj mamuloj el la ordo de ro | arvikol:G. (Genro) (Arvicola) de rong^uloj parencaj al mikroto, hava | c^inc^il:G. (Genro) (Chinchilla) de mamuloj el la ordo de rong^uloj,  | didelf:オポッサム（属）,フクロネズミ | dolikot:G. (Genro) (Dolichotis) de S-Amerikaj mamuloj el la ordo de  | ermen:オコジョ,エゾイタチ,アーミン;=ermenfelo | hidroker:G. (Genro) (Hydrochoerus) de Amerikaj mamuloj el la ordo de  | kavi:G. (Genro) (Cavia) de Amerikaj mamuloj el la ordo de rong^ul | lagostom:Mamulo (unuspecia g. (genro) Lagostomus maximus) el la ordo  | mefit:シマスカンク（属）;（一般に）スカンク | mel:アナグマ（属）（穴熊） | mikrot:G. (Genro) (Microtus) de mamuloj el la ordo de rong^uloj, fa
果	20	aliz:ナナカマド（の一種）の実 | aniz:アニスの実 | c^erimoli:1 Sp de anono (Annona cherimola, sin. (sinonimo (de latinsci | citron:ヤマキチョウ | frag:イチゴのプレザーブ,イチゴジャム | framb:ラズベリー,フランボワーズ,キイチゴ（実） | frukt:裂開果,裂果 | grapfrukt:グレープフルーツ,>>pampelmuso | graviol:1 Sp. (Specio) de anono (A. muricata), arbeto kun tre granda | gujav:グアバ,バンジロウ（の実） | konsekvenc:首尾一貫した,筋の通った | kurm:Speco de pirforma sorpo, flava, rug^eta au^ bruneta, nur tro
藻	19	alg:海藻,も（藻） | bangi:G. (Genro) (Bangia el bangiacoj), kosmopolita, de multaj, g^ | cerami:G. (Genro) (Ceramium el ceramiacoj) de maraj rug^algoj kun t | fic:? | fuk:ヒバマタ（属） | gonidi:(ark. (arkaismo, arkaisme)) La simbioza algo (vs (vastasence | kara:G. (Genro) (Chara el karaacoj) de dolc^akvaj verdalgoj kun r | kau^lerp:G. (Genro) (Caulerpa el kau^lerpacoj) de maraj verdalgoj sif | klamidomonad:G. (Genro) (Chlamydomonas) de dolc^akvaj duflagelaj protozoo | klorel:G. (Genro) (Chlorella) de dolc^akvaj unuc^elaj verdalgoj, ra | kombu:Sp. (Specio) de laminario (fingroforma laminario), uzata en  | koralin:G. (Genro) (Corallina el koralinacoj) de pli ol 30 sp-oj (sp
龙	18	agam:G. (Genro) (Agama) de reptilioj el la subordo de lacertuloj, | akonti:G. (Genro) (Acontias) de Afrikaj, senkruraj, vivonaskaj lace | apatosau^r:G. (Genro) (Apatosaurus) de herbomang^antaj dinosau^roj el l | drak:竜,ドラゴン;トビトカゲ（属）;《廃》=>kajto（凧） | eu^ripterigi:G. (Genro) (Eurypterygius el fis^sau^roj) de maraj fis^simil | igvan:イグアナ（属） | molok:Lacertulo (unuspecia g. (genro) Moloch horridus) el la fam.  | mozasau^r:G. (Genro) (Mosasaurus) de maraj, longformaj reptilioj el kr | pleziosau^r:G. (Genro) (Plesiosaurus) de mezozoikaj, maraj nag^antaj sau | pteranodont:G. (Genro) (Pteranodon) de grandaj flugsau^roj, kiuj vivis d | pterodaktil:G. (Genro) (Pterodactylus) de relative malgrandaj, mallongvo | ramforink:G. (Genro) (Rhamphorhynchus) de malgrandaj, longvostaj flugs
气	16	aer:空気の,大気の;空の,空中の,航空の;《転》空虚な,実体のない | argon:アルゴン（希ガス，１８番元素） | atmosfer:大気現象,気象 | fluor:フッ素（原子番号９のハロゲン元素） | gas:排気ガス | heli:Heliumo. | helium:ヘリウム | kripton:クリプトン（原子番号３６の希ガス元素） | ksenon:1 Elemento, Xe, atomnumero 54, atommaso 131,29. 2 Nobla gaso | meteo:? | neon:ネオン（原子番号10の希ガス元素） | odor:強いにおい
虾	16	armadilidi:G. (Genro) (Armadillidium) de krustacoj, parencaj al onisko. | birg:Krustaco (unuspecia g. (genro) Birgus latro) el fam. (famili | dafni:Malgranda nesalakva krustaco (Daphnia k parencaj g-oj (genro | dromi:G. (Genro) (Dromia) de kraboj, kiuj portas vivantajn spongoj | gamar:G. (Genro) (Gammarus) de multkruraj krustacoj vivantaj en se | kankr:後ずさりして | karcin:G. (Genro) (Carcinus) de malgrandaj kraboj verdaj, kun nigra | krangon:G. (Genro) (Crangon) de marbordaj salikokoj, kiuj estas griz | kril:Planktono de malvarmaj maroj, konsistanta el etaj krustacoj  | leandr:G. (Genro) (Leander, sin. (sinonimo (de latinscienca nomo))  | lepad:G. (Genro) (Lepas) de krustacoj el la subklaso de ciripedoj, | nau^pli:Unua larvo de la krustacoj.
贝	15	anodont:G. (Genro) (Anodonta) de duvalvaj moluskoj kun maldikaj, sen | arkiteu^t:G. (Genro) (Architeuthis) de grandegaj, dekbrakaj cefalopodo | dorid:Nudbranka mara gastropodo (Doris k parencaj g-oj (genroj)),  | eledon:G. (Genro) (Eledone) de polpoj kun unu vico de suc^iloj sur  | folad:ニオガイ（属） | gujdak:Kn (Kolektiva nomo) de kelkaj grandaj sp-oj (specioj) de mol | konk:カタツムリの殻 | limne:G. (Genro) (Lymnea, sin. (sinonimo (de latinscienca nomo)) L | mureks:G. (Genro) (Murex) de moluskoj el la klaso de gastropodoj, b | panope:G. (Genro) (Panopea) de grandaj maraj lamenbrankuloj, i.a. ( | pina:G. (Genro) (Pinna) de grandaj (30−60 cm (centimetro) longaj) | pinktad:G. (Genro) (Pinctada, sin. (sinonimo (de latinscienca nomo))
蛇	14	akroh^ord:Reptilio (g. (genro) Acrochordus) el la subordo de serpentoj | anakond:Grandega sufokserpento (Eunectes murinus) el la N parto de S | botrop:G. (Genro) (Bothrops) de venenaj serpentoj, vivantaj en trop | bungar:G. (Genro) (Bungarus) de serpentoj el la fam. (familio) de e | cerast:G. (Genro) (Cerastes) de malgrandaj N-Afrikaj k SU-Aziaj ser | elap:G. (Genro) (Elaps) de kolorric^aj, venenaj serpentoj, vivant | kolubr:コルブラ,ムチヘビ（ナミヘビ科の無毒ヘビの一群） | koronel:G. (Genro) (Coronella) de senvenenaj serpentoj el la fam. (f | krajt:Vulgara nomo de bungaro. | meandr:［自］（道・川などが）曲がりくねる,蛇行する,=serpentumi | naj:G. (Genro) (Naja) de serpentoj venenaj, kiuj povas plilarg^i | natrik:G. (Genro) (Natrix) de senvenenaj serpentoj el la fam. (fami
复	11	anafor:1 Ritmofiguro, konsistanta en la ripeto de unu sama vorto au | faksimil:［他］複写する,模写する;模写電送する,=faksi | iteraci:入れ子の繰り返し（ループ） | kompleks:複合した;入り組んだ,複雑な;複素数の | komplik:複雑な,込み入った,ややこしい,煩わしい | kopi:印画紙 | pau^s:［他］敷き写しする,トレースする;《転》丸写しする,模倣する | recidiv:1 Reapero de la sama malsano c^e sama individuo. 2 Refaro de | reprograf:(tr (transitiva)) Reprodukti dokumenton per termika, elektra | restau^r:復元力 | ripet:繰り返して
团	10	aglomer:［他］塊にする,固める,凝集させる | agreg:［他］=kunigi（集める） | bolus:ボーラス,大粒の丸薬;食塊 | bul:丸い,球状の | grup:グループの;集団的な,>>kolektiva | konglomer:(tr (transitiva)) Kunligi per liga substanco sam-au^ nesam-s | mas:重力質量 | regiment:連隊 | solidar:連帯の,連帯した;連帯責任のある | trup:密集した部隊
射	9	aktin:(pp (se paroli pri) lumradio) Kemie aktiva, i.a. (interalie, | ejakul:［自］射精する,=spermelj^eti | incid:入射角 | jekci:Bildigo (en iuj kunmetaj^oj). | katapult:［他］カタパルトで発射する | paf:［他］撃つ,射る,射撃する,射出する,発射する | projekci:中心射影 | radi:アマチュア無線 | s^ot:コーナーキック
旋	9	ciklon:サイクロン;低気圧,><kontrau^ciklono | gir:(ntr (netransitiva)) Rondire turnig^i: nu, provizore la mond | giro:? | piruet:［自］つま先で旋回する | pivot:［自］（軸を中心に）回転する,旋回する | rotaci:回転の,自転の | spin:脊髄（せきずい）,=mjelo | spiral:らせん形の,渦巻き状の | turb:［自］（こまのように）くるくる回る,旋回する;ろくろかんなをかける
带	9	balte:肩から斜めに | banderol:帯封を付けて | bend:［他］（ひも・テープで）しばる,束ねる,巻く | kordon:青綬（せいじゅ）（ブルボン王朝の最高勲章をさげる） | lac^:［他］〜のひもを結ぶ,ひもで締める;《転》束縛する | rimen:（平たくて細長い）ひも,帯,革帯;ベルト | ruband:綿テープ | saltier:Rubando, kordono au^ ornama c^eno, kiun oni portas c^irkau^  | zon:経済圏
矿	9	antimon:アンチモン（金属、５１番元素） | arsen:ヒ素（非金属，３３番元素） | bor:［他］穴をあける,せん孔する | erc:鉱石,原鉱,>>minaj^o | min:鉱業 | minera:? | mineral:随伴鉱物 | selen:セレン（原子番号34の半金属元素） | telur:テルル（原子番号５２の非金属元素）
糖	9	bombon:キャンデー,ボンボン | glik:= glucido (en kunmetaj^oj). Rim. (Rimarko) Pro la sona k skr | glucid:(kn (kolektiva nomo)) Natura polihidroksila aldehido au^ ket | gluk:Glukozo (en kunmetaj^oj). | glukoz:ブドウ糖 | kand:［他］糖衣でくるむ | konfit:［他］（果物を）砂糖漬けにする | oz:Monosakarido; malofte uzata memstare, g^enerale en kunmetaj^ | suker:（精製度の低い）赤砂糖
脂	9	adip:Graso 1. Vd steato. | gras:脂肪質の,肥え太った;（土地が）肥えた | kopal:Malmola, vitreca rezino, ricevata el la trunko de kelkaj arb | lard:ベーコン | lip:唇の | lipid:C^iu el la naturaj esteroj el alkoholo k grasa acido, eventu | rezin:松やに | seb:獣脂ろうそく,><vakskandelo | steat:Graso 1 (en kunmetaj^oj). Vd adipo.
车	9	au^t:自動車,=au^tomobilo | au^tobus:バス | bicikl:自転車事故 | bus:バス,=au^tobuso | c^ar:（二輪の）荷馬車;荷車;チャリオット,二輪戦車 | kales^:四輪馬車 | kamion:［他］トラックで運ぶ | torn:［他］旋削（せんさく）する;ろくろにかける;《転》巧みにこしらえる | trajn:臨時列車
异	9	alo:アロエ | anomali:異例の | diferenc:対蹠的な違い | diferencial:微分方程式 | disident:意見を異にする人,反体制派;（教会からの）分離派 | ekzot:異国産の,異国風の | fremd:異国の,他国の;見知らぬ,見慣れない;無縁の,よそ事の | hetero:? | pagan:（キリスト教から見て）異教の,異教徒の
辩	9	advokat:［他］弁護する;《転》代弁する,擁護する | apologi:弁明 | debat:ディベートクラブ,討論研修クラブ | diskurs:［自］弁舌をふるう,演説をする | ekskuz:［他］弁解する,言訳をする,>>senkulpigi | elokvent:雄弁な,説得力のある;表情の豊かな | pled:［自］（裁判で）弁護する,弁明する,弁論する;《転》弁護する | polemik:論争の;論戦的な | retor:（古代ギリシアの）雄弁術教師,修辞学教師;《転》美辞麗句を並べる雄弁家,演説屋
全	8	c^ia:? | c^ie:いたる所の | c^io:? | c^iu:? | holo:? | integr:全部の,完全な,欠けたところのない;不可分の,不可欠の | komplet:全部の,完備した;完全な | pan:焼きたてのパン
酒	8	bier:樽ビール,生ビール | brand:ブランデー | c^ampan:シャンパン（酒） | el:=ekstere（外で） | g^in:ジン（蒸留酒の一種） | likvor:アブサン（酒） | sake:酒粕（さけかす） | vin:白ワイン
无	8	infinit:無限の,無限大の | neni:? | nenia:? | nenie:? | nenio:? | neniu:? | nihil:? | sen:(ntr (netransitiva)) Esti sen.
生	8	bi:? | bio:? | gen:劣性遺伝子,><rega geno | gener:生殖の | nask:出産の;出生の | okaz:疑わしい場合 | plazi:Histoformanta aktivado, fiziologia au^ patologia: fibro plaz | poez:Formig^o de la diversaj c^elspecoj de la sango.
蛛	8	arane:クモ（蜘蛛） | argiop:G. (Genro) (Argiope) de araneuloj, kiuj teksas grandan, vert | argironet:Araneulo (unuspecia g. (genro) Argyroneta aquatica), vivanta | avikulari:G. (Genro) (Avicularia, sin. (sinonimo (de latinscienca nomo | falangi:G. (Genro) (Phalangium) de artropodoj el la klaso de araneoi | migal:Avikulario. | tegenari:G. (Genro) (Tegenaria) de artropodoj el la ordo de araneuloj | terafoz:G. (Genro) (Theraphosa) de tropikaj artropodoj el la ordo de
俗	8	banal:平凡な,ありふれた,>>triviala,>>vulgara | filistr:俗物的な,教養に欠けた,芸術に理解がない | kic^:俗悪な,まがい物の | laik:俗人の,在家の;世俗の,非宗教的な;《転》しろうとの | mor:風俗,慣習,風習,習わし,>>kutimo | profan:宗教と無関係の,世俗的な;神聖を汚す,冒涜的な | sekular:（宗教に対して）世俗の,非宗教的な,=nereligia;在俗の,>>laika | vulgar:通俗の,日常の,ありふれた;卑俗な,=triviala
蛙	8	aksolotl:La larvo de la Meksika ambistomo, kapabla sin reprodukti. -> | alit:G. (Genro) (Alytes) de teraj amfibioj el la ordo de anuroj,  | ambistom:G. (Genro) (Ambystoma) de amfibioj el la ordo de urodeloj, e | batrak:(ark. (arkaismo, arkaisme)) = amfibio. | bomben:G. (Genro) (Bombina, sin. (sinonimo (de latinscienca nomo))  | hil:アマガエル（雨蛙）（属）,=verda rano | ran:トノサマガエル（殿様蛙）（属）;《般》カエル（蛙）（総称） | salamandr:サンショウウオ（山椒魚）の類;サラマンドラ（ヨーロッパイモリ）の類,>>trituro;《般》（伝説上の）火とかげ
极	8	arkt:北極の,=nordpolusa,><antarkta | ekstrem:末端の,果ての,ぎりぎりの;極端な,極度の | elektrod:電極,>>katodo,>>anodo | maksimum:最大限の,最高度の,極限の | paroks:? | polar:極の,極性の | polus:磁極 | ultra:?
装	8	afekt:気取った,見せかけの | bind:［他］製本する | garn:［他］補強する,取り付ける,飾り付ける | instal:［他］（物を）据え付ける,備え付ける;（場所を）設備を整える;（人を）就任させる,任命する;インストールする | kostum:礼服,礼装 | munt:［他］組み立てる;（宝石を）はめ込む;編集する;（プログラムを）ロードする | s^arg:電荷 | stiv:［他］（積荷を）きちんと積み込む
学	8	ik:? | lern:［他］学習する,学ぶ,習う,覚える;身につける,体得する | lingvistik:コンピュータ言語学,計算言語学 | logi:? | nom:戒名,法名 | nomi:? | student:外国人学生,留学生 | universitat:大学紛争
顶	8	imperial:（バス・電車などの）屋上席;（馬車の屋根の）荷物置き場 | klimaks:1 La lasta termo de gradacio. 2 (f (figurasence)) Plej supra | kulmin:頂点にある;南中している;《転》絶頂の,最高潮の | plafon:［他］天井を張る;［自］上昇限度に達する | supr:上方の | tegment:屋根の;=subtegmenta（屋根裏の） | vert:頭頂;《転》頂点,頂上 | vertic:頂点
散	8	difuz:乱反射 | dis:ちりぢりの,ばらばらの | dispers:分散角 | distr:気晴らしの | diverg^:発散の | eman:［自］（ガスや放射線など目に見えないものが）放射する,発散する | loz:ばら積みの貨物 | sporad:散発的な,時々起こる,散在する;散発性の
滑	7	glat:なめらかな,すべすべした;《転》平らな;《転》人当たりのよい | glit:つるつるした,ぬるぬるした;=glitiga | s^us:(ntr (netransitiva)) Rekte malsupreniri per skioj lau^ la li | sinovi:（関節の）滑膜 | sket:(ntr (netransitiva)) Gliti 2. | ski:［自］スキーをする | skut:(ntr (netransitiva)) Iradi per skutilo.
压	7	bar:［他］道をふさぐ;《転》妨げる | katiz:［他］（織物を）つや出しする,光沢をつける | markot:［他］取木する | preg:(tr (transitiva)) Doni definitivan formon al metalpeco, prem | prem:大気圧,>>aerpremo | presuriz:(tr (transitiva)) 1 (pp (se paroli pri) ujo au^ ejo) Regi la | tensi:交流電圧
琴	7	citr:チター;キタラ（古代ギリシアの弦楽器） | harmonik:ハーモニカ,=bus^harmoniko;=harmoniscienco（和声学） | harp:［自］ハープを演奏する | lir:リラ,たて琴 | orgen:［自］パイプオルガンをひく | pian:電子ピアノ | violon:［自］バイオリンを演奏する
精	7	ekzakt:正確な,精密な,厳密な,>>senerara,>>strikta | fajn:極上の,上質の,純良な;精巧な,繊細な,きめの細かい;（感覚が）鋭敏な,繊細な | niks:ニックス（ゲルマン神話の水の精）,>>akvofeo | nimf:ニンフ（ギリシア神話の水の精）;若虫（わかむし）;小陰唇,=vulva lipeto | rafin:［他］精製する;《転》洗練する,細かくする | spermat:? | spermati:Seksa c^elo, nemova, ofte produktata en spermatiujo. Vd ante
代	7	agent:代理人,エージェント;（公的機関の）職員,係官 | anstatau^:代わりの,代理の | era:紀元;時代;代,>>periodo（紀） | generaci:世代,同時代の人々;世代 | prokur:代理権,>>mandato | pronom:疑問代名詞 | surogat:代用の
切	7	amput:［他］（手術で手足を）切断する | inciz:(tr (transitiva)) Fari incizon en parto de la korpo: incizu  | sekc:［他］切断する;切断する,分割する | tangent:タンジェントの | tom:? | tomi:Suf. (Sufikso), uzata por nomi operacion, kies esenca ago ko | tranc^:身を切るような,鋭い
节	7	artik:［他］関節でつなぐ;分節する | artr:Artiko (en kunmetaj^oj). | diet:断食療法;絶食療法 | dietik:Scienco pri la dietoj, k ilia terapia efiko. | gangli:神経節 | silab:閉音節 | strof:（詩の）節,連
证	7	atest:［他］証言する,証明する | demonstr:［他］論証する,証明する;実演する,実地で教える | depozici:［他］（法廷で）証言する,>>atesti | diplom:［他］免許状を与える | kvitanc:［他］領収書を出す;受領書を出す | pruv:消極的証拠,反証 | viz:［他］（旅券に）査証する
雕	7	agl:ワシの;鷲のような | anaglif:1 Ornamo bareliefe skulptita au^ c^izita sur vazo, sarkofago | c^iz:［他］のみで彫る,刻みこむ,彫刻する,>>skulpti;《転》（文章を）練る,彫琢（ちょうたく）する | cizel:［他］（金属に）打ち出し模様を施す | relief:浮彫りの,起伏に富んだ,際立った | skulpt:［他］彫刻する,彫る | skulptur:Skulptarto: la skulpturo, la pentrarto k la arh^itekturo .
狂	7	delir:振戦譫妄（せんもう） | fanatik:狂信的な,熱狂的な | frenez:気の狂った;気違いじみた,無分別な;我を忘れた | furioz:怒り狂った,激怒した;荒れ狂う | histeri:ヒステリーの;ヒステリックな,病的に興奮した | mani:躁鬱病（そううつびょう） | rabi:狂犬病の,狂犬病にかかった;《転》激高した,狂暴な
球	7	balon:気球;風船,=baloneto;球形フラスコ | bulb:こんにゃく玉 | futbal:サッカー,=piedpilko | glob:球体の,球の;球形の,球状の | glomerul:1 C^iu el la etaj kapilaraj buloj (glomeruli) en la reno. Vd | pilk:ゴムまり,ゴムボール | sfer:天球
概	7	epitom:（作品の）抜粋,要約,梗概（こうがい）,概要,>>resumo | kompendi:概要,概論 | koncept:［他］〜の概念を形成する | noci:概念,観念,>>koncepto;知識（の要素） | probabl:ありそうな,確からしい,もっともらしい,公算の高い | resum:? | sinoptik:一覧用の,概観的な
隔	7	adiabat:断熱の,断熱的な | izol:=izolita（孤立した） | kvaranten:［自］（防疫のため）隔離中である | separ:［他］（夫婦を）別居させる | separat:? | sept:中隔,隔壁,隔膜 | vand:板壁（間仕切り）
饼	7	biskvit:ビスケット,クッキー,堅パン;素焼きの陶磁器 | kraken:クラッカー | kresp:そば粉のクレープ（ブルターニュ地方） | oblat:オブラート;聖餅（せいへい）;《古》封かん用の糊 | pic:ピザ | tort:タルト（果物・クリームなどをのせたパイ）,>>flano,>>pastec^o | vafl:ワッフル
浸	7	impregn:(tr (transitiva)) 1 S^irmsaturi sub influo de premo material | infiltr:(tr (transitiva)) Invadi histojn, pp (se paroli pri) organa  | macer:［他］冷浸する,浸漬（しんし）する;（贖罪のため肉体を）苦しめる | marin:［他］マリネードに漬ける | perkol:［他］浸出させる | ru:［他］（繊維をとるために）浸水する | tremp:［他］（液体に）ひたす,つける,ぬらす
管	7	administr:管理の,経営の,運営の;行政の | administraci:管理部門の;行政府の | dukt:管;導管,=konduktubo | intendant:執事,家令;監督官,管理者 | kateter:カテーテル | s^alm:あし笛,牧笛;シャリュモー;ストロー;吹管（すいかん） | tub:耳管,=orela tubo
脉	7	angi:脈管,>>arterio,>>vejno,>>limfangio;導管 | arteri:動脈;《転》（交通の）動脈 | fleb:? | puls:結滞脈 | sfigm:Pulso 1. | vaskul:1 Unu-au^ kelk-hista tubeto, tra kiu fluas organisma likvo:  | vejn:大静脈
偶	7	akcidenc:Tiu eco de fenomeno, kiu ne estas esenca, sed trovig^as c^e  | eventual:場合によっては起こり得る,不確定な | hazard:偶然の;一か八かの,運まかせの | kontingenc:偶然の;偶発的な | marionet:マリオネット,操り人形;《転》傀儡（かいらい）,>>pupo | par:一対の,つがいの;偶数の | pup:人形;指人形,=gantopupo;さなぎ（蛹）;《転》（軽蔑的に）お人形,>>marioneto
转	7	g^ir:［他］（手形などに）裏書する,=endosi;（金を）振替える;方向転換する | invert:［他］（糖を）転化させる;転回させる | konvert:［他］改宗させる;転向させる;（原子核を）転換する;（通貨を）交換する,兌換する | relajs:《誤》=>plusendi（中継する） | rivolu:公転周期 | transpon:［他］移調する,=aligamigi;（行列を）転置する | turn:［他］回す,回転させる;向ける;裏返す,めくる;《転》変える
套	7	ensembl:（調和のとれた家具・調度品の）ひとそろい;アンサンブル;アンサンブル,小楽団,=muzikgrupo | gain:シース（体にぴったりしたドレス・スカートなど）;（配線を通す筒状の）被覆材,シ−ス | jung:［他］（すき・そり・馬車などに）つなぐ;《転》縛りつける | laz:［他］投げなわで捕らえる | muf:マフ;円筒形部品（スリーブ・ジャケットなど）;（ガス）マントル | stereotip:ステロ版の;《転》きまり文句の,紋切型の | vaginal:Ingo el serozo au^ fibra kuniga histo: okulbulba vaginalo (v
裂	7	brec^:［他］割れ目を作る | dehisk:裂開性の | fend:［他］割る,裂く;割って進む | kliv:［他］石目にそって割る,劈開（へきかい）させる | krev:［自］はじける,破裂する,はり裂ける;ひび割れる | s^ir:［他］ちぎる,破る,裂く,摘む;（無理に）引き離す,引き裂く;《転》（心を）かきむしる | skism:分離的な,分裂の
队	7	band:楽隊,バンド;一味,徒党 | karavan:団体旅行 | rot:中隊;一隊,一群 | skadr:騎兵中隊 | skip:（作業などの）班,チーム | tac^ment:［他］分遣する,派遣する | team:ホームチーム
整	7	apret:［他］（織物・革などを）仕上げる | apretur:=apreti | arang^:［他］整える,整頓する;手配する;編曲する;脚色する | entjer:整数 | rektif:［他］整流する;精留する;（曲線・弧の）長さを求める | rektifik:［他］=rektifi（整流する） | tut:すべてが〜ではない（iom）,>>tute ne
分	7	deci:? | divid:［他］分ける,分割する,区切る;分け与える,分配する;分け合う;割る | ekvinoks:秋分 | frakci:分留 | gros^:グロッシェン（ドイツ・オーストリアの旧少額硬貨）;《転》はした金 | minut:一分間の;ちょっとの間の | molekul:分子の
幻	7	fantast:Literatura g^enro, en kies verkoj c^efan rolon ludas superna | fantazi:幻想的な,とりとめのない,気まぐれな;奔放な,空想的な | h^imer:キマイラの;《転》怪物的な,架空の,荒唐無稽な,=kimera | halucin:幻聴 | iluzi:幻聴 | rev:空想的な,夢のような | vizi:［他］幻に見る,幻視する
印	7	impres:印象深い,感銘を与える,感動的な | mime:? | patric:［他］極印を打つ | pres:印刷の | print:［他］（印画紙に）焼付ける,焼増しする;=presi（プリントする） | sigel:［他］印を押す,捺印する,調印する;封をする,封印する;《転》保証する,確定する,確実にする | stamp:［他］スタンプを押す,消印を押す;刻印する;《転》刻み込む;《転》特徴づける
动	7	au^tomat:自動式の;《転》機械的な | kinet:運動の | kinez:G^enerala termino, signifanta «movado au^ movig^o» k uzata p | mobil:Artaj^o el plaketoj, ekvilibre pendantaj de dratoj k turnig^ | motor:ガソリンエンジン | mov:無意識の動作 | verb:不規則動詞
主	7	mastr:［他］支配する,主人としてふるまう | nominativ:主格,名格,>>akuzativo | precip:主要な,最重要な,何より大事な | prezid:［他］議長を務める,司会する;主宰する | senjor:1 En la antau^revolucia Francio, persono posedanta tenurbien | subjekt:主題の;主語の;主体の | tonik:主音の;強壮にする
板	7	bret:棚,棚板 | karton:［他］厚紙の表紙で製本する | lad:金属の薄板,金属板;ブリキ,トタン | panel:［他］羽目を張る,鏡板を張る | plak:写真乾板 | plank:タイル張りの床 | tabul:黒板
原	6	original:原作の,原本の;独創的な,独自の;奇抜な,風変わりな | pamp:S-Amerika stepo. Vd prerio. | pra:原始の,太古の | primar:第一の,一次の,原初の,最初の,>>sekundara;《古》第一紀の,=paleozoika | primitiv:原始の,原始的な,初期の,>>praa | proto:?
面	6	are:面積速度 | edr:面 | fac:面（めん） | nudel:ヌードル,めん類,>>spageto,>>vermic^elo | spaget:スパゲッティ | surfac:可展面
静	6	kalm:Plene senmova aero: la karavelo trafis kalmon, kiu haltigis  | kvi:Estanta en kvieco. | kviet:静かな,おだやかな,おとなしい,>>trankvila | sedativ:鎮静の,=kvietiga | statik:静的な | trankvil:（心が）平静な,落ち着いた,安らかな,安心した,>>kvieta
骗	6	bluf:［自］はったりをかける,虚勢を張ってだます | c^arlatan:［自］いかさま物を売る | fripon:いかさまの,ずる賢い | mistifik:［他］煙にまく,かつぐ,迷わす,>>trompi | tromp:いつわりの,ごまかしの,欺瞞的,見せかけの | truk:［他］トリック撮影をする;《転》ごまかす
字	6	aboc:アルファベット,=alfabeto;《転》初歩,基本,イロハ | alfabet:アルファベットの | gram:グラム（g） | karaktr:図形文字,=grafika signo | liter:字上符付き文字,=supersignita litero | uskl:«Minusklo au^ majusklo».
种	6	inokul:［他］（細菌を）接種する,感染させる;《転》（思想などを）植えつける | ras:白色人種 | sem:実った種 | spec:種類,種（しゅ）;=specio（種） | speci:絶滅危惧種 | sperm:精液
报	6	bulten:会報,紀要,（定期）報告書 | depes^:［他］至急報で知らせる | gazet:日刊紙,=j^urnalo | raport:最終報告,>>provizora raporto | refer:［自］研究報告をする,>>raporti | riport:= raporti 5.
册	6	album:（写真・切手の）アルバム,写生帳,サイン帳;（音楽ＣＤの）アルバム,曲集 | bros^ur:［他］仮綴する,>>bindi | ekzempler:（本や新聞などの）一冊,一部;（同種の生物の）個体,標本,>>specimeno | kajer:ノート,帳面;（本の）分冊 | prospekt:（広告用）パンフレット,案内書,内容見本,趣意書 | volum:（書籍などの）巻,冊
镜	6	lens:色消しレンズ | lorn:（単眼の）望遠鏡,遠めがね,>>teleskopo | lupe:ルーペ,虫めがね | reflektor:ヘッドライト;=reflektilo（反射鏡） | skop:= s^kopo. | spegul:平面鏡
冠	6	c^ampion:ボクシングチャンピオン | kalot:Segmento de sfero, limita de nur unu cirklo. Vd zono 3 | koronari:(pp (se paroli pri) anatomia elemento) Tia, ke g^ia dispozic | krest:（鳥の）とさか;（鳥の）羽冠;《転》（長い）頂部;（波の）山,><kavo | kron:（棺や墓の上におく）花輪 | mitr:［他］ミトラを授ける
斜	6	bevel:［他］斜めに切る,面取りする | diagonal:対角線の,はすかいの,>>oblikva | klin:［他］傾ける,斜めにする;《転》心を向けさせる | kursiv:イタリックの | oblikv:斜めの,傾斜した | strab:やぶにらみの,斜視の
合	6	kluc^:［他］クラッチを入れる | kombin:［他］組み合わせる,結合する;組み立てる,案配する;化合させる | konform:一致した,適合した | kongru:合致する;合同の;互換の,互換性のある | konjunkci:［自］合にある | sintez:総合の,統合の;合成の
现	6	aktual:現行の,最新の | aper:［自］現われる,（刊行物が）出る | fenomen:大気現象,気象 | kontant:即時払いの,即金の;現金の,>>kredita | modern:現代の,現代的な;近代の,近代的な | nun:今の,現在の
乐	6	hedon:? | muzik:心地よい音楽 | optim:? | orkestr:室内管弦楽団 | plezur:洗練された楽しみ | sangvin:（気質が）陽気な,楽天的な;多血質の,=sangoplena
丑	6	arleken:［自］道化を演じる,おどける | histrion:（古代ローマの）道化役者;《転》大根役者 | klau^n:［自］おどけてみせる | pajac:道化師,>>farsisto,>>amuzisto | pulc^inel:プルチネッラ（せむしの道化役） | skandal:スキャンダルの;破廉恥な,けしからぬ,>>hontinda
缩	6	deflaci:［自］デフレーションをおこす | ful:［他］（毛織物を）圧縮する,縮絨（しゅくじゅう）する | kontrah:(tr (transitiva)) Mallongigi k rigidigi muskolon. | miniatur:細密画の,彩飾画の;模型の,ミニチュアの;小型の | s^rump:［自］しなびる,しわが寄る,しおれる,縮む | sistol:収縮期血圧,=supra premo
药	6	apotek:薬局の;薬局方の,=oficina | drog:［他］薬を飲ませる | farmaci:薬学部 | farmak:? | medikament:抗うつ剤 | oficin:（分類名で）薬用の;薬局方の,=apoteka
古	6	antikv:古代の,大昔の | arh^e:? | arka:Arkaika. | arkeo:? | paleo:? | paleont:?
检	6	detekt:［他］検波する;検出する | ekzamen:口述試験,面接試験 | inspekt:［他］査察する,検査する,監査する | inspektor:査察官,=inspektisto;舞台監督,>>reg^isoro | kontrol:検査の,点検の | skrutini:Oficiala ekzameno de la voc^donoj por kontroli ties valideco
刺	6	dorn:とげのある,いばらの;《転》苦難の | lancin:(ntr (netransitiva)) Dolori per sinsekvaj subitaj atakoj, ak | pik:刺すような,ピリッとした | punktur:Terapia piko de la hau^to au^ de histo. Vd punkcio. | spron:［他］拍車をかける;《転》かりたてる | strid:Akre, orels^ire sibla.
表	6	ekspresion:? | epi:? | esprim:［他］表現する,示す,言い表す,>>eldiri | etat:明細表,報告書,リスト | list:［他］リストを作る,一覧表にする | tabel:年表
论	6	argument:［自］論証する;［他］論拠とする | disert:［自］（学術的に）論じる | diskut:［自］討議する,議論する,>>debati,>>disputi,>>polemiki | ese:小論,評論;エッセー,随筆 | silog:? | teori:陰謀説,陰謀論
帽	6	c^ap:（ふちのない）帽子;（ビンの）ふた,キャップ | c^apel:シルクハット,=silka c^apelo | kapuc^:［他］頭巾（ずきん）をかぶせる | kapucen:カプチン会の | kasked:ひさし付き帽子,ハンチング,鳥打ち帽;制帽 | kuf:ボンネット（飾りのない婦人帽の一種）;（鳥の）羽冠,=hupo
炉	6	etuv:Speciala forno, diversmaniere uzata: por sekigi diversajn su | forn:電気炉 | fornel:電子レンジ,=mikroonda forno | kamen:暖炉 | mufl:マッフル（炉・皿） | stov:ストーブ,=hejtoforno
风	6	anem:? | esk:? | stil:バロック様式 | tajfun:［自］台風が吹く | vent:心地よい風 | ventol:［他］換気する,風通しをよくする
省	6	apostrof:［自］アポストロフィー（省略符）を付ける;［他］（アポストロフィーを付けて）省略する | elizi:［他］（語末の）母音を省略する | guberni:県の,県営の | provinc:州の;地方の,いなか風の | provincial:= ordena provincestro: provincialo donis la permeson fari c^ | s^par:［他］たくわえる,ためる,貯蓄する;節約する,倹約する;=s^parigi
花	6	amarilid:アマリリス | balzamin:ホウセンカ（鳳仙花） | enoter:マツヨイグサ（属）;月見草,宵待草（よいまちぐさ） | flor:めずらしい花 | gerani:フウロソウ（属）;=>pelargonio（ゼラニウム） | irid:アヤメ（属、カキツバタ・ハナショウブを含む）,アイリス;アヤメ（種、_Iris sanguinea_）
名	6	fam:有名な,名高い,評判の | nim:? | nom:戒名,法名 | nominal:名目上の,名前だけの | onim:? | substantiv:抽象名詞
鸣	6	blek:［自］（動物が）鳴く,いななく,ほえる;《転》（人が）わめく | c^irp:［自］（虫が）鳴く,（小鳥が）さえずる,>>pepi,>>zumi | hup:［自］警笛を鳴らす | kvivit:Tiu krieto: kion birdo havas pro c^iuj siaj kvivitoj, kiam v | pep:［自］（小鳥が）さえずる,ピィピィ鳴く;《転》ペチャクチャしゃべる | tint:［自］（金属やガラスが）チンチンと鳴る,カチャカチャ鳴る
信	6	epistol:（新約聖書の）使徒書簡;書簡体文学作品 | fid:［他］信頼する,信用する | konfid:信頼の | kred:［他］信じる,確信する,信用する;［自］信仰する | leter:詳しい手紙 | mesag^:［他］伝言する,言づける
测	6	bir:(tr (transitiva)) Precizigi la pozicion de punkto en la spac | gau^g^:［他］ゲージで計測する | metr:立方メートル | metri:Metodo de scienca mezurado: antropo metrio. | mezur:［他］計る,寸法をとる;測定する;《転》評価する | test:［他］（知能・適性・品質などを）テストする,検査する,試験する
操	6	fik:(fm (familiara, familiare)) (ntr (netransitiva)) Koiti: kiel | gimnast:体操教師,体育家 | gimnastik:体操の,体育の | manipul:［他］操作する,操縦する,扱う;《転》あやつる | manovr:共同演習 | operaci:株式操作
凸	6	bos:1 Elstaraj^o, kruda au^ prilaborita, lasita sur la ekstera s | g^ib:ザトウクジラ（座頭鯨）（種） | galb:Kurba konveksa konturo de arta objekto, kolono, seg^opiedo,  | konveks:凸（とつ）の,>>konkava | protrud:1 Elstaranta, pp (se paroli pri) diversaj anatomiaj elemento | tenon:ほぞ,>>mortezo
划	6	hac^:(tr (transitiva)) 1 Karakterizi iujn areojn de desegnaj^o, k | pagaj:［自］かいでこぐ,パドルでこぐ | plan:（絵画・舞台の）前景,><lasta plano | rem:［自］舟をこぐ,こぎ進む;［他］こぐ | skarifik:［他］（皮膚を）乱切する;（土を）かきほぐす | strek:スラッシュ,=suprenstreko
秘	6	esoter:秘教的な,秘伝の | kabal:カバラ（ユダヤ教の神秘思想）;《転》秘法 | konfidenc:内密の,内緒の;腹心の,信任の厚い | okult:神秘的な,超自然的な,魔術的な,オカルトの,>>mistera | sekret:公然の秘密 | sekretari:書記長;幹事長;事務局長,事務総長
热	6	ard:白熱の;《転》熱烈な | entuziasm:熱烈な,熱狂的な,>>fervora,>>fanatika | fervor:熱心な,熱烈な,熱情にあふれた,>>arda,>>entuziasma | furor:大流行の,大人気の | hejt:［他］（炉などに）火をたく;（部屋を）暖房する | term:（三段論法の）大名辞
色	6	erot:La seksa impulso c^e homo. | erotik:性愛の,官能的な,エロチックな | kolor:繊細な色彩 | krom:ほかの;余分の | kromat:色彩の;半音階の,>>diatona | volupt:官能的な,肉感的な;好色な
形	6	adjektiv:形容詞 | figur:形象の;図示の;転義の,比喩の | form:基本形 | formal:外形的な,形式上の;正式の,正規の;儀礼的な;明確な,明言された | morf:? | morfi:Baza koncepto en la teorio pri kategorioj, en la plej gravaj
巨	6	ciklop:キュクロプスの,巨大な | eg:たいへんな,ひどい | gigant:巨人の;巨大な | kolos:巨大な,大規模な | megalo:? | titan:巨大な,超人的な,>>kolosa,>>giganta
皮	6	derm:真皮,>>epidermo | dermat:Hau^to (en kunmetaj^oj). | fel:皮の,毛皮の | hau^t:敏感な（過敏な）皮膚 | kortik:(cortex) 1 Supraj^a tavolo de diversaj organoj: la rena kort | pelt:毛皮の
魔	5	demon:悪霊の;悪魔のような | diabl:ミヤマキンポウゲ（種）,>>ranunkolo | magi:白魔術 | satan:悪魔の,悪魔のような | sorc^:魔法の;魅惑的な
角	5	angul:鋭角 | goni:? | kerat:1 Supraj^a k korneca parto de epidermo: keratolizo. 2 Korneo | korn:角の,角製の | rol:指導的役割
派	5	deput:［他］（議員に）選出する,送り出す,>>delegi | deriv:派生の | konfesi:（キリスト教内の）教派,宗派,>>sekto | sekt:宗派の,党派の;《転》偏狭な,セクト的な | skol:ハナフィー法学派
排	5	dren:［他］（暗渠で）排水する;（水を）抜く,排液する;排膿する | eksklud:=ekskluziva（排他的な） | ekskluziv:排他的な,独占的な;（〜を）除いた,（〜と）相いれない,><inkluziva | kompost:［他］（活字を）組む,植字する | kotlet:ビーフカツレツ
棚	5	barak:バラック,仮小屋 | bud:仮小屋,スタンド,ブース,売店 | lau^b:（つる草などをはわせた格子作りの）園亭,あずまや | markez:（玄関の）ガラス入りのひさし | s^ed:Kruda s^irmejo por brutoj, kamparaj uzaj^oj ks (kaj simile, 
摇	5	balanc:［他］上下に揺らす | lul:ゆりかごのように揺れる | s^ancel:［他］揺さぶる,ぐらつかせる;《転》（心を）動揺させる,ちゅうちょさせる;《転》（国家などを）揺るがす | sku:［他］揺さぶる,揺り動かす;（頭などを）振る;《転》衝撃を与える,動揺させる | vobl:(ntr (netransitiva)) (pp (se paroli pri) rado) Periode s^ang
胶	5	aglutin:膠着性の | glu:糊（のり）の | gum:アラビアゴム | kau^c^uk:弾性ゴムの,ゴム製の | koloid:コロイド状の
洞	5	grot:（小規模の，人工の）洞穴（ほらあな）,洞窟（どうくつ）,>>kaverno | kav:口腔（こうこう） | kavern:洞穴の;空洞のある | sinus:洞（どう） | spele:Natura subtera kavo, i.a. (interalie, inter aliaj) kaverno k
雀	5	alau^d:ヒバリ（雲雀） | emberiz:ホオジロ（属） | kanari:カナリア（種） | paser:スズメ（雀）（属） | pirol:ウソ（鷽）
穿	5	penetr:=penetrema（鋭い） | perfor:(tr (transitiva)) Okazigi perforadon. | permeabl:=tralasa（浸透性の） | tra:突き抜けて,端から端まで | tred:［他］（糸・ひもなどを穴に）通す
荡	5	diboc^:放蕩の | fluktu:［自］（波のように）上下する,動揺する;《転》変動する | libertin:解放奴隷;自由思想家,=liberpensulo | vag:放浪の,漂泊の | vagabond:浮浪者,放浪者,=vagulo
淋	5	dus^:［他］シャワーを浴びせる,洗浄する | elu:(tr (transitiva)) Tralavi per likvo au^ gaso apartigotajn su | eluvi:Horizonto de grundo, malric^ig^inta je solveblaj substancoj  | limf:リンパ管 | limfat:Rilata al unu el la kvar temperamentoj lau^ Hipokrato. Vd ko
退	5	degener:［自］退化する,種の特質を失う;退廃する,堕落する,>>dekadenci;縮退する | dekadenc:衰退の,退廃の;デカダン派の | emerit:退職した;退職者の | regres:後退の,退行する,=malprogresa;回帰する | retret:［自］=retirig^i（退却する）
护	5	eskort:［他］護衛する,護送する;付き添う,エスコートする | fleg:［他］看護する;《転》（入念に）世話をする,面倒をみる | konvoj:［他］（船団を）護送する,護衛する,=eskorti | protekt:保護の,保護する | zorg:医療,診療
审	5	asiz:（フランスの）重罪裁判;（英国の）巡回裁判 | cenzur:［他］検閲する;検閲する | reviz:［他］監査する,=revizori | revizi:［他］検査する;再検討する,見直す,修正する;校正する,校訂する,校閲する;再審する;保守点検する;=revizi | revizor:［他］監査する,監察する,査察する,>>inspekti
架	5	c^arpent:［他］（切ったり削ったり）大工仕事で作る;骨組みを作る | rak:1 Fiksa au^ movebla kunaj^o el stangoj, formanta ujon, en ki | skafald:［自］足場を組む | stabl:仕事台,作業台;台,架台,構脚;画架,イーゼル | trus:トラス,けた構え
编	5	editor:Tiu, kiu pretigas por publikigo la verkon de alia, g^enerale | kompil:［他］編纂（へんさん）する,集成する,編集する | plekt:［他］（細長いものを）編む,組む,撚る;編んで作る | redakt:［他］（記事・文書を）書く,まとめる;（新聞・雑誌を）編集する | redaktor:編集者,=redaktisto
因	5	c^ar:（二輪の）荷馬車;荷車;チャリオット,二輪戦車 | eti:? | faktor:要因,因子,ファクター;因数;因子,率;仲買人,代理業者 | kau^z:目的因,><efika kau^zo | pro:?
折	5	fald:［他］二つ折りにする | plis:［他］プリーツをつける,ひだをつける,>>krispigi | rabat:一割引 | refrakt:複屈折 | zigzag:ジグザグの
星	5	astr:天体の | planed:外惑星 | satelit:人工衛星 | sider:恒星の | stel:導きの星
能	5	energi:代替エネルギー | iv:? | kapabl:卓越した能力 | kompetent:適任の,有能な,資格のある;権限のある,所管の,管轄の | pov:魔力
委	5	deleg:［他］（代表として）送り出す,（代表に）任命する;（職権を）委任する | komisi:〜に代わって,〜の代理として | komision:選考委員会;選挙管理委員会,=balotkomisiono | komitat:教育委員会 | mandat:（国際連盟下の）委任統治
同	5	asimil:［他］同化する | homo:? | ident:（kun）同一の;同様の,そっくり同じの | sam:同一の,同じ;同種の,同様の | unison:ユニゾンで,斉唱で;《転》一致して
期	5	dat:［他］日付をつける | dum:同時の;一時的な | period:潜伏期 | semestr:下半期;後期 | trimestr:四半期に一度の,季刊の,>>trimonata
理	5	logik:論理学の;論理的な,道理にかなった;（論理上）必然的な,当然の | prav:正当な,正しい,道理にかなった,もっともな | raci:理性の;理性的な;合理的な,道理にかなった | racional:有理の;=racia（合理的な） | trakt:［他］取り扱う,扱う,待遇する;論じる;処理する;交渉する,談判する
结	5	bant:飾り結び | konklud:結論として;したがって,それゆえ | lig:イオン結合 | nod:（la 〜）ゴルディオスの結び目;《転》難問,難題 | tuberkul:結節,結核結節
虚	5	fikci:架空の,虚構の;見せかけの,偽りの;フィクションの | fiktiv:=fikcia（架空の） | imaginar:虚の | vant:空虚な,むなしい,はかない,つまらない;虚栄の,うぬぼれの強い | virtual:潜在的な;虚の;仮想の
前	5	antau^:前部の,前方の;以前の,前の | avan:La antau^a parto de armeo, tac^mento ktp (kaj tiel plu). | front:正面の,前面の | pre:? | pro:?
注	5	atent:注意深い | glos:［他］（語を）注釈する | injekt:皮内注射 | komentari:［他］注釈をつける,注解する;=komenti（論評する） | skoli:Marg^ena klariga noto, speciale de antikva gramatikisto, c^e
羊	5	kapr:ヤギ（山羊） | karakul:Raso de s^afo, de kies j^usnaskitaj idoj oni ekhavas astraka | merin:メリノ羊の | ovi:G. (Genro) (Ovis) de mamuloj el la ordo de parhufuloj, fam.  | s^af:羊のように従順に
单	5	frau^l:未婚男性,独身男性 | menu:メニュー;メニュー | mon:予約金 | mono:? | singular:単数の
位	5	apozici:［他］同格に置く | bit:ビット | lokaliz:［他］局限する,広がるのを食い止める;場所をつきとめる,位置を見きわめる | pozici:位置の | situ:［自］位置する,場所にある
确	5	cert:確かな,確実な;ある（特定の） | definitiv:決定的な,最終的な | ja:? | konfirm:証拠として;承認して | konstat:［他］（調べて）確認する,確かめる,確証する,>>konfirmi
式	5	ceremoni:儀式の;儀式張った | formul:［他］書式に従って書く;式で表す,定式化する;《般》言い表す | manier:やり方,仕方,様式,流儀 | mod:=kondicionalo（条件法） | modal:様態の;様相の;様式に関する;旋法の
袍	5	frok:Longa monah^a robo, kun malstriktaj manikoj. | kut:Vestaj^o, kiun kavaliroj metadis super la kiraso. | rob:部屋着,ドレッシングガウン,=neglig^a robo | surtut:オーバー,外套（がいとう）,コート,>>palto,>>kaftano | tunik:チュニック（古代ローマの寛衣、女性用上着、軍服の上着）;膜,層;包膜,外皮
台	5	bufed:ビュッフェ（立食用のテーブル）,（立ったまま酒を飲む）カウンター | konzol:持ち送り;コンソール・テーブル（壁面の装飾卓）;コンソール,制御卓,操作卓 | peron:（玄関前などの）外階段 | podi:演壇の,ステージの | teras:段々に,階段状に
文	5	artikol:記事;条項;（法令の）条,>>paragrafo;冠詞 | beletr:文芸的な | kler:教養ある,学識のある | literatur:文学の,文芸の | tekst:（暗号文に対して）平文
民	5	civil:市民の,文民の;民事の,><militista,><eklezia,><s^tata,><kriminala | demokrat:民主主義政党 | demokrati:民主的な;民主政治の | pleb:（古代ローマの）平民階級;《転》庶民,下層民（全体） | popol:先住民族
感	5	estez:Sensiveco. | induk:静電誘導 | influenc:=elektrostatika induko（静電誘導）;=gripo（インフルエンザ） | sens:感覚の | sent:美的感覚,審美眼
钻	5	alez:［他］内径仕上げをする | bor:［他］穴をあける,せん孔する | diamant:ダイヤモンドの;ダイヤのようにきらめく | dril:［他］ドリルで穴をあける | spil:［他］（樽に）穴をあける
器	5	aparat:デバイスドライバ | instrument:器具の,道具の | organ:相似器官,><homologa | uj:容器,入れ物 | vaz:青銅器
菜	5	amarant:アマランサス,ハゲイトウ（葉鶏頭）,ヒユ | artis^ok:アーティチョーク,チョウセンアザミ;アーティチョーク（の蕾） | brasik:ザウアークラウト | lap:ゴボウ（種）（牛蒡）;ゴボウの実（とげがあってくっつきやすい） | legom:生野菜
题	5	problem:教育問題 | tem:大会テーマ | tez:主張,説;命題,定立,提題;テーゼ;=disertacio（学位論文） | titol:［他］表題を付ける;称号を与える | topik:1 Parto de la retoriko, teorio de la g^eneralaj kategorioj, 
卷	5	bukl:巻き毛の,カールした | cirus:巻雲,>>kumuluso,>>stratuso | friz:［他］（髪を）カールする,パーマをかける | rul:［他］転がす;（波などを）うねらせる;（音などを）ふるわせる;（プログラムを）実行する | volv:［他］巻く;巻きつける
律	5	disciplin:規律上の,=disciplinema | kadenc:［他］調子をつける;終止に導く | leg^:税法 | nom:戒名,法名 | ritm:リズムの,韻律の;リズムに合わせた,律動的な
电	5	bateri:バッテリー,電池;砲兵中隊 | elektr:動電気 | elektronik:電子工学の,電子式の | galvan:ガルバーニ電気の,直流電気の | pil:電池,パイル
治	5	domin:支配的な,優越した;優性の,=rega | krat:? | krati:? | reg:制御の;優性の | regi:公社
谐	5	burlesk:滑稽（こっけい）な,道化た,茶化（ちゃか）した | harmon:二倍振動 | harmoni:調和した;和声の | humur:ユーモラスな,こっけい味のある | skerc:軽快に
填	5	farc^:［他］詰め物をする;《転》詰め込む | kalfatr:［他］（船殻のすき間を）填隙（てんげき）する,（物を詰めて）水漏れを防ぐ | plomb:［他］（虫歯に）充填する | rembur:［他］（クッションや剥製に）詰め物をする | stup:［他］麻くずを詰める
解	5	disoci:［他］解離させる | kompren:［他］理解する,わかる;了解する,納得する;精通している | lit:ダブルベッド | liz:Detrua dissolvo: a) Transformo de g^elo al solo ②, per aldon | solv:巧妙な解決
议	5	konsil:［他］助言する,勧める,忠告する | konsili:評議会 | palavr:Interkonsilado, longega diskuto lau^ afrikaj moroj: (f (figu | parlament:国会 | propon:まずい提案
锅	5	kaldron:カルデラ湖,>>kratera lago | kaserol:キャセロール,シチュー鍋,ソースパン（柄付きの深い平底鍋） | marmit:なべ（鍋）,=kuirpoto | pat:［自］（チェスで）ステールメイトである,手詰まりである | retort:レトルトカーボン
联	5	asoci:協会の | feder:［他］連合させる;連邦にする | federaci:連合の;連邦の | federal:=federacia（連邦の） | uni:同盟,連合,>>unuig^o,>>federacio,>>konfederacio
封	5	apanag^:（王族に与えられる一代限りの）領地 | defens:(tr (transitiva)) Malebligi al la brutoj pas^tig^i en (g^ene | feu^d:封土の;封建制の | hermetik:密封した,密閉した;難解な | kovert:封筒
冲	5	elan:Movo, per kiu la korpo svingas sin antau^en, por ekkuri, sal | impuls:衝撃を与える,推進的な | konflikt:武力紛争 | sprint:Sporta rapidkuro g^is la distanco de 400 m. | spurt:Dum sportaj konkursoj, mallongdau^ra akcelo de rapido au^ ma
内	5	endo:? | imanent:内在する,内在的な,>>transcenda | intern:内部の,内側の;国内の;内心の,精神的な | intra:? | var:腐りやすい商品,生もの
香	5	arom:芳香のある,香りのよい,>>bonodora | incens:［他］香をささげる;《転》褒めそやす | mosk:じゃ香の香りのする | parfum:ほのかな香り | spic:香辛料の;《転》ぴりっとした
严	5	drakon:過酷な,厳格な | rigor:厳格な,厳しい,厳正な;厳密な,>>severa,>>strikta | serioz:まじめな,謹厳な;本気の,真剣な;重大な,深刻な | sever:厳しい,厳格な;容赦のない,過酷な;猛烈な,深刻な;《転》簡素な,無駄のない | strikt:厳格な,窮屈な;ぴったり合った
泡	5	ampol:アンプル;電球 | blaz:Hau^ta veziketo el maldika histo, entenanta likvon au^ aeron | bobel:=aerveziko（気泡） | efervesk:泡立っている;発泡性の,=s^au^ma | infuz:［他］（熱湯で）煎じ出す;（茶を）入れる
存	5	depon:［他］預ける,預金する;（データを）保存する,=sekurigi | ekzist:［自］存在する,実在する | ekzistencial:? | konserv:保存力 | konservativ:保守派の,保守主義の
敬	5	devot:Sindoneme pia. | omag^:〜に敬意を表して,〜に献呈して | pi:信心深い,敬虔（けいけん）な | piet:? | respekt:敬意のこもった,うやうやしい,丁重な
推	5	inferenc:C^iu pensago, per kiu oni iras de unu propozicio, rigardata  | propuls:(tr (transitiva)) (pp (se paroli pri) motoro ks (kaj simile, | pus^:［他］押す,突く,押しやる;（状態・行為に）押しやる,仕向ける | rezon:［自］論理的に考える,推論する,推理する;《転》理屈を言う,文句を言う | s^ov:［他］押しやる,ずらせる,すべらす;押し込む,突っ込む;すべり込ます
环	5	bracelet:腕輪,ブレスレット | cikl:水循環 | cirkul:流動資本 | ring:金環食 | tor:（柱の）玉縁（たまぶち）;円環面,トーラス
升	5	dies:シャープ,嬰記号（♯）,><bemolo;シャープ（＃） | his:［他］（帆を）あげる;（旗を）掲げる,=suprentiri | litr:リットル（容積の単位） | parvenu:［自］成り上がる | promoci:［他］昇進させる,進級させる,=rangaltigi;（ポーンをクイーンに）成らせる,=damigi;アップグレードする
记	5	graf:伯爵 | j^urnal:ログファイル | memor:外部記憶 | not:十六分音符 | rekord:世界記録
减	5	dekrement:減衰率 | diskont:割引率 | minus:欠損 | redukt:縮写図 | subtrah:［他］引き算する,引く
伪	5	apokrif:典拠の疑わしい | fals:偽の | kamufl:［他］偽装する,迷彩を施す,カムフラージュする;《転》隠す,ごまかす | postic^:=falsaj^o（模造品）,=imitaj^o | pseu^do:?
栓	5	bolt:［他］ボルトで締める | dubel:Peceto, kiun oni ens^ovas en truon, g^enerale de muro, por r | embol:塞栓（そくせん）,>>trombo | kran:（水道・ガスなどの）栓,コック,蛇口 | tromb:（陸上の）竜巻
槽	5	alveol:歯槽膿漏（のうろう） | fold:［他］溝をつける | kanel:［他］縦溝をつける;溝を切る | rabet:Orta entranc^o lau^longe de la eg^o de panelo, kadro, framo  | trog:（家畜用の細長い箱形の）かいば桶,水桶;（水車の）水受け;（左官などの）槽（ふね）
使	5	ambasad:大使館,大使と随員 | ambasador:大使 | apostol:使徒（十二使徒のひとりを指す）;《転》伝道者 | misi:使命,任務;伝道,布教;使節団,伝道団 | nunci:ローマ教皇大使
悲	5	aflikt:［他］深く悲しませる,苦しませる,悩ませる | pesim:? | tragedi:悲劇の;悲劇的な,悲惨な | tragik:悲惨な,悲劇的な,=tragedia | trist:《詩》=malgaja（気分の沈んだ）,=malg^oja（悲しい）
尿	5	pis:［自］おしっこする（幼児語）,=urini | ur:オーロックス（17世紀に絶滅したヨーロッパ産野牛）,原牛（げんぎゅう） | uri:G. (Genro) (Uria) de birdoj el la ordo de karadriformaj, fam | urin:尿検査,検尿 | uro:?
毒	5	toks:毒の,有毒な,>>venena | toksin:毒素,トキシン | venen:毒の,有毒な;《転》有害な;《転》悪意のある | virulent:病原性の,毒性の | virus:細菌ウイルス,=bakteriofago
市	5	bazar:市場（いちば）,市（いち）,マーケット,>>superbazaro | bors:株式市況 | civit:自治都市;市民（全体）,公民（全体） | merkat:金融市場 | urb:主要都市
剧	5	dram:演劇の;《転》劇的な | fars:笑劇の;茶番の | komedi:喜劇の,喜劇的な;《転》見せかけの,茶番の | skec^:寸劇 | teatr:アマチュア演劇
外	5	ekster:外の,外部の,><interna | ekto:? | ekzo:? | krom:ほかの;余分の | ksen:?
官	5	burokrat:官僚的な | magistrat:（自治都市の）市当局 | mandaren:（北京）官話（共通語） | oficial:公式の,正式の;公認の,公定の | tribunus:1 C^iu el la du (origine) g^is dek (lastatempe) Romaj oficis
囊	5	ask:Fungoc^elo ofte pli-malpli sak-au^ klabo-forma, en kiu formi | burs:1 Monsaketo, alligita al zono k libere pendanta. 2 Seroza au | folikl:袋果（たいか）;小胞,濾胞（ろほう） | kapsul:（大脳の）内包 | vezik:泡（あわ）,気泡,=aerveziko;嚢胞;《転》（漫画の）吹き出し
胞	5	c^el:細胞核,=nukleo | celul:C^iu el la etaj fakoj, kiuj formas la esencan konsistaj^on d | cit:［他］引用する;（名前や例を）挙げる,引き合いに出す | cito:? | sor:［自］（気流に乗って）上昇する,舞い上がる,=suprenglisi
教	5	didaktik:教授法の;教育的な | eklezi:教会の | instru:教訓的な,ためになる;教育の | pedagog:教育者の | pedagogi:教育学の,児童教育の
情	5	afekci:感動的な,=emocia | emoci:感情の;感動的な,感情的な,>>kortus^a | humor:不機嫌 | pasi:情熱的な,熱烈な | pati:Kn (Kolektiva nomo) de malsanoj, trafantaj la saman organon,
苔	5	andre:G. (Genro) (Andreaea el andreacoj) de muskoj, kies kapsulo d | bri:G. (Genro) (Bryum el briacoj) kosmopolita de c^. (c^irkau^)  | hipn:G. (Genro) (Hypnum el hipnacoj) de multabranc^aj muskoj, kie | musk:苔（こけ）むした,苔の生えた | sfagn:G. (Genro) (Sphagnum el sfagnacoj) de c^. (c^irkau^) 150 sp-
磨	5	erod:［他］すり減らす,摩滅させる;（磨き粉で）研磨する;（機械部品を組み合わせるため）こすり合わせる | fajl:［他］やすりをかける;《転》磨きをかける | muel:［他］（ひきうすなどで）挽く,粉にする,細かく砕く;押しつぶす | polur:トクサ | pumik:［他］軽石で磨く
体	5	fart:［自］〜の健康状態である | korp:（ニューロンの）細胞体 | som:Neplastida organeto (en kunmetaj^oj): lizo somo, nukleo somo | somat:1 Tuto de la c^eloj de embrio k poste de individuo, kun esce | sport:水上競技
导	5	c^ic^eron:観光ガイド,名所案内人 | direktor:管理者,長;理事,重役;（劇場・ホテルなどの）支配人 | gvid:指導の;指導的な | konduk:導きの糸 | kondukt:電気伝導
图	5	grafik:グラフによる,図形で表した | gram:グラム（g） | ilustr:［他］挿絵を入れる,図解する;（例をあげて）説明する | map:天体図 | skem:図式の,概要の
硬	5	ciroz:硬変（症） | dur:《詩》=malmola（かたい） | hard:［他］焼入れする;硬化させる;鍛える | rigid:硬直した,こわばった;融通のきかない,堅苦しい | skler:（組織が）硬化した
废	5	abol:［他］=abolicii（廃止する） | abolici:［他］（法律・規則などを）廃止する,>>nuligi | abrog:(tr (transitiva)) Nuligi leg^on au^ dekreton fare de la rajt | rub:がれきの,がらくたの | ruin:荘厳な遺跡
心	5	kard:サントリソウ,キバナアザミ,=kniko | kardi:ヨーロッパザルガイ（食用の二枚貝）;=kardjo（噴門） | kor:情け深い心 | mens:精神の,心の,精神的な;知的な,知能の | psik:精神の;精神的な,心理的な
适	5	adapt:［他］適合させる,適応させる,合わせる;（劇や映画用に）脚色する | akomod:［他］適応させる,調節する | konven:適切な,ふさわしい,向いている;礼儀にかなった | moder:適度の,手ごろな,ほどほどの;節度ある,穏健な,中庸な | tau^g:ものの役に立つ,有用な;適当な,適した,適任の
吸	5	absorb:［他］夢中にさせる,心を奪う;=>sorbi（吸収する） | inhal:［他］吸入する | s^mac:［自］（キス・食事など口で吸うとき）チュッと音を立てる | sorb:吸取紙 | suc^:［他］吸う,すする
诗	4	muz:詩の女神;詩的霊感,詩想,詩才 | poem:滑稽詩 | poet:栄誉に満ちた詩人 | poezi:詩の;詩的な,詩情豊かな,><proza
壳	4	hul:船体,=s^elo;機体,=s^elo;（波の）うねり,波浪 | kartoc^:（演習用の）空包,空弾 | krust:（パン菓子などの）硬い皮,外皮;（一般に）物の硬い表面,殻;（傷の）かさぶた | s^el:バナナの皮
传	4	komunik:プレスリリース,ニュースリリース,新聞発表 | legend:伝説の,伝説的な | propagand:宣伝の,普及の;布教の | transmisi:［他］伝動する
白	4	albin:白子（しろこ）,アルビノ | blank:白い | leu^k:? | leu^ko:?
标	4	brisur:Distinga marko, aldonita al iu blazono, por g^in distingi de | cel:目的因,><efika kau^zo | etiked:［他］ラベルを貼る,荷札をつける | mark:［他］印をつける
叛	4	apostat:背教者;《転》変節者 | perfid:裏切りの;不実な,腹黒い | renegat:（キリスト教の）背教者;《転》変節者 | ribel:武装蜂起
桶	4	barel:樽ビール,生ビール | kuv:桶（おけ）,たらい | sitel:バケツ,手桶;バケツ一杯（の分量） | tin:（木の）桶（おけ）,=ligna kuvo
正	4	g^ust:正しい;適切な;ぴったりの | legitim:正統な,法の認める;嫡出の;本物の | normal:正常な,正規の,普通の,標準的な;垂直の;正規の | pozitiv:積極的な,建設的な,実際的な,現実的な,確実な;肯定的な;実証的な;陽の;正の,Ｎ極の;正の;ポジの;>>aktiva,
族	4	etn:民族（集団）の | gent:（共通の祖先に由来する集団）部族,一族;民族,種族,>>etno,>>nacio,>>popolo | naci:最恵国条項 | trib:部族の,種族の
麻	4	kanab:アサ（麻）,タイマ（大麻） | narkot:麻酔性の;眠気を催すような | narkotik:麻酔薬,=narkotaj^o | ricin:ヒマ（蓖麻）,トウゴマ（唐胡麻）
梁	4	bau^:ビーム,船梁（りょう） | c^evron:垂木（たるき） | patn:C^iu el la horizontalaj traboj, kus^antaj sur la gabloj k la | trab:梁（はり）,桁（けた）;角材
石	4	diant:ヒゲナデシコ,ビジョナデシコ | lit:ダブルベッド | s^ton:硝酸銀棒,=lapiso | spat:へげ石,スパー
血	4	emi:(g^enerale en kunmetaj^oj) Fiziologia au^ patologia c^eesto  | hemat:(en kunmetaj^oj) 1 Sango: hematodiagnozo, hematodinamiko; he | hemo:Eritrocito (en kunmetaj^oj): hemoglobino, hemolizo, hemolizi | sang:血の,血液の;血まみれの,流血の;血の色をした
航	4	aviad:［自］飛行機で飛ぶ | nau^tik:Arto de la navigacio. | navig:［自］航行する,=marveturi;航行する,=aerveturi | navigaci:=navigi（航海する）
进	4	avanc:《稀》［自］進撃する,=antau^eniri;=promociig^i（昇進する） | import:輸入の | progres:［自］進歩する,向上する,上達する;進行する,前進する | progresi:算術数列,=aritmetika vico
硫	4	sulf:Mll de sulfuro, uzata en nomoj de kombinaj^oj. Vd tio/, tion | sulfin:sulfinilo (en kunmetaj^oj). | sulfur:硫黄の,硫黄でできた | tionat:?
甲	4	blend:［他］=kirasi（装甲する） | kiras:［他］装甲する | metil:メチル基 | skarab:タマオシコガネ,スカラベ（属）;《般》コガネムシ（黄金虫・金亀子）（科の総称）;《般》甲虫（目の総称）,=koleopt
口	4	bus^:口の;口頭の | fau^k:［自］口を開けている | luk:（あかり取りの）小窓;天窓（てんまど）;舷窓（げんそう） | stomat:Bus^o (en kunmetaj^oj).
对	4	jes:肯定の | kontrast:強烈な対比 | kontrau^:反対の,逆の;向かい合った | opozici:（政治的に）反対の,対立する
巡	4	kroz:［自］巡航する,遊弋（ゆうよく）する | patrol:［自］巡回警備する,パトロールする | rund:1 Rondirado, farata de komisiito, por certig^i, ke c^io esta | turne:=rondiro（巡業）
连	4	ec^:? | koneks:密接に関連した | konekt:連絡列車 | kupl:［他］連結する,つなぐ;（相互作用で）結合させる;=kluc^i（クラッチを入れる）;（家畜を）交尾させる
宣	4	anonc:［他］予告する;公告する | deklar:［他］宣言する,宣告する;表明する,明言する;（課税品を）申告する | proklam:［他］（公に）布告する,公布する,発布する,宣言する;《転》言明する,公言する | reklam:比較広告
颂	4	ditiramb:酒神賛歌の;《転》熱狂的賛美の,べた褒めの | himn:賛美歌;賛歌 | od:オード,頌歌（しょうか） | panegir:称賛の,賛辞の
特	4	ekstr:特別の,格別の,余分の,臨時の,>>aldona | special:特別の,特殊な,専門の,>>aparta,>>faka | specif:特定の;固有の,特有の;比〜 | trajt:（〜oj）顔立ち,目鼻立ち;特色,特徴
缓	4	lant:《詩》=malrapida（ゆっくりした） | paliativ:一時的緩和剤;《転》一時しのぎ | remit:Portempa malfortig^o de la simptomoj de akuta au^ kronika ma | rilaks:緩和,=relaso
部	4	departement:（官庁などの）部門,部,局;（米連邦政府の）省;（大学の）学部,学科;（フランスの）県 | ministeri:省の | part:不可欠の要素 | redakci:編集部の
游	4	ekskurs:［自］遠足する;（話が）脇道へそれる | nag^:［自］泳ぐ;（水面に）浮かぶ,漂う,流れる;《転》浸る,つかる | tramp:［自］放浪する,渡り歩く;不定期船で航海する | turism:観光の
会	4	asemble:（協議のための）総会,集会,会議;（地方自治体の）議会 | konferenc:記者会見 | kongres:大会の | sesi:（議会などの）会期,（法廷の）開廷期,（大学の）試験期間;（大学の）一連の講義
索	4	funikl:珠柄;帯（たい）,索,束 | indeks:索引の | rig:［他］（帆船を）艤装（ぎそう）する,索具を装備する,>>s^nurarmi,>>ekipi | staj:支索,ステー（マストを支える張り綱）,>>s^nurego
声	4	fon:背景の,地の | foni:= radiotelefonio. | son:可聴音 | voc^:ぶっきらぼうな声
暴	4	brutal:Krudac^a, perfortema, kruela homo: Volodkovic^, fiera brutal | s^torm:荒れ狂う嵐 | tiran:残忍な専制君主 | violent:=perforta（乱暴な）
植	4	botanik:植物学の,植物の,>>vegetala | fit:Planto vs (vastasence) (uzata en kunmetaj^oj): halo fito (=  | plant:多年生植物 | vegetal:植物の,=vegetaj^a
冷	4	algid:Hipotermia. | frid:《詩》=malvarma（冷たい）;冷却の | frigid:(pp (se paroli pri) virino) Prezentanta seksajn refleksojn i | indiferent:どうでもいい,重要でない;無関心な,平然とした
法	4	jur:行政法 | metod:帰納法 | metodik:方法論,=metodologio | rimed:有効な手段
瘤	4	om:オーム（電気抵抗の単位，Ω） | tumor:良性腫瘍（しゅよう） | varik:静脈瘤（じょうみゃくりゅう） | veruk:いぼ;こぶ,小隆起
评	4	koment:［他］論評する,解説する;=komentarii（注釈をつける） | kritik:あり得る批判 | recenz:［他］（新刊書・演劇などを）批評する,論評する | taks:［他］評価する,鑑定する,見積もる,査定する;《古》=alte taksi（高く評価する）
偏	4	bias:1 Nemotivita prefero. 2 (pp (se paroli pri) stimanto) La dif | devi:右翼的偏向 | deviaci:= devio. | jor:［自］横滑りする;偏走する;偏揺れする
夹	4	klem:Fiksilo, kiu konektas konduktilon al aparato au^ parto de ap | klip:クリップ（装身具・文具など）,>>broc^o,>>paperklipo | kramp:山かっこ（〈，〉） | sandvic^:卵サンドイッチ
技	4	ing^enier:土木技師 | teh^nik:=tekniko（技術） | teknik:技術の,技術的な;専門的な | teknologi:情報技術,IT
空	4	idl:(ntr (netransitiva)) 1 (pp (se paroli pri) rado) Libere, per | spac:空間の概念 | vak:あいている,空席の,空位の,>>neokupita,>>libera,>>disponebla;《転》うつろな,ぼんやり | vaku:真空放電
乳	4	cic:（ヒトの）乳首,乳頭,=mampinto | emulsi:［他］乳化させる,乳濁させる | lakt:練乳 | mam:乳房の
签	4	lot:くじで,くじ引きで,抽選で | paraf:［他］飾り書きをつけて署名する | signatur:1 Skribo de nomo au^ distinga signo malsupre de dokumento, p | tab:タブ
昏	4	komat:糖尿病性昏睡（こんすい） | krepusk:たそがれの,薄明の,薄暗い,;《転》衰退の | stupor:1 Stato de konscioperdo, tia ke la paciento respondas al nur | sven:気を失って
芽	4	burg^on:［自］芽をふく,つぼみを持つ | g^erm:［自］発芽する,芽生える;《転》兆す | s^os:《Ｎ》ふきのとう | spros:《詩》=g^ermo（新芽）
规	4	cirkel:［他］コンパスで描く,コンパスで測る | preskrib:［他］（法などが）命じる,規定する;処方する,=recepti | reglament:［他］規制する,=reguligi | regul:（条件に左右されない）絶対的な規則
附	4	adher:［自］付着する,=algluig^i | enkliz:Kunfandig^o de morfemo kun la antau^a vorto, el kio rezultas | incident:付随的な,偶発的な | prokliz:Kunfandig^o de morfemo kun la posta vorto, el kio rezultas u
粒	4	grajn:穀粒;（粒状の）実,種子;（一般的に）粒;《転》微量 | granul:小粒,細粒,顆粒（かりゅう）;顆粒剤,細粒丸薬;粒状斑 | korpuskl:《古》=elementa partiklo（素粒子） | partikl:素粒子
菊	4	aster:シオン（紫苑）（属） | kompozit:(pp (se paroli pri) ordo) Tia, ke g^i supermetas ionikajn vo | krizantem:アラゲシュンギク（種） | lekant:マーガレット,モクシュンギク（種）
院	4	akademi:アカデミーの;アカデミックな,学術的な | institut:物理学研究所 | kolegi:（二年制）短期大学 | kort:中庭
布	4	kalikot:キャラコ（白い平織り綿布） | s^tof:柔らかい布 | tik:ティッキング,布団地（丈夫な綾織りの布地で縞柄が多い） | tol:防水布,（防水）シート
弹	4	bomb:［他］爆撃する | elast:弾力のある,柔軟な;融通のきく,順応性に富む | kugl:弾丸,たま,小銃弾 | obus:催涙弾
日	4	dimanc^:日曜日の | diurn:一日（２４時間）,一昼夜,=tagnokto | helio:? | tag:何日
箱	4	kest:箱,ケース,容器 | kofr:（旅行用の）トランク,行李（こうり）;=kofrujo（トランク） | kontener:Transportujo kun lau^norma kapacito de 1 g^is 63 kubaj metro | valiz:（手に持って運べる）旅行かばん,スーツケース,小形トランク,>>kofro
杯	4	glas:コップ,グラス | kalik:（脚のついた広口の）杯;聖杯;がく（萼）;杯状器官 | pokal:（広口で脚つきの）杯（さかずき）,シャンペングラス;トロフィーカップ,優勝杯 | tas:茶碗,カップ,湯のみ
钩	4	grapl:［他］四爪（よつづめ）アンカーで引っかける | hok:かぎ状の;かぎの付いた | kroc^:［他］掛ける,ひっ掛ける;強くつかむ | kroc^et:［他］（かぎ針で）編む,>>triki
相	4	faz:位相指数,位相定数 | fizionomi:人相,顔つき,容貌,=vizag^aspekto;《転》外観,様相,特徴 | relativ:相対的な,比較的な,ある程度の | vezir:（旧トルコ帝国の）大臣
包	4	bandag^:［他］包帯する | bulk:ロールパン,菓子パン（など小型の丸いパン） | pak:［他］包む,包装する,荷造りする;（ファイルを）圧縮する | tek:手提げかばん,書類かばん,書類入れ,ブリーフケース,>>paperujo;収蔵庫,資料室;子嚢（しのう）;包膜
方	4	direkt:方向の | kub:キューバの | kvadrat:正方形の;平方の,二次の | recept:［他］処方する,=preskribi
织	4	hist:組織 | teks:織物の | trik:［他］（編物を）編む,>>kroc^eti | trikot:編地,ニット,=trikos^tofo
室	4	c^ambr:室内管弦楽団 | kamer:電離箱 | lokal:Parto de konstruaj^o, kun difinita destino, precipe pp (se p | studi:防音スタジオ
膏	4	balzam:バルサムを含む;芳香性の,かぐわしい;苦痛を和らげる | cir:［他］靴墨で磨く | kataplasm:パップ剤,湿罨法（しつあんぽう）,>>plastro | pomad:［他］ポマードをつける;軟膏を塗る
鼻	4	naz:わし鼻 | nazal:鼻音,=nazsono | rin:Nazo (en kunmetaj^oj). | rostr:（象の）鼻,>>muzelo;口吻;船嘴（せんし）
响	4	bac:Fari tian bruon. | klak:［自］かちかち音をたてる（ぶつけて乾いた短い音を発する） | lau^t:大声の,声高な,高く響く,騒がしい;《転》派手な,目立つ | sonor:響きのある,よく響く,朗朗とした
四	4	kvar:４番目の,第四の | kvaternar:第四紀の;第四系の,>>terciara | tetr:クロライチョウ（黒雷鳥）（種） | tetra:エゾライチョウ（蝦夷雷鳥）（種）,=bonazio
舟	4	boat:ホバークラフト | gondol:ゴンドラ（船）;=nacelo | kanot:（手こぎの）遊覧ボート;=kanuo | kanu:カヌー,丸木舟;（競技用の）カヌー,>>kajako
程	4	procedur:入れ子の手続き（プロシージャ） | proces:民事訴訟 | procez:民主化過程 | program:使いやすいプログラム
觉	4	bodi:菩提（ぼだい） | konsci:集合意識 | percept:［他］（五感によって）知覚する,感知する,気づく,それとわかる | rimark:［他］気づく,注目する;（気がついて）言う,指摘する
和	4	akord:［自］調和している | kaj:岸壁,波止場;河岸（かし）,荷揚げ場;プラットホーム | pac:強固な平和 | pacif:?
判	4	jug^:民事裁判 | kondamn:［他］刑を宣告する,有罪とする;非難する,とがめる | konvikt:(tr (transitiva)) Pro konvinkaj pruvoj jug^i kulpa en proces | verdikt:［自］判決を言い渡す;判定を下す
攻	4	agres:侵略の;攻撃的な,けんか腰の | atak:［他］攻撃する;襲う | ofensiv:攻勢の,攻撃の | razi:1 En arabaj landoj, ekspedicio farata en malamikan regionon,
树	4	arb:木,樹木;高木 | dendro:? | fag:アメリカブナ（種） | notofag:G. (Genro) (Nothofagus el fagacoj) de fal-au^ dau^ra-foliaj 
闪	4	blink:Intermita lumo: g^irblinko, alarmo blinko de au^tomobilo. | flagr:［自］（炎・光が）揺らぐ,揺らめく;明滅する;はためく | fulm:稲妻の | strobo:?
径	4	kalibr:［他］口径・直径を測定する | pad:（野山や森の）小道,細道,=vojeto | radial:動径の | trotuar:歩道,><veturejo
接	4	junt:［他］（部材を）継ぎ合わす,接合する,接続する | kontakt:［他］接触している;連絡を保っている | splis:［他］（ロープ・コードの先を）より合わせて継ぐ | tang^:［他］接する;《転》かすめる,軽く触れる,>>tus^eti
曲	4	hiperbol:双曲線の;誇張法の,大げさな | kanzon:シャンソン,歌謡曲;カンツォーネ（イタリア風叙情詩の一形式） | kurb:特性曲線 | romanc:ロマンス（叙情的な歌曲）
视	4	opt:Vidkapablo. | televid:デジタルテレビ放送 | televizi:=televida（テレビ放送の） | vide:ビデオ映像技術;ビデオ映像
谋	4	intrig:［自］陰謀を企てる,策略をめぐらす,策動する | koluzi:［自］結託する | komplot:［自］陰謀を企む,策謀をめぐらす | konspir:陰謀説,陰謀論
症	4	fobi:恐怖症,>>akvofobio,>>aerofobio | oz:Monosakarido; malofte uzata memstare, g^enerale en kunmetaj^ | simptom:症状,徴候;《転》兆し,前兆 | sindrom:無呼吸症候群
赞	4	kompliment:賛辞の,お世辞の;あいさつの | konsent:同意の,承諾の;一致した | lau^d:［他］ほめる,たたえる,称賛する | ovaci:［他］大喝采する,熱烈に歓迎する
亲	4	intim:親密な,親しい,内輪の;私的な,内に秘めた,心の中の | kar:親愛な,いとしい;大切な;高価な,（値段が）高い | parenc:親族の,血縁の;同族の,同類の | simpati:好感のもてる,感じのいい,気の合った;同情的な
服	4	jak:背広,（腰丈までの）ジャケット;上着 | konvink:心底からの確信 | obe:［他］従う,服従する | persvad:説得力のある
社	4	klub:ディベートクラブ,討論研修クラブ | soci:封建社会 | social:社会的な;社会福祉の | societ:=kooperativo（協同組合）
拜	4	ador:［他］礼拝する,崇拝する,あがめる;《転》敬慕する,あこがれる;《転》大好きである | kult:悪魔崇拝 | pilgrim:［自］巡礼する | riverenc:［自］（上体を傾けて・膝を曲げて）お辞儀をする,最敬礼する
币	4	bac:Fari tian bruon. | dur:《詩》=malmola（かたい） | tak:(tr (transitiva)) 1 = g^iri 3 pp (se paroli pri) s^ipo. 2 =  | valut:ドル相場
某	4	ia:(ntr (netransitiva)) Bleki, pp (se paroli pri) azeno. | ie:? | io:? | iu:?
卤	4	astat:無定位の,>>stata | astaten:= astato. | brom:臭素（非金属元素、原子番号３５） | halogen:ハロゲンヒーター
密	4	c^ifr:暗号の | dec^ifr:［他］（暗号などを）解読する;（文字を）判読する;《転》（心理を）見抜く | dens:濃い,濃密な;密集した,密生した;（ネガが）濃い,肉乗りのよい | kompakt:ぎっしりつまった,密集した,緻密な;（体が）ずんぐりした
粉	4	farun:蕎麦粉 | polen:［他］受粉させる,授粉する | pudr:［他］おしろいを塗る | pulvor:うま味調味料（味の素など）,化学調味料
算	4	aritmetik:算術平均,相加平均 | budg^et:=>bug^eto（予算） | kalkul:正確な計算 | komput:［他］算定する,計量する;（コンピュータで）演算する,処理する
倾	4	em:〜の傾向がある,〜の好きな,>>inklina | inklin:傾向のある,心の傾いた | tak:(tr (transitiva)) 1 = g^iri 3 pp (se paroli pri) s^ipo. 2 =  | tendenc:傾向をおびた,かたよった,偏向的な,>>partieca
诉	4	akuz:［他］告発する,告訴する | apel:=>apelacii | plend:［自］苦痛を訴える;不満を訴える,文句を言う,苦情を申し立てる;（民事上の）訴訟を起こす | reklamaci:［自］不服を申し立てる,苦情を申し出る,=plendi
丝	4	faden:アリアドネの糸（難問を解くかぎ） | filament:フィラメント;花糸;線条組織 | filigran:［他］線条細工を施す;すかし模様を入れる | silk:生糸（きいと）
那	4	tia:? | tie:そこの,その土地の | tio:? | tiu:?
养	4	bred:［他］飼育する;育種する,品種改良する | nutr:滋養の,栄養のある | trofi:栄養段階,>>produktanto,>>konsumanto,>>malkomponanto | vart:［他］保育する,養育する,育てる;《転》（大事に）はぐくむ;（機械などを）保守する
皱	4	c^if:［他］しわくちゃにする | falt:［他］（皮膚に）しわを寄せる | grimac:［自］顔をしかめる | krisp:ひだのある,縮れた,しわの寄った
创	4	iniciat:率先して | invent:［他］発明する,考案する,>>elpensi | kre:［他］創造する,創作する,創設する,創出する | trau^mat:心的外傷,トラウマ
支	4	apog:〜を支持して | bronk:気管支喘息（ぜんそく） | fili:子会社,>>trunka kompanio | klad:1 Grupo (cladus) de vivuloj inter si vere parencaj, t.e. (ti
钉	4	kejl:［他］木釘を打つ,くさびで止める | najl:［他］釘を打つ,釘付けにする | nit:［他］リベットで留める | vinkt:［他］（かすがい・留め金・ステープルなどで）留める;=niti（リベットで留める）
层	4	etag^:（欧州式で）三階;（日米式で）二階 | strat:静まり返った通り | stratus:層雲 | tavol:［自］層になっている
鹰	4	akcipitr:《般》タカ（鷹）,>>falko,>>aglo;ハイタカ（属）;=g^entila akcipitro（オオタカ）,>> | bute:ノスリ | falk:ハヤブサ（隼）（属） | niz:ハイタカ（鷂）（種）,>>akcipitro
何	4	kia:? | kie:? | kio:? | kiu:?
微	4	infinitezim:無限小の;《転》ごく微小の | liliput:小人の,ちっぽけな,卑小な | mikro:? | nuanc:［他］色合いをつける,微妙な変化をつける
配	4	asign:［他］割当てる;召喚する | distribu:累積度数分布 | gami:? | kopulaci:［自］交尾する;接合する
蓝	4	blu:青い | indig:藍色の | lazur:青い,紺青の,紺碧の,るり色の | vajd:1 Tinktura izatido. 2 Blua kolorilo, ricevita per fermentigo
女	4	femin:= virino. | ginek:? | in:女性の;雌の | nj:?
鹿	4	cerv:ワピチ,オオシカ | dama:ダマジカ,=damcervo | kapreol:ノロ（シカ科の動物の一種） | tragol:G. (Genro) (Tragulus) de tre malgrandaj parhufuloj, vivantaj
音	4	akustik:音響の;聴覚の;（電気アンプを使わない）アコースティックの | fonet:? | fonetik:音声学的;音声の | prononc:［他］発音する,>>elparoli
良	4	benign:良性の,><maligna | bon:良い,善良な,りっぱな | eu^:? | konscienc:良心的な,まじめな
调	4	agord:同調コイル | melodi:快いメロディー | modul:［他］抑揚をつける;転調する;変調する | ton:とげとげしい口調
级	4	hierarki:聖職位階制 | kaskad:（多段式の）滝,>>akvofalo;《転》次々と起こること | klas:被搾取階級 | rang:高い地位
质	4	esenc:本質的な;必須の,不可欠な | kvalit:質の;質的な | materi:星間物質 | substanc:非晶質
定	4	destin:［他］（の用途を）予定する;割り当てる,用意する;運命づける | determin:決定的な;限定の | difin:一定の;限定の | fiks:固定の,定着の;定まった,決まった
龟	4	emid:Testudulo (Emys k parencaj g-oj (genroj)) el la fam. (famili | karet:Mara testudulo (unuspecia g. (genro) Caretta caretta) el la  | keloni:ウミガメ（科の総称）,=martestudo;アオウミガメ（属） | testud:ヌマガメ（沼亀）（属）,=emido
障	4	bar:［他］道をふさぐ;《転》妨げる | handikap:［他］ハンディキャップをつける | obstakl:［自］障害となる | obstrukc:［他］（通路・管を）ふさぐ,詰まらせる;（議事進行を）妨害する
反	4	ironi:皮肉な | kontra:? | mal:正反対の,逆の | opon:［自］反対する,反駁する,逆らう,>>opozicii,>>kontrau^stari
商	4	firma:商会,商社,=firmo | komerc:輸入貿易 | kvocient:知能指数（ＩＱ） | negoc:取引の,商談の;実務的な,ビジネスライクな
补	4	flik:［他］つぎを当てる;《転》取り繕う;パッチを当てる | kompens:補償の,賠償の | komplement:付随的補語（Ｅで述語以外の文成分を修飾する語） | suplement:補足の,追加の
乱	4	konfuz:雑然とした,混乱させる,不明瞭（めいりょう）な | pelmel:=malorde（無秩序に） | perpleks:当惑した,途方にくれた,まごついた,>>konfuzita | turbul:乱流の,>>lamena
涉	4	interfer:干渉の,干渉する | koncern:話題となっている,当の;関係のある | padel:［自］（泥や水の中を）歩く,動き回る;（泥や水の中で）暴れる,パチャパチャする;=>pagaji（かいでこぐ） | vad:［自］（水・泥・積雪などの中を）歩く,歩いて行く
偿	4	amortiz:減債基金 | kvit:（負債から）免れた,借金のなくなった;（義務などから）免除された | ristorn:［他］利益配当する;払戻す,=repagi | solvent:（債務の）支払能力のある,=pagokapabla
指	4	daktil:ナツメヤシ;長短短格,強弱弱格 | fingr:親指 | indik:［他］指し示す,示す,表す | indikator:=indikilo（インジケーター）
贵	4	aristokrat:貴族的な | nobel:貴族の | nobl:高潔な,気高い,気品のある | patrici:パトリキ（古代ローマの世襲貴族）
鞭	4	flagel:Vipoforma filamento, movorgano de diversaj c^eloj, precipe d | knut:Mallonga ledrimena vipo, uzata en Rusio por peli brutojn: c^ | skurg^:［他］むち打つ;《転》激しく非難する | vip:［他］むち打つ;《転》激しく非難する
盟	4	alianc:（国家間の）同盟 | kartel:カルテル（企業連合）,>>trusto;（政党間などの）連合;決闘の申込状 | koalici:右派連合 | sindikat:組合に加入する
喷	4	erupci:［自］噴出する,噴火する;発疹（はっしん）ができる | jet:ジェット機,>>reaktoro | s^pruc:［自］噴き出る,わき出る,ほとばしる;《転》不意に現れる,躍り出る | tern:［自］くしゃみをする,>>tusi
沉	4	merg:［他］（水に）つける,ひたす,沈める | precipit:［他］沈殿させる | sediment:堆積盆地 | sink:［自］沈む,沈下する,>>mallevig^i;《転》（眠りなどに）落ちる,>>droni
盘	4	disk:椎間板ヘルニア | inventar:［他］（財産・在庫の）目録を作る;棚卸しする | plet:盆,（食事用の）トレー | teler:空飛ぶ円盤,>>NIFO
媚	4	flat:お世辞の,さわりのよい | kaj^ol:へつらいの,おもねるような,甘い | koket:こびるような,なまめかしい,色っぽい | lake:［他］ペコペコと仕える
系	4	fakultat:農学部 | genea:? | sistem:防空システム | spalir:［他］果樹垣根に固定する
库	4	bibliotek:図書館の | garag^:［他］ガレージに入れる | kas:金庫;会計 | remiz:［他］車庫に入れる,小屋に入れる
损	4	averi:［自］（船や積荷が）損害を受ける | damag^:［他］損害を与える,損傷を与える,>>difekti,>>domag^i | difekt:［他］損なう,だめにする;傷つける | kompromit:危険な,累を及ぼすような,巻き添えにする
令	4	edikt:［他］勅令を発する | imperativ:命令法の;《転》避けられない,強制的な | komand:［他］指揮する,指図する,命令する;操作する,制御する | ordon:大赦令
廊	4	ambulatori:1 Parto de domo, kie c^irkau^ korto estas arang^ita promenej | galeri:回廊,歩廊;画廊,美術品陳列室;収集品;地下道,坑道;回廊席,天井桟敷 | koridor:廊下,通廊,回廊;回廊地帯;（道路の）車線 | nav:（教会の）側廊
事	4	afer:物事（ものごと）,事,事柄,事項;用件,用事,問題;事件,出来事;事業,業務;訴訟事件;取引,>>negoco | event:行事,催し,イベント;（重大な）出来事,大事件 | fakt:事実上の,真実の | ke:Sp. (Specio) (Nestor notabilis) de Nov-zelanda papago kun tr
拍	4	fot:クローズアップ写真 | ikt:1En la antikva metriko, bato kiu akompanis la fortan eron de | raked:ラケット | takt:拍子;調子;規則的に繰り返す音（コトコト・ドキドキ）;クロック信号;《転》機転,如才なさ
地	4	geo:? | ter:肥沃な土地 | teren:沖積地 | topo:?
过	4	pas:=pasema（一時的な） | per:間接の;仲介の | preter:そばを通って,行きずりに | transit:Koncernanta transiton: transitaj tarifoj.
成	4	adolt:=plenkreska（成熟した） | ig^:［自］〜になる,>>farig^i | konsist:構成する | sukces:完全な成功
柱	4	fost:柱;くい,標柱,電柱,>>stango,>>paliso | kegl:（ボウリングの）ボール | kolon:円柱,柱;記念柱;《転》柱状のもの;《転》大黒柱（人）;=kolumno（欄）;縦隊 | mast:マスト,帆柱;（一般に）支柱,柱
塑	4	modl:［他］（粘土・ロウなどで）形を作る,造形する | plast:プラスチックの;可塑性のある | plasti:Operacio, destinita ripari organon koncerne ties formon au^  | plastik:造形の,造形美の,形の美しい
边	4	later:辺 | listel:平縁（ひらぶち）;（硬貨・メダルの）飾り縁 | marg^en:大陸縁辺部 | rand:縁（ふち）の,へりの;周辺の,境の
价	4	kurz:株式相場 | prez:特価 | tarif:鉄道運賃 | valent:原子価
远	4	apoge:遠地点,><perigeo;《転》最高点,絶頂 | hipermetrop:遠視の,>>miopa,>>presbiopa | lontan:Malproksima, tempe au^ space: memoras mi pri am' lontana. | tele:?
科	4	ac:? | ed:? | scienc:実験科学 | sekci:集中治療室（ＩＣＵ）
线	4	drat:金属弦,スチール弦 | line:高圧線 | linear:一次方程式 | lini:センターライン
伴	4	kamarad:［自］仲良くしている | koleg:同僚,僚友,なかま,同業者 | kompani:株式会社 | partner:仲間,相方,相棒,パートナー,=kunulo
人	4	antrop:Homo. | hom:品のよい人 | oni:（一般・不特定の）人の,世人の | person:個人
意	4	ide:抽象的な観念 | intenc:故意の,たくらんだ,意図的な | senc:あいまいな意味 | signif:意味のある,有意義な;重大な,かなりの
麦	4	elim:エゾムギ（属） | fagopir:蕎麦粉 | horde:オオムギ（属） | tritik:小麦の,小麦でできた
胸	4	brust:胸びれ | bust:上半身;バスト;胸像 | steto:? | torak:胸郭;（昆虫の）胸部
营	4	bivak:［自］野営する,野宿する | kantonment:［自］宿営する | kazern:兵営,兵舎,=soldatejo | kvartir:［他］=kantonmenti（宿営する）
叉	4	bifid:Duparte dividig^inta: bifida folio; la bifida lango de serpe | dikotom:Forkece disbranc^ig^anta; disdue branc^a: dikotoma cumo. | fork:フォーク状の | harpun:［他］もりを撃ち込む
饰	4	dekor:［他］=dekoracii（装飾する） | dekoraci:［他］（部屋・建物・場所を）装飾する | garnitur:［他］飾り付ける | ornam:飾りの,装飾の
租	4	c^art:［他］（船を）チャーターする | farm:［他］小作する,（農地を）賃借りする | lu:［他］賃借する,（料金を払って）借りる | rent:地代,賃貸料;金利収入
值	4	ind:（je）〜に値する,ふさわしい | merit:功績のある,称賛に値する;当然受けるべき,ふさわしい | vac^:［自］当直につく,>>dej^ori | valor:絶対値
猪	4	apr:イノシシ（猪）（種）,=sovag^a porko | pork:豚の;豚のように汚い | su:Apro. | sued:G. (Genro) (Suaeda el kenopodiacoj) de salejaj plantoj - unu
坚	4	firm:堅い,引き締まった;しっかりした,ぐらつかない;《転》堅固な,確固とした | fortik:堅固な,頑丈な,頑健な;要塞化した | insist:しつこく言い張る,執拗（しつよう）な | persist:ねばり強い,根気のよい,執拗（しつよう）な,>>obstina;持続する
保	4	asekur:保険外務員,保険外交員,=asekura varbisto | garanti:保証の,担保の | kau^ci:［他］保証金を払う,保釈金を払う | patron:［他］後援する,保護する;守護する
纹	4	frang^:［他］房飾りを付ける | fret:［他］雷文で飾る | jasp:［他］（碧玉に似せた）縞模様をつける | tatu:［他］入れ墨する,彫る
肠	4	enter:Intesto (en kunmetaj^oj): enteropeptidazo, enterokojlito, en | ile:回腸,>>maldika intesto | intest:大腸 | kolbas:ソーセージ,>>s^inko;（火薬を詰めた）導火嚢（どうかのう）
叶	4	foli:鋸歯状葉（きょしじょうよう）,縁のぎざぎざした葉 | frond:（地衣類の）葉状体;（シダ類・ヤシ・シュロなどの）葉 | limb:葉身;分度弧,目盛り縁 | lob:葉（よう）;裂片
庆	4	celebr:［他］（儀式を）とり行う | fest:祝いの | festival:（音楽・芸術）祭,祭典,フェスティバル | pask:復活祭の;過越しの祭の
驳	3	barg^:（港や河川で使われる）平底の荷船,はしけ,バージ,=plats^ipo | refut:［他］論破する,反駁（はんぱく）する,反論する | replik:［他］=rebati（反論する）;（自作を）複製する,>>kopii
鼓	3	aplau^d:［他］拍手喝采（かっさい）する;《転》称賛する | tambur:［自］ドラムを打つ,太鼓をたたく;［他］太鼓で知らせる | timbal:ティンパニ;タンバル（パイの一種）
具	3	il:道具,用具,ツール;手段 | konkret:具体的な,具象的な,現実の | mebl:［他］家具を備付ける
录	3	katalog:［他］〜の目録を作る | protokol:通信手順 | registr:住民登録
惊	3	konstern:仰天させる,驚くべき | mir:大変な驚き | surpriz:不意の,奇襲の;思いがけない,驚くべき
强	3	emfaz:語気の強い,強調の | fort:引力,><repus^a forto | trud:［他］押し付ける,無理強いする
宽	3	larg:1 (pp (se paroli pri) s^ipo) En tia pozicio, ke ties flanko  | larg^:幅の広い;幅のある;大幅な,ゆったりした | liberal:寛大な,偏見のない,リベラルな;自由主義の
泥	3	kot:泥の,ぬかるんだ,泥まみれの;《転》汚い | pure:ピューレ | s^lim:活性汚泥
翻	3	lop:［自］宙返りする | renvers:逆転層 | revers:［他］裏返す;（衣服を）裏返して仕立て直す
刷	3	bros:［他］ブラシをかける | skovel:Cilindra raspa broso, fiksita c^e la ekstremo de stango au^  | strigl:［他］（馬に）櫛をかける
双	3	dual:二重の;二元的な;双対（そうつい）の;双数の | g^emin:Duope okazanta au^ situanta. | ge:男女両方の
简	3	konciz:簡潔な,簡明な | lakon:ラコニアの;《転》口数の少ない,簡潔な | simpl:単純な,簡単な;単一の;単なる,ただの;簡素な,飾りけのない;純朴な,お人よしの
好	3	amator:アマチュアの | diletant:芸術好きの,生かじりの,素人芸の | hobi:趣味,=s^atokupo
穗	3	ament:Infloresko, densa spiko ofte konussimila, kies unuseksaj flo | kvast:ふさ飾り | spik:スペアミント,オランダハッカ,ミドリハッカ（種）
温	3	temperatur:絶対温度 | tepid:《詩》=varmeta（ぬるい） | termi:Korpa temperaturo (en kunmetaj^oj).
数	3	cifer:デジタル時計 | nombr:二桁（けた）の数 | numeral:基数詞
列	3	procesi:祭りの行列,祝いの列 | seri:発散級数 | vic:算術数列,等差数列
蚀	3	erozi:浸食性の | kau^stik:苛性（かせい）の,腐食性の;《転》辛辣（しんらつ）な,痛烈な | korod:腐食性の
愚	3	fol:Gaje frenezeta, frenezon s^erce imitanta. | idiot:白痴的な;ばかげた | stult:愚鈍な,まぬけの,愚かな
让	3	alien:(tr (transitiva)) Aliproprigi, translasi en fremdan posedon. | ced:劣性遺伝子,><rega geno | konced:［他］（議論などで）譲歩する,認める,容認する
务	3	obligaci:［他］義務を負わせる | serv:（en 〜）現役,在職,操業 | task:［他］（任務を）課す,（課業を）与える
示	3	manifestaci:［自］デモをする,示威運動をする,>>paradi,>>procesii | montr:指示用の,提示用の;指示の | sugest:示唆する,ほのめかす
收	3	adopt:養子の;養子縁組に関する | ferl:［他］（帆を）たたむ,縮帆する | ricev:［他］受け取る,もらう,得る;受ける,受け入れる;こうむる,経験する;受信する
僧	3	bonz:僧侶（そうりょ） | monah^:修道士,修道僧,=monako | monak:=monah^o（修道士）
栏	3	barier:［他］柵でふさぐ | kolumn:（縦の）欄;（新聞の）コラム;（縦の）列;（チェス盤などの）縦列,=vertikalo;（数の）桁（けた） | rubrik:（新聞・雑誌の）欄;（書籍の）見出し,標題;ルブリカ（典礼書中に朱書きされた執行規定）
集	3	foir:定期市,見本市,（家畜・農産物の）品評会 | kolekt:［他］集める,収集する,徴収する;（人を）呼び集める,招集する | koncentr:集中的な,濃厚な;《古》=samcentra（同心の）
沥青	3	asfalt:［他］アスファルトで舗装する | bitum:瀝青炭 | pec^:ピッチの,ピッチを塗った
忍	3	pacienc:我慢強い,辛抱強い;根気のよい | stoik:ストア学派の;《転》禁欲的な,克己的な,>>flegma | toler:寛容に;我慢して
撞	3	karambol:［自］（ビリヤードで）キャノンする;《転》玉突き衝突する | kolizi:弾性衝突 | perkut:着発信管,撃発信管,=frapa fuzeo
下	3	sob:? | sub:下の,下方の,>>subau^skulti | subaltern:（地位・身分が）下位の,下級の
影	3	film:記録映画,ドキュメンタリー | influ:影響力のある,勢力を持った | ombr:本影
轰	3	bombard:［他］砲撃する;《転》攻めたてる,（多量に）浴びせる | detonaci:［他］爆轟（ごう）させる,>>fulmini | fulmin:［自］爆鳴する,>>detonacio
痒	3	juk:かゆい皮膚 | tikl:くすぐったい,むずむずさせる;《転》厄介な,扱いにくい,微妙な | urtik:［自］（イラクサで刺すように）チクチクさせる,掻痒感を生じる
析	3	analitik:解析幾何学 | analiz:分析的な | skand:［他］（詩句の）韻律を分析する;（詩を）韻律をつけて読む
供	3	liver:［他］配達する,届ける,引き渡す,納品する;供給する | ofert:［他］供給する;提供する,見積もる | proviz:予備の
屠	3	buc^:［他］屠殺する,屠畜する;《転》（人を）虐殺する | masakr:［他］大虐殺する,殺戮する,皆殺しにする,=amasbuc^i | s^oh^t:(tr (transitiva)) Buc^i lau^ la hebrea rito.
界	3	horizont:地平線,水平線;《転》（思考・知識などの）視界,範囲;層準;土壌の層位 | lim:境界の | mond:外界
衡	3	bilanc:［他］貸借対照表を作る,差引勘定をする | ekvilibr:酸塩基平衡 | pes:［他］〜の重さを計る,はかりにかける,計量する;《転》慎重に考慮する,吟味する,比較検討する
染	3	infekt:感染の,感染性の | kontag^:接触感染の,伝染性の | tinktur:ヨードチンキ
甘油	3	glicer:Radiko, CH 2 OH-CHOH-CH 2 -, de glicerolo (en kunmetaj^oj):  | glicerin:［他］グリセリンを塗る | glicerol:グリセロール,=glicerino
颜	3	faci:1 (facies) La antau^a parto de la kapo, c^e homo k bestoj: l | farb:［他］絵具を塗る,ペンキを塗る | vizag^:優しい顔立ち
处	3	dispon:［他］自由に使う,処理する;［自］処置をとる;=dispozicii | dispozici:［他］配置する,>>arang^i;向かわせる | lok:本籍地
办	3	ag:動作の;（交流で）有効成分の | entrepren:慈善事業 | proced:外科処置
号	3	numer:（くじの）当籤番号 | semafor:［他］腕木式信号機で知らせる;手旗信号で知らせる | signal:信号の
水	3	akv:水の;水生の | hidr:ヒドラ;ヒドラ（九つの頭をもつ海蛇の怪物） | merkred:水曜日の
寓	3	alegori:アレゴリー,寓意（ぐうい）;風諭;寓意物語 | apartament:アパートメント,フラット（集合住宅内の一区画） | fabl:寓話的な
停	3	halt:［自］止まる,立ち止まる,停止する | kape:［自］漂ちゅうする,ライツーする（荒天時に船首を風上に向けて洋上で停船すること） | suspend:1 Provizore deteni iun de la plenumado de ties funkcio au^ o
格	3	deklinaci:［他］格変化させる | karakter:積極的な性格 | latis:格子欠陥
喘	3	anhel:［自］あえぐ,息切れする,荒い息をする,=spiregi | astm:喘息（ぜんそく） | stertor:［自］（呼吸困難から）ゼイゼイとあえぐ,のどをゴロゴロいわせる
释	3	eksplic:(tr (transitiva)) Esprimi per precizaj detalaj vortoj, lasan | eksplik:［他］解説する,説明する,>>klarigi | ekzegez:聖書注解
月	3	lun:上弦の月 | lund:月曜日の | monat:妊娠３か月の
王	3	rag^:ラージャ（インドの王・王族の称号） | reg^:王の,国王の;王立の | rojal:?
罩	3	kitel:スモック,オーバーオール（ゆったりした上っ張り・仕事着） | klos^:（食物を覆う）鐘形ガラス器;釣鐘形のもの | mask:［他］仮面でおおう,面をかぶせる;《転》おおい隠す,いつわり隠す
怪	3	ekstravaganc:常軌を逸した,突飛な,無茶な | grotesk:グロテスクな,異様な,奇怪で滑稽（こっけい）な | monstr:怪物の,奇怪な,醜悪な,恐るべき
轨	3	orbit:楕円軌道 | rel:レール,軌条;（手すりや柵の）横棒,横木 | trak:=traco（トラキア人）
蝶	3	papili:ヤマキチョウ | papilion:アゲハチョウ（揚羽蝶）（属） | pierid:G. (Genro) (Pieris) de tagpapilioj, kies larvoj vivas sur fo
帝	3	car:ツァーリ（ロシア皇帝） | imperator:Titolo, atribuita per aklamoj de la soldatoj Romaj al venkin | imperi:帝国の
自	3	au^t:自動車,=au^tomobilo | mem:自身の,自らの | sin:胸部;懐（ふところ）;胎内;《転》内奥;《転》胸の内
围	3	c^irkau^:周囲の,周辺の;およその | peri:? | sieg^:包囲の,攻城の
普	3	cens:ケンスス（古代ローマで徴税・徴兵を目的とした財産・人口調査）;=popolnombrado（人口調査） | ordinar:普通の,通常の;ありふれた,平凡な | universal:普遍的な,全般的な;全世界の,万国の;万能の,汎用の;万有の
火	3	fajr:とろ火 | mard:火曜日の | pir:ナシ（梨）,洋ナシ
速	3	ekspres:急行の;速達の | rapid:角速度 | taki:?
超	3	hiper:? | meta:? | transcend:超越的な;超越的な;卓越した,抜群の
羚	3	antilop:レイヨウ,アンテロープ（総称） | c^am:シャモア,>>antilopo | gazel:ガゼル（属）,>>antilopo
路	3	cirkvit:交流回路 | s^ose:国道,=landvojo | voj:坂道,傾斜路
股	3	akci:株式の | femur:大腿二頭筋 | koks:股関節（こかんせつ）
逆	3	invers:逆の,反対の | retro:もとの方へ,後ろへ | spit:=spitema（反抗的な）
家	3	famili:裕福な家庭 | hejm:家庭の,自宅の;（動物が）飼いならされた | ist:?
百	3	cent:百番目の | centezimal:百分法の,百進法の | hekto:?
黑	3	melan:Mll de melanino en kunmetaj^oj (-> melanoc^elo). | negr:黒人霊歌 | nigr:黒い,黒色の,黒ずんだ;暗い,闇の,曇った;《転》陰気な;《転》悪意のある;《転》邪悪な;《転》不正な
旅	3	brigad:旅団;（軍隊式に編成された）団,隊,組 | turist:観光客,旅行客,ツーリスト | vojag^:海外旅行,外国旅行
童	3	fabel:おとぎ話の,架空の;信じられないような,驚くほどの | infan:自閉症児 | pedo:?
基	3	baz:基礎的な;塩基性の | fundament:基礎の;基礎的な,基本的な | il:道具,用具,ツール;手段
毛	3	har:毛（一本）,髪の毛（一本） | lan:羊毛の,ウールの;毛糸の | trik:［他］（編物を）編む,>>kroc^eti
符	3	semio:? | sign:アスキー文字 | simbol:象徴の,象徴的な;記号を用いる
再	3	bis:［他］アンコールを求める | re:二度目の | ren:人工腎臓
咕	3	kluk:［自］（雌鶏などが）クックッと鳴く | kver:［自］（ハトが）クウクウ鳴く;《転》甘い言葉をささやく | murmur:［自］つぶやく,ざわめく;ぶつくさ言う
访	3	frekvent:［他］よく行く,通う,=vizitadi | intervju:独占会見,独占インタビュー | vizit:儀礼的訪問
侍	3	kelner:給仕,ウエーター,ボーイ | pag^i:小姓（こしょう）,近習（きんじゅう）;=fanto | stevard:（旅客機・客船の）乗客係,客室乗務員,スチュワード
嵌	3	damasken:［他］（金属に）金銀を象眼する | inkrust:［他］象眼する,はめ込み細工を施す | marketr:［他］寄せ木細工を施す,象眼を施す,>>inkrusti
帆	3	j^ib:ジブ（船首の三角帆） | vel:縦帆（じゅうはん） | velar:=velsono（軟口蓋音）
想	3	ideal:理想の,理想的な,完璧な | imag:想像の;想像上の,仮想の | opini:通説
豆	3	fab:ソラマメ（空豆）;《般》豆（まめ） | fazeol:インゲンマメ（隠元豆）（属） | legumen:=gus^o（さや）
欠	3	debet:借方残高;借越額 | osced:［自］あくびをする | s^uld:対外債務
备	3	ekip:［他］装備する,備え付ける;艤装（ぎそう）する | prepar:準備の | pret:用意の整った,準備のできた;即応できる;覚悟のできた,喜んで〜する
己	3	propr:固有の,特有の,独自の,本来の;自分自身の | propriet:知的所有権 | si:自分自身の
大	3	grand:物理量 | maj^or:長調の;（より）大きい,><minora | majuskl:大文字の
重	3	akcent:アクセントの;アクセントのある | grav:重要な,重大な;深刻な | pez:総重量
土	3	grund:酸性土壌 | sabat:土曜日の;安息の | saturn:?
典	3	enciklopedi:百科事典的な,博学の | klasik:古典の;古典的な,伝統的な,正統派の;古典主義の,古典派の | kodeks:（冊子状の）古写本,古文書;=farmakopeo（薬局方）
降	3	bemol:フラット,変記号（♭）,><dieso | degrad:［他］（地位を）剥奪（はくだつ）する,免職する;降格させる,><promocii | kapitulac:［自］降伏する,開城する;《転》降参する
码	3	jard:ヤード（＝91.44cm）;ヤード,帆桁（ほげた）,=velstango | kaj:岸壁,波止場;河岸（かし）,荷揚げ場;プラットホーム | kod:民法典
脑	3	cerb:頭脳的な,脳の | cerebr:(cerebrum) La supra parto de la encefalo, kun siaj hemisfero | encefal:脳,脳髄,>>cerbo
五	3	kvin:５番目の,第五の | pent:［他］後悔する,悔悟する,改悛する | penta:?
警	3	alarm:警報の,危急を告げる | avert:［他］警告する,注意を促す,予告する | polic:連邦警察
禁	3	embarg:［他］（船舶に対し）出港や荷下ろしを禁止する;《般》（輸出入や報道を）禁止する | prohibici:［他］（製造・売買を法的に）禁止する,=leg^e malpermesi | tabu:タブーの,禁止された,触れてはならない
徽	3	blazon:［他］紋章を描く | heraldik:紋章学 | insign:記章,バッジ;（〜oj）（都市・家などの）紋章
选	3	antologi:文学選集 | elekt:選考委員会;選挙管理委員会,=balotkomisiono | selekt:［他］選択する,淘汰する;分離する;>>elekti
束	3	buked:花束,一束 | fask:発散光束 | garb:（刈り取った麦などの）束
境	3	eko:? | medi:外部環境 | top:トップ,檣楼（しょうろう）
阁	3	ekscelenc:閣下（高官に対する敬称） | kabinet:内閣の;書斎の,机上（空論）の | mos^t:（高位者への尊称）閣下,殿下,陛下
余	3	ceter:残りの,そのほかの,その他の | rest:残りの,余りの | sald:借方残高;借越額
六	3	heks:? | heksa:? | ses:第六の,六番目の
卫	3	gvardi:親衛隊,近衛連隊 | higien:衛生上の;衛生的な,健康によい | sanitar:保健衛生の,公衆衛生の
疑	3	dub:「疑わしきは罰せず」の原則 | skeptik:懐疑論の,懐疑的な,疑り深い | suspekt:=suspektinda（疑わしい）
中	3	mez:まん中の,中央の;中くらいの,中間の;並の,平均的な | neu^tr:中性の;中性の,無性の | neu^tral:中立の,偏らない,公平な,>>senpartia
袋	3	marsupi:(marsupium) Ventra hau^tpos^o, c^e la inoj de grupo de primi | pos^:小型の,ポケット版の | sak:ポリ袋,ビニール袋
智	3	intelekt:人工知能（ＡＩ） | sag^:常識,良識 | sprit:機知に富んだ,才気のある,気のきいた
腿	3	gamb:下肢,脚部,>>kruro | krur:義足 | sur:ふくらはぎ,=tibikarno
告	3	aviz:［他］通知する,告知する | herold:［他］布告する;先触れする | inform:情報の
小	3	et:小さい;少量の,>>malgranda | minor:和声的短音階 | minuskl:小文字の
妓	3	meretric:Amoristino. | prostitu:［他］売春させる | putin:《詩》=prostituitino（売春婦）
认	3	agnosk:［他］（公に）認める,認可する,認知する | kon:直観的認識 | konfes:［他］告白する,打ち明ける;白状する;（信仰を）告白する;告解する,ざんげする
舰	3	flot:（大編成の）艦隊,船隊,船団;（一国の）全艦船,>>aerfloto | fregat:フリゲート艦;グンカンドリ（属） | vesel:Milits^ipo pli granda ol fragato: veselleu^tenanto (en terar
弱	3	asteni:Nenormala manko de fortoj, ordinare kau^zata de nesufic^a ps | debil:1 Perdinta siajn fortojn: debila knabo, stomako, cerbo. 2 Ha | febl:《詩》=malforta（弱い）
卵	3	kojon:(fm (familiara, familiare)) Testiko. | ov:ゆで卵 | ovol:卵子;胚珠（はいしゅ）
耕	3	kultur:文化の,文化的な | plug:［他］耕す,すく;《転》畝をつくる,しわを寄せる | s^pat:［他］（畑などを）すく,たがやす
牛	3	bov:牛海綿状脳症（BSE） | oks:Kastrita tau^ro. Vd bovo. -> oksovostosupo. | poefag:= gruntbovo.
厅	3	atri:1 Interna korto kun portiko. 2 La malsupra etag^o de la timp | hal:市民会館,=urba halo | salon:談話室
铲	3	s^ovel:［他］（シャベル・スコップで）すくう,すくい取る,かく | spatel:（調剤や油絵に用いる）へら,パレットナイフ,こて,=truleto | trul:（左官用の）こて;フライ返し
涡	3	kirl:渦（うず）電流 | turbin:ガスタービン | vortic:渦,>>kirlo;渦
鸽	3	kolomb:ハト（鳩）（ハト科の鳥の総称） | livi:カワラバト（河原鳩）（種）,=rokkolombo | turt:キジバト（雉鳩）（種）
林	3	ale:並木道;（庭園・公園の）小道,遊歩道 | bosk:（公園などの）植込み,木立 | forst:育成林,=kultivarbaro
头	3	cefal:頭長幅指数 | kap:頭の | pru:船首,へさき,=s^ipkapo,=s^ipnazo
渣	3	fec^:（液体の底にたまる）澱（おり）,かす;《転》かす,最低のもの | rekrement:ビールかす | skori:鉱滓,スラグ;《転》くず,かす
档	3	arkiv:古文書,古文書館;アーカイブファイル | dokument:文書の,記録の | dosier:バイナリファイル
根	3	radik:基礎語根 | radikl:Radiko de krania au^ spina nervo. | riz:新米
性	3	amor:性愛の,情欲の,色恋の | ec:性質の | seks:性の,性的な
验	3	eksperiment:実験の,実験に基づいた | empiri:経験に基づく,経験主義の;経験的な | spert:並外れた経験
粪	3	ekskrement:糞便の;《転》汚らしい | fek:［自］大便をする,糞をする,>>kaki | sterk:［他］肥料を施す
潜鸟	3	gavi:=kolimbo（アビ） | greb:Podicipo k parencaj g-oj (genroj), akvolog^aj. | podicip:G. (Genro) (Podiceps) de akvolog^aj birdoj, kies kruroj trov
额	3	frunt:額（ひたい）,前頭部 | kontingent:［他］割当て分を出す | kvot:［他］値をつける
点	3	desert:デザートスプーン | poent:［他］得点をつける | punkt:中心点
扰	3	g^en:邪魔な,迷惑な,煩わしい | j^am:(tr (transitiva)) Malhelpi au^deblan ricevon de iu sendostac | perturb:大気擾乱（じょうらん）
量	3	doz:［他］分量を定める,調合する | kvant:物理量 | metrik:韻律の;計量の,距離の
战	3	batal:［自］戦う | milit:忌まわしい戦争 | polem:?
吐	3	krac^:［自］つば・たんを吐く;［他］吐く | sput:［他］（たん・つば・血などを多量に）吐く;《転》（多量に）吐き出す | vom:［他］吐く,嘔吐（おうと）する
谷	3	cereal:穀草,穀物,>>greno | gren:穀物 | val:谷,谷間,渓谷;流域,=baseno;（屋根の）谷
煮	3	frikas:［他］フリカッセにする,ホワイトソースで煮込む | poc^:［他］落とし卵にする | stuf:［他］蒸煮にする,とろ火で煮る
瓜	3	kukum:キュウリ（種）;キュウリの果実 | kukurb:カボチャ（属） | melon:メロン;メロン（種）
敷	3	foment:温湿布 | kompres:温湿布 | pans:［他］（傷の）手当てをする,処置する
活	3	aktiv:活動的な,活発な,積極的な;活動中の,現役の;能動の | vigl:活発な,元気な,快活な,生き生きした,はつらつとした,>>fres^a,>>vivoplena,>>rapidaga;油 | viv:放蕩生活
敌	3	advers:=kontrau^aga（敵対している） | antagon:? | rival:［自］張り合う,競争する,対抗する
国	3	land:旧共産主義国 | regn:動物界 | s^tat:連邦国家,連合国家
彩	3	bunt:=diverskolora（色とりどりの） | loteri:宝くじ券 | polikromi:多色装飾の;《稀》=>multkolora（多色の）
丛	3	makis:（地中海沿岸の）潅木密生地帯,マキ,>>arbustaro;（ゲリラやパルチザンの）潜伏場所 | tuf:（草・毛などの）束,房 | vepr:（いばら・小低木などの）茂み,やぶ,>>dornejo,>>arbustaro,>>arbustotufo
馆	3	hotel:ホテル,旅館 | muze:美術館 | pavilon:展示パビリオン
玻	3	glac:フロントガラス,=ventos^irmilo | vitr:つや消しガラス | vitre:Viskoza travida substanco, pleniganta la tutan okulon malant
距	3	distanc:離れた,隔たった | s^pur:軌間,=traklarg^o;輪距,ゲージ | tal:(talus) Tarsa osto de la reptilioj k mamuloj, kiu c^e la mam
称	3	kvalifik:［他］規定する,〜と呼ぶ;資格を与える,肩書きを与える;修飾する | pretend:［他］（権利として）要求する,主張する,言い張る;自称する,自慢する,公言する | simetri:左右対称の,均斉のとれた
除	3	ektomi:Parta au^ tuta fortranc^o de organo. Vd ablacio. | elimin:除去の,排除の;ふるい落とす,予選の | escept:例外的な
嘶	3	hen:［自］（馬が）いななく,ヒヒンとなく,>>bleki | s^us^:(ntr (netransitiva)) Brui simile al gaso eliranta sub forta  | sibl:シューッと（長く鋭い）音を立てる
牧	3	nomad:［自］遊牧生活を営む;放浪する | pas^t:［他］牧場へ連れて行く,放牧する;救い導く | pastr:司牧（しぼく）の,司祭の,牧師の
干	3	kser:? | sek:乾いた,乾燥した,水気のない,干からびた;《転》無味乾燥な,そっけない,情のない | trunk:うつろになった幹
臭	3	fetor:悪臭のひどい,むかつくようなにおいの,>>malbonodora | haladz:腐臭を放つ,ひどい悪臭の | stink:Malbonodora, fiodora, fetora.
机	3	mas^in:水力機械 | meh^an:? | s^anc:シャッターチャンス
款	3	fason:［他］（服を）仕立てる,裁断する,デザインする | klau^z:失効した条項 | regal:［他］ごちそうする,もてなす,歓待する;《転》（皮肉で）もてなす,くらわす
旗	3	flag:将官旗 | standard:（国家・軍隊などを象徴する）旗,国旗,軍旗,連隊旗,団旗;《転》旗印,>>flago | veksil:Speco de flago en formo de kvadrata s^tofo, fiksita per s^nu
坡	3	dekliv:傾斜した | eskarp:内岸（城の堀の内側急斜面）,><kontrau^eskarpo | talus:［他］盛り土する
抗	3	anti:? | protest:集団抗議 | rezist:抵抗の
圣	3	hagi:? | sakral:Apartigita for de la komuna uzado pro religia karaktero, k i | sankt:神聖な,聖なる;《転》尊重すべき,神聖不可侵の
票	3	balot:選挙ポスター | bilet:切符,券 | c^ek:小切手
仿	3	imit:［他］まねる,模倣する;見習う;模造する | mim:［他］=mimiki（身ぶりや表情で表現する） | pastic^:［他］（作品を）模倣する,模作する
杰	3	eminent:傑出した,抜きんでた,優れた,卓越した;高位の,高名な,著名な | hero:空想の英雄 | prod:Kavaliro fama pro siaj kurag^o k aventuroj: la prodoj de Kar
硅	3	silic:シリカ,二酸化ケイ素,=silicia dioksido | silici:ケイ素（原子番号１４） | silik:ケイ石;火打石
医	3	hospital:総合病院 | kurac:［他］治療する,治す;《転》癒やす | medicin:代替医療
暗	3	alud:ほのめかしの,暗示的な | obskur:《詩》=malluma（暗い）;=malklara（不明瞭な）;=nekonata（名もない） | tenebr:Profunda mallumo fizika au^ psika: «Romeo, Julieta k la tene
枝	3	branc^:枝;《転》枝,枝分かれ,支流,支線,部門 | rabd:Divenvergo. | verg:しなやかなむち
替	3	altern:交互の;交流の | dubl:［他］代役を務める,>>anstatau^i;（音声の）吹き替えをする,=voc^traduki | substitu:代用の,置き換えの
阶	3	gam:音階;全音域;《転》あらゆる段階,全範囲 | s^tup:階段状の;《転》段階的に | stadi:（発展の）段階,程度,時期;スタジオン（=約180m）;=stadiono
醉	3	ebri:酔った;《転》陶酔した | ekstaz:うっとりとした,有頂天になった | rav:うっとりするほどの,心を奪う,みごとな
扣	3	agraf:［他］ホックでとめる | buk:［他］バックルでとめる | buton:［他］（衣服の）ボタンをかける
滞	3	histerez:ヒステリシス曲線 | stagn:［自］（流れが）よどんでいる;《転》停滞している,とどこおる | staz:Malrapidig^o, iafoje g^is plena halto, de sangocirkulado, fl
片	3	lamen:薄片状の,薄片でできている,薄層をなす | pec:一片,一切れ,一つ;破片,断片;（機械などの）部品;（全体の中の）一部分,一品;（芸術）作品 | split:［他］へぐ,裂く
改	3	amend:［他］（法律・議案などを）修正する,改正する | korekt:訂正の;=>g^usta（正しい） | modif:［他］修正する,一部変更する
碱	3	alkal:アルカリの,=alkaleca | lesiv:［他］灰汁（あく）で洗う;（床や壁を）洗剤で洗う | sod:苛性ソーダ,=natria hidroksido
逃	3	dizert:［自］（軍から）脱走する | eskap:抜け穴 | fug^:［自］逃げる,逃走する,逃亡する,逃避する
唇	3	labi:（花冠の）上唇,下唇;唇形のもの | labial:唇音の | lip:唇の
共	3	komun:共通の,共有の,共同の;一般の,普通の | kun:いっしょの,同じ | sin:胸部;懐（ふところ）;胎内;《転》内奥;《転》胸の内
漆	3	lak:［他］ラッカーを塗る,漆（うるし）を塗る | urus^i:1 Sp. (Specio) de sumako (Rhus verniciflua) el mezvarma E Az | vernis:つや出しニス
妆	3	kosmetik:化粧法,美容術 | s^mink:［他］おしろいを塗る,化粧する,メークアップする | tualet:［自］身づくろいする;化粧する
命	3	fatal:宿命の,宿命的な,不可避の;悲運の,致命的な,破滅的な | sort:過酷な運命 | vital:生命の（※ふつうは viva を使う）
展	3	ekspon:［他］陳列する,=ekspozicii;露光する,露出する | ekspozici:（博物館などの）常設展示 | evolu:持続可能な発展,=dau^rigebla disvolvo
占	3	au^gur:［他］占う,予想する | okup:通常業務 | orakol:［自］神託を告げる
伞	3	ombrel:傘（かさ） | paras^ut:パラシュートの,落下傘の | umbel:散形花序
样	3	muestr:Aro elprenita el pli granda aro, la populacio, kun la celo r | sampl:Aro de observoj, rigardataj kiel estig^intaj lau^ stokasta m | specimen:植物標本
偷	3	klepto:? | marod:［他］（作物を）畑から盗む,（家禽を）農家から盗む | s^tel:盗んで;こっそりと,ひそかに
神	3	di:神の;神のような,この上なくすばらしい | numen:1 Tio, kio, je supernatura nivelo, kau^zas numenan staton. 2 | te:=nigra teo（紅茶）
后	3	aposterior:後天的,経験的,帰納的,><apriora | epi:? | post:その後まもなく
似	3	analog:類似の;相似の;アナログの,>>cifereca | oid:? | simil:よく似た,類似の;相似の
木瓜	3	cidoni:マルメロ | karik:パパイヤ（属）,>>papajo;=karekso（スゲ） | papaj:パパイア
贩	3	brokant:中古で（売買） | kolport:［他］行商する | s^akr:闇相場,闇値
弃	3	abandon:Ago, per kiu oni cedas al asekuristo la asekuritan objekton  | abnegaci:［他］（自己や栄華を）放棄する,犠牲にする,>>foroferi | rezign:［他］断念する,あきらめる,放棄する;辞職する,退任する
柿	3	diospir:G. (Genro) (Diospyros el ebonacoj) de c^. (c^irkau^) 475 sp- | kakinok:1 Sp. (Specio) de diospiro (Diospyros kaki), poligamia frukt | persimon:カキ;カキ（柿）
剪	3	c^izoj:Speco de fortika tondilo, por tranc^i el metalfolio, tondi l | stuc:［他］整枝する;トリミングする | tond:［他］（髪・羊毛などを）刈る,刈り込む
终	3	fin:幸せな結末,ハッピーエンド | final:フィナーレ,最終楽章,終曲;決勝戦,>>duonfinalo,>>kvaronfinalo | finis^:En sportaj konkursoj, la lasta fortostrec^o antau^ la alceli
约	3	kontrakt:正式の契約 | konvenci:取決めの;慣例の,慣習的な,因習的な | rendevu:［他］落ち合う,デートする;集合する,集結する
螺	3	helic:つるまき線,>>spiralo;スクリュー;プロペラ,=pelhelico | helik:カタツムリの;螺旋（らせん）状の,=spirala | s^rau^b:ねじの頭
显	3	aspekt:外見上 | evident:明白な,自明の | manifest:［他］明示する,表明する,態度に示す
开	3	apert:開いている;出入り自由な | inau^gur:開会演説 | s^alt:［他］スイッチを入れる
献	3	dedic^:［他］（努力・時間を）ささげる;（著書・楽曲を）献呈する;奉献する | konsekr:［他］奉献する,奉納する,ささげる;聖別する;聖変化させる,>>sanktigi | ofer:［他］（神に）ささげる,供える;犠牲にする,費やす;（人などに）ささげる,進呈する,>>dedic^i
权	3	au^toritat:権威のある | rajt:（〜aj 〜oj）私権 | suveren:主権の,主権を持つ;至上の,最高の
震	3	s^ok:ショッキングな,衝撃的な | seism:Tertremo. Sin. (sinonimo) sismo. | sism:=tertremo（地震）
罪	3	krim:計画的犯罪 | kulp:罪のある,過ちを犯した | pek:（la 〜）原罪,=prapeko
沟	3	kloak:下水道,下水管;《転》掃きだめ,巣窟（そうくつ）;総排出腔 | sulk:［他］（ひたいなどに）しわをよせる;さざなみを立てる | tranc^e:塹壕（ざんごう）;切通し;根切り
柔	3	mild:温和な,優しい,穏やかな,もの柔らかな | supl:《稀》=malrigida（柔軟な）,=fleksebla（しなやかな） | tener:優しい,愛情のこもった,>>karesema
插	3	insert:［他］接ぐ,差し込む;付着させる | interpol:［他］補間する,内挿する;（無断で）加筆する,改竄（かいざん）する | stik:［他］挿し木する
初	3	debut:デビュー作 | novic:（カトリックの）修練士;見習い僧;《転》初心者,新前,未経験者 | rudiment:初歩的な,基本の,未発達の;痕跡の
脊	3	first:棟瓦（むながわら） | raki:Vertebra kolumno. | spin:脊髄（せきずい）,=mjelo
网	3	ret:デレギート網 | retikul:1 Virina mansaketo. 2 Reta histo. | tenis:［自］テニスをする
利	3	favor:好意的な;有利な,好都合な | interez:利子,利息,金利,=rentumo;利潤 | profit:手に入るかもしれない利益
爬	3	grimp:［自］（sur）よじ登る;（山に）登る;（つる草が）はい上がる | krabl:《稀》［自］（カニ・クモなどが）はう,はい歩く,>>rampi | ramp:這う;匍匐性の;《転》卑屈な
等	3	egal:等しい,同等の;対等な,平等な;むらのない,一様な;どうでもよい | ekvivalent:水当量 | izo:?
抑	3	damp:［他］（音を）抑える,消す;（弦などの振動を）抑制する,止める | inhib:(tr (transitiva)) Malplifortigi, c^esigi au^ malhelpi procez | inhibici:［他］抑制する;（反応を）阻害する
虐	3	molest:《稀》［他］いじめる,虐待する,苦しめる,>>mistrakti,>>turmenti | tortur:［他］拷問する | turment:地獄の責め苦
凝	3	kaze:カード,凝乳（ぎょうにゅう） | koagul:［他］（血・牛乳などを）凝結させる,凝固させる | kondens:［他］凝縮させる;縮合させる;（光を）集める
座	3	ing:［他］（鞘などに）差し込む,はめる;入れ子にする | katedr:（教授の）席,講壇,講座;説教壇;司教座,法座 | tron:玉座の;王位の;王権の
蜂	3	abel:蜜蜂の,蜜蜂のような | cinip:G. (Genro) (Cynips) de himenopteroj, kiuj kau^zas gajlojn c^ | vesp:スズメバチ（雀蜂）（科の総称）;《般》（大型の）ハチ（蜂）,>>abelo
客	3	gast:［自］客になる;泊まる | klient:顧客,依頼人,患者;得意客,常連;（古代ローマの）クリエンテス（被保護平民） | pasag^er:（船・航空機などの）客室
奇	3	kurioz:珍しい,奇妙な,好奇心をそそる | mirakl:奇跡の,奇跡的な | strang:奇妙な,変な,不思議な,おかしい,異様な,>>bizara,>>kurioza,>>originala,>>ekstra
总	3	g^eneral:全般の,全体の;一般的な,普通の | sum:合計で,合わせて;=resume（要するに） | total:全体の,総計の,>>kompleta,>>tuta
舞	3	bal:舞踏会,ダンスパーティ | danc:アクロバットダンス | tang:［自］縦揺れ（ピッチング）する,>>rulig^i;タンゴを踊る
剃	3	barbir:［他］理髪する | raz:［他］〜の毛をそる | tonsur:［他］剃髪する
交	3	diplomat:外交官の;外交的な,駆け引きのうまい | koit:［自］交接する,性交する,=sekskunig^i | trafik:旅客交通,旅客輸送
烤	3	bak:［他］（パン，肉などを）焼く,（煉瓦，陶器などを）焼き固める | graten:［他］グラタンにする | rost:［他］焼く,あぶる,ローストする,煎る;《転》強い熱にさらす
变	3	krement:S^ang^i la valoron de variablo per konstanta diferenco: krem | s^ang^:抜本的な変更 | vari:変動する,変化に富んだ;多様な,種々の
洗	3	bapt:［他］洗礼を施す;《転》名付ける | deterg:(tr (transitiva)) Purigi per solvado au^ suspensiigo de la m | lav:［他］洗う,洗濯する,洗浄する,洗い落とす;清める
督	3	banus:Vicreg^o, komandanta en milito (en Hungario, Kroatio ks (kaj | prefekt:（国の任命する）知事,地方長官,>>guberniestro | vojevod:Titolo iam uzata en Balkanlandoj k Pollando k aplikata, lau^
渗	3	eksud:［自］にじみ出る,しみ出る | osmoz:浸透圧 | sufuz:(ntr (netransitiva)) (pp (se paroli pri) organisma likvo, pr
求	3	pet:しつこい要求 | petici:［他］請願する,=petskribi | postul:正当な要求
出	3	eksport:輸出の | el:=ekstere（外で） | emerg^:射出角
清	3	klar:澄みきった,明るい;明瞭（めいりょう）な,明白な | likvid:［他］清算する,決済する;整理する,処分する;解散する,解消する | net:正味の;（汚れやくずのつかない）きれいな,整った;清書の
礼	3	donac:贈り物として | etiket:礼儀作法にかなった | g^entil:礼儀正しい,丁寧な
庇	3	azil:避難所,社会福祉施設 | mecenat:文化・芸術の庇護者 | s^irm:防水布,（防水）シート
毒疮	3	furunk:せつ,ちょう,ねぶと | karbunkl:癰（よう）の,疔（ちょう）の | s^ankr:下疳（げかん）,>>ulcero
货	3	frajt:（積荷の）容積トン（1.13ｍ3） | karg:梱包（こんぽう）された貨物 | var:腐りやすい商品,生もの
区	3	distrikt:選挙区 | kvartal:中心街 | region:沿海地方
茶	3	kameli:チャ（茶，種）,=teo | mate:マテチャ;マテ茶 | te:=nigra teo（紅茶）
步	3	mars^:葬送行進曲 | pas^:同じ歩幅 | promen:［自］散歩する,散策する
打	3	bat:［他］打つ,たたく,殴る | dras^:［他］打穀する,脱穀する;《転》強くたたく | tajp:［他］タイプする
段	3	epizod:挿話的な,付随的な | etap:（軍隊の）宿営地,（周回競技の）休憩地;（一日の）行程,（一回の）走行区間;《転》段階,>>stadio | segment:［他］分節に分ける,分割する
梯	3	eskal:《稀》はしご,=s^tupetaro;（ストッキングの）伝線,=dismas^ig^o | lift:エレベーター,昇降機;（帆桁の）つり綱 | trapez:台形;ぶらんこ
源	3	etim:原義;原形 | genez:起源,発生 | origin:起源の,原初の,元来の
奸	3	adult:［自］密通する,不義を犯す,不貞を働く;（偶像崇拝などで）神にそむく | kokr:［他］（〜の配偶者と）密通する,（〜の配偶者を）寝取る | stukac^:(fm (familiara, familiare)) Homo, kiu denuncas siajn kamarad
晕	3	areol:1 Mallarg^a areo c^irkau^ punkto au^ centro: la areolo de ak | halo:銀河ハロー | vertig^:［自］めまいがする,=senti kapturnon
十	3	decimal:十進法の,=dekuma | dek:十番目の | deka:?
防	3	defend:防御の;弁護の | prevent:公害防止協定 | profilaktik:予防の
汇	3	kambi:［自］手形を割引く | konverg^:集中の | trat:［自］為替手形を振出す
实	3	pragmat:実際的な,実用主義的な | real:疑いのない現実 | reel:(pp (se paroli pri) nombro) Estanta limeso de racionalaj nom
烟	3	cigared:たばこの吸い殻 | fum:［自］煙を出す,喫煙する;［他］（たばこ類を）吸う | tabak:たばこ（煙草）;タバコ,=nikotiano
郁	3	melankoli:憂鬱な,ふさぎ込んだ,もの悲しい;鬱病の | splen:憂鬱な,鬱々とした,落ち込んだ | tulip:チューリップ（属）
痴	3	demenc:認知症,（古い言い方で）痴呆（ちほう） | imbecil:Homo kun inteligento-kvociento inter 60% k 40%: la imbeciloj | kreten:クレチン病患者;《転》大ばか
吞	3	fag:アメリカブナ（種） | fag^:Mll de bakteriofag^o. | glut:［他］飲み込む,飲み下す;《転》飲み込む,むさぼる
场	3	agor:Placo en la antikvaj helenaj urboj. Vd forumo. | plac:広場;空き地 | scen:強く心を打たれる場面
至	3	almenau^:? | g^is:(fm (familiara, familiare)) Diri « g^is (la revido)!» al iu: | solstic:至の
刻	3	gravur:［他］彫る,刻む,彫り込む,>>skulpti;《転》（心に）刻み込む | moment:（勝敗を分ける）決定的な瞬間 | noc^:［他］切れ込みを入れる,刻み目をつける
道	3	avenu:並木道,アベニュー;大通り | bulvard:（並木のある幅広い）大通り,ブールバール,>>aleo,>>avenuo | tao:?
块	3	blok:［他］（物を置いて）ふさぐ,さえぎる;=blokadi | grumel:Malgranda buleto, koagulig^inta en likvo: s^utante la faruno | parcel:（土地の）一区画,一筆（いっぴつ）
磷	3	fosf:（リンを意味する造語要素） | fosfo:Mll de fosforo, fosfato au^ fosfatamido en kelkaj tradiciaj  | fosfor:黄リン,白リン
否	3	neg:(tr (transitiva)) Nei 2: personoj kiuj konstante negadis la  | negativ:消極的な;否定的な;陰の;負の,Ｓ極の;負の;>>pasiva,><pozitiva | veto:［他］拒否権を行使する
句	3	fraz:例文 | propozici:状況副詞節 | vers:無韻の詩句
讲	3	lekci:［自］講義をする | predik:［他］（教えを）説く,説教する;《転》説き勧める | preleg:［自］講演する
猜	3	diven:［他］見抜く,言い当てる,推察する,>>konjekti,>>supozi;予知する,占う | konjekt:推測の,憶測に基づく | spekulativ:思弁的な,純理論的な
胀	3	inflaci:インフレーション,><deflacio | puf:ふくらんだ,ふくれた | turg:(pp (se paroli pri) c^elo, organo au^ korpoparto) S^vela pro
腐	3	putr:腐った | sapr:Neviva, organika materio. | seps:腐敗性の,敗血の
驾	3	koc^er:（馬車の）御者 | s^ofor:［他］（職業的に）運転する,>>stiri | stir:制御文字
病	3	morb:症候群 | pat:［自］（チェスで）ステールメイトである,手詰まりである | pati:Kn (Kolektiva nomo) de malsanoj, trafantaj la saman organon,
竞	3	konkur:競争的な | konkurenc:［自］競争する,競合する | konkurs:芸術コンクール
许	3	lic:［自］《稀》=esti permesata（許されている） | licenc:［他］認可する,免許を与える | permes:［他］許す,許可する,容認する;（状況が）許す,可能にする
喂	3	he:? | ho:? | hoj:［他］おーいと呼びかける
瘫	3	pane:停電 | paraliz:小児麻痺,=poliomjelito | plegi:Paralizo (suf-e (sufikse) uzata): ganglioplegia k neu^ropleg
化	3	h^emi:=kemio（化学） | id:子ども;子孫（一人）;《転》信奉者,弟子 | iz:?
类	3	analogi:類推に基づいた | kategori:文法範疇 | klasifik:植物分類
狱	3	gehen:地獄;《転》苦難の地 | infer:地獄の,地獄のような,すさまじい | prizon:=malliberejo（刑務所）,>>karcero
高	3	alt:高い;高貴な,高級な | altitud:標高,海抜,=absoluta alteco | hips:?
枣	3	daktil:ナツメヤシ;長短短格,強弱弱格 | jujub:ナツメ;（ナツメの香りを付けた）キャンデー,ゼリー | zizif:ナツメ（属）,>>jujubarbo
亮	3	bril:輝かしい | hel:明るい,晴れやかな,>>luma,>>brila;（色が）明るい,薄い,>>pala;（音が）澄んだ | leu^cin:Aminacido, CH 3-CH 2-CH(CH 3)-CH(NH 2)-COOH; simb. (simbolo)
渴	3	aspir:［他］熱望する,あこがれる | dipso:? | soif:のどの渇いた;渇望している
蟹	3	krab:カニ（類）（蟹） | limul:カブトガニ | pagur:ヤドカリ（宿借）
瓶	3	botel:びんビール | flakon:（香水などの）小びん;フラスコ | karaf:カラフ（食卓用のガラスびん）,水差し
灾	3	katastrof:鉄道の大事故 | plag:［他］（神が）天罰を下す;《転》荒廃させる | sinistr:Okazaj^o (incendio, inundo, s^ippereo ks (kaj simile, kaj si
灰	3	cindr:（火山の）噴煙 | griz:灰色の,ねずみ色の;白髪まじりの;どんよりした,陰気な | kalk:消石灰
多	3	mult:多くの,多数の,多量の,たくさんの | plur:? | poli:?
才	3	apenau^:ほんのわずかの,わからないほどの | geni:天才的な | talent:円熟した才能
含	3	implic:［他］暗に含める,含意する,暗に示す | inklud:含んだ,=inkluziva | inkluziv:含んだ,=inkluda
效	3	efekt:効果的な,はでな | efik:効果のある,効き目のある,有効な | valid:有効な,効力のある,通用する
裁	3	arbitraci:仲裁裁判所 | tajl:［他］（形を整えて）切る,削る,カットする,切り抜く;裁断する | tajlor:［他］仕立てる
淡	3	fad:［自］フェージングする | flegm:無感動な,冷淡な;冷静な,落ち着きはらった | pas^tel:パステルカラー
尖	3	apeks:1 Konusforma ekstremaj^o de organo: la kora, petra apekso (a | kuspid:(cuspis) Pinta elemento, ekz. (ekzemple) de dentoj (molaroj  | pint:先端の,頂点の;先のとがった
犬	3	dog:マスチフ;《転》大型の番犬,>>buldogo | hund:忠犬 | kanis:G. (Genro) (Canis) de mamuloj el la subordo de rabobestoj, a
诱	3	indukt:電磁誘導 | log:［他］気を引く,（心を）引き付ける,魅惑する;誘う,おびき寄せる | tent:誘うような,そそのかす,気をそそる
公	3	just:正しい,正義の;正当な,合法的な;公正な,公平な | public:［他］（政治的・社会的問題について）新聞雑誌に発表する | publik:一般大衆,世間一般
垂	3	perpendikl:垂直の;=orta（直角の） | perpendikular:垂直な,=perpendikla | ptoz:Malaltig^o de organo pro malstrec^ig^o de g^iaj subtenaj rim
突	3	impet:勢いのある,衝動的な | sturm:［他］突撃する,襲撃する,=kurataki | subit:突然の,不意の,急な
哀	3	kondolenc:哀悼の,お悔みの | lament:嘆きの,悲嘆の | ve:［自］嘆き声をあげる
二	3	bi:? | di:神の;神のような,この上なくすばらしい | du:第二の,二番目の
素	3	element:初歩的な,基本的な,>>baza,>>fundamenta;元素の,要素の | vegan:=vegetaj^ano（完全菜食家） | vegetar:菜食の
优	3	avantag^:有利な,得な | elit:エリートの,選り抜きの | optimum:最適条件
