root	kanji	band	gloss
liber	自由	basic	{Ｂ}自由な;独立の,束縛されない,免れた;ひまな,空いている,広々した
pan	面包	basic	{Ｂ}【料】パン,食パン;《転》糧（かて）,食糧
buter	黄油	basic	［他］バターをぬる
kruc	十字	basic	十字架の;十字形の
ekonomi	经济	basic	経済上の;経済的な
ekonomik	经济	basic	経済学的
fojn	干草	basic	［自］刈り草を乾かす
pip	烟斗	basic	{Ｂ}（喫煙用）パイプ,きせる（煙管）
roman	小说	basic	小説の
kravat	领带	basic	{Ｂ}【服】ネクタイ
ber	浆果	basic	{Ｂ}（イチゴ・ブドウなど汁気の多い）実;【植】液果
karot	胡萝卜	basic	{Ｂ}【植】ニンジン（人参）
menton	下巴	basic	下あごの
pasport	护照	basic	旅券の
stal	马棚	basic	{Ｂ}厩舎,畜舎,家畜小屋;馬小屋,うまや
viol	紫花	basic	スミレの;=violkolora（すみれ色の）
fulg	烟灰	basic	［自］すすける
oliv	橄榄	basic	{Ｂ}【果】オリーブ
ort	直角	basic	【数】直角の
uragan	暴风	basic	暴風の;《転》嵐のような,激しい
tempest	暴风	basic	{Ｂ}暴風雨;【気】暴風（風力階級11）,>>s^tormo,>>uragano
tribunal	法院	basic	{Ｂ}【法】裁判所;《転》法廷,裁きの場,>>jug^ejo
seraf	天使	pejvo	{Ｏ}【聖】セラピム;【キ】セラフィム,熾天使（してんし）（最高位の天使）
benzin	汽油	basic	{Ｂ}ガソリン;【化】ベンジン
cement	水泥	basic	［他］セメントで固める;《転》強固にする
fizik	物理	basic	物理学の,物理的な;物質的な;肉体的な
gant	手套	basic	［他］手袋をはめる
respublik	共和	basic	{Ｂ}【政】共和国;共和制
vakcin	疫苗	basic	予防接種の,ワクチンの
kemi	化学	basic	{Ｂ}化学
kret	白石	basic	白亜質の
nerv	神经	basic	神経の;=nervoza（神経質な）
pretekst	借口	basic	［他］口実にする,かこつける
proz	散文	basic	散文の;《転》散文的な,平凡な,面白味のない,>>banala,>>plata
pulv	火药	basic	{Ｂ}火薬
tropik	热带	basic	回帰線の;熱帯の
balbut	结巴	basic	{Ｂ}［自］どもる
cign	天鹅	basic	{Ｂ}【鳥】ハクチョウ（白鳥）;《転》詩聖
piknik	野餐	basic	［自］野外で食事する
matematik	数学	basic	数学の,数学的な
minimum	最小	basic	最小の,最少の,最低の
palpebr	目皮	basic	{Ｂ}まぶた;【解】眼瞼（がんけん）;《転》目
palt	大衣	basic	{Ｂ}【服】オーバー,外套（がいとう）,防寒コート,>>surtuto
pantofl	拖鞋	basic	{Ｂ}スリッパ,室内ばき,>>babus^o
pap	教皇	basic	教皇の,法王の
pensi	养老	basic	［他］年金を支給する
rafan	萝卜	basic	{Ｂ}【植】ダイコン（大根）（種）;【植】ダイコン（属）
rap	萝卜	pejvo	{Ｏ}【植】カブ,カブラ（蕪）（種）
uniform	制服	basic	制服の,そろいの
livre	制服	pejvo	{Ｏ}（従僕などの）仕着せ,そろいの服,制服
aven	燕麦	basic	{Ｂ}【植】カラスムギ（烏麦）（属）;【植】エンバク（燕麦）,オートムギ
bet	甜菜	basic	{Ｂ}【植】ビート,テンサイ（甜菜）,サトウダイコン（砂糖大根）
bifstek	牛排	basic	{Ｂ}【料】ビーフステーキ,>>sanga,>>mezrostita,>>trarostita
dot	嫁妆	basic	持参金の
gramatik	语法	basic	文法上の
helikopter	直升机	basic	{Ｂ}【空】ヘリコプター,>>au^togiro
jubile	庆典	basic	記念祭の
kirurg	外科	basic	{Ｂ}外科医
kirurgi	外科	basic	{Ｂ}【医】外科学,外科
klimat	气候	basic	{Ｂ}気候;風土
lili	百合	basic	{Ｂ}【植】ユリ（属）（百合）
maiz	玉米	basic	{Ｂ}【植】トウモロコシ（種）;トウモロコシの実
palat	口顶	basic	口蓋の
fajenc	陶土	basic	{Ｂ}陶土;=fajencaj^o
fasad	正面	basic	{Ｂ}【建】（建物の）正面,ファサード;【情】ユーザーインターフェース,>>interfaco
fe	妖精	basic	妖精の;《転》夢のように美しい
fig	无花果	basic	{Ｂ}【果】イチジク
fluid	流体	basic	流体の;流動性のある
fontan	喷泉	basic	{Ｂ}噴水;噴水装置
fotel	扶椅	basic	{Ｂ}肘掛け椅子,=brakseg^o
frak	燕尾	basic	{Ｂ}【服】燕尾服（えんびふく）
funel	漏斗	basic	{Ｂ}じょうご,ろうと（漏斗）;漏斗形のもの
gelaten	明胶	basic	{Ｂ}【化】ゼラチン
girland	花环	basic	［他］花飾りで飾る,花飾りに編む
feston	花环	pejvo	［他］花綱で飾る;【服】スカラップをつける
grip	流感	basic	{Ｂ}【病】インフルエンザ
gudr	焦油	basic	［他］タールを塗る
hangar	棚库	basic	{Ｂ}【空】格納庫;納屋,上屋,倉庫
hektar	公顷	basic	{Ｂ}【単】ヘクタール,=cent aroj
instanc	审级	basic	{Ｂ}裁決機関,当局,官公庁;【法】審級
interpelaci	质询	basic	{Ｂ}［他］【政】（議会で大臣に）質問する,説明を求める
invalid	残疾	basic	{Ｂ}廃疾者,（傷病による）就労不能者
jug	束缚	basic	［他］くびきにつける;束縛する;隷属させる
kahel	瓷砖	basic	［他］タイルを張る
kakt	仙人掌	basic	{Ｂ}【植】サボテン（科）
karnaval	狂欢	basic	{Ｂ}カーニバル,謝肉祭
kolonel	上校	basic	{Ｂ}【軍】（陸軍・空軍の）大佐;連隊長,>>veselkapitano
komisar	专员	basic	{Ｂ}【政】委員;役員,幹事;【史】（旧ソ連の）人民委員
konkord	和合	basic	和合した,一致した
konsul	领事	basic	{Ｂ}領事;【史】（ローマの）執政官
kontest	异议	basic	{Ｂ}［他］異議を唱える
konval	铃兰	basic	{Ｂ}【植】スズラン（属）（鈴蘭）,>>majfloro
kurent	电流	basic	{Ｂ}【電】電流
laboratori	实验室	basic	{Ｂ}研究室,実験室;研究所,試験所
lacert	壁虎	basic	{Ｂ}【動】トカゲ（類）;【動】コモチカナヘビ（属）
lantern	灯笼	basic	{Ｂ}角灯,ランタン,カンテラ,ちょうちん;【建】（明かり採りの）頂塔;（灯台頂部の）灯火室
larv	幼虫	basic	{Ｂ}【虫】幼虫;【動】幼生,>>imagino
latun	黄铜	basic	真ちゅうの
tombak	黄铜	pejvo	{Ｏ}【化】トムバック,人造金（銅と亜鉛の合金）;《転》（安っぽい）模造品
limak	蜗牛	basic	ナメクジの;《転》のろのろした
lin	亚麻	basic	{Ｂ}【植】アマ（属）（亜麻）
lokomotiv	机车	basic	{Ｂ}【鉄】機関車
longitud	经度	basic	{Ｂ}【地理】経度,>>latitudo
lubrik	润滑	basic	{Ｂ}［他］（機械に）油をさす,注油する
majest	庄严	basic	{Ｂ}威厳のある,堂々とした
maleol	脚腕	basic	{Ｂ}【解】くるぶし（踝）;=piedartiko（足首）
marmelad	果酱	basic	{Ｂ}【料】マーマレード,ジャム（果肉を煮つぶしたもの）,>>konfitaj^o
metalurgi	冶金	basic	{Ｂ}冶金（やきん）業,冶金術;冶金学
muzel	口鼻	basic	{Ｂ}（動物の）鼻づら
najtingal	夜莺	basic	{Ｂ}【鳥】ナイチンゲール,サヨナキドリ（小夜鳴鳥）
oficir	军官	basic	{Ｂ}【軍】士官,将校
oper	歌剧	basic	オペラの
orator	演说	basic	弁論の,雄弁な
oval	椭圆	basic	{Ｏ}卵形線の;卵形の,=ovoforma
elips	椭圆	pejvo	{Ｏ}【Ｇ】（語の）省略;【数】楕円（だえん）
pav	孔雀	basic	［自］（クジャクが）尾羽を広げる;《転》気取って歩く
pekl	盐浸	basic	{Ｂ}［他］【料】塩漬けにする
pice	云杉	basic	{Ｂ}【植】トウヒ（唐檜）（属）
pilot	领航	basic	［他］【空】操縦する;【海】水先案内する
pland	足底	basic	{Ｂ}足の裏;=plandumo（靴底）
platan	悬铃木	basic	{Ｂ}【植】プラタナス,スズカケノキ（篠懸の木）（属）
plural	复数	basic	{Ｂ}【Ｇ】複数,=plurnombro,>>singularo
profet	先知	basic	預言の
prolet	无产	basic	プロレタリアの
proletari	无产	basic	{Ｂ}=proleto（プロレタリア）
punt	花边	basic	レースの,レースのついた
radiator	散热	basic	{Ｂ}【機】ラジエーター,放熱器（暖房装置や自動車エンジンの冷却器）
reakci	反应	basic	反動的な;反動の,反応の
reflekt	反射	basic	【理】反射の
refleks	反射	pejvo	【生】反射
rib	醋栗	basic	{Ｂ}【植】スグリ（酸塊）（属）;《般》スグリの実（特にフサスグリの類を指す）,>>groso
gros	醋栗	pejvo	{Ｏ}【植】=grosujo;【果】グーズベリーの実,（セイヨウ）スグリの実,>>ribo
satir	讽刺	basic	風刺的な,風刺のきいた
sciur	松鼠	basic	{Ｂ}【動】リス（栗鼠）（科の総称）
sekal	黑麦	basic	{Ｂ}【植】ライムギ（属）;ライ麦（穀物）
senat	上院	basic	上院の;参議院の
sled	雪车	basic	［自］そりで行く
lug^	雪车	pejvo	［自］【運】リュージュですべる,>>glitveturi
sorg	高粱	basic	{Ｂ}【植】モロコシ（蜀黍）（属）;《般》コウリャン（高粱）
spinac	菠菜	basic	{Ｂ}【植】ホウレンソウ（菠薐草）（属）
spong	海绵	basic	［他］スポンジでふく
stadion	赛场	basic	{Ｂ}スタジアム,競技場
stamen	雄蕊	basic	{Ｂ}【植】おしべ,雄蕊（ゆうずい）,>>pistilo
strig	猫头鹰	basic	{Ｂ}【鳥】フクロウ（梟）（の類）
strut	鸵鸟	basic	ダチョウの;《転》危険を直視しない
subtil	精细	basic	{Ｂ}微細な;微妙な,とらえ難い;（感覚の）鋭敏な,繊細な
susur	沙响	basic	{Ｂ}［自］さらさら鳴る,かさかさ音を立てる
tapet	壁纸	basic	［他］壁紙・壁布を張る
torent	激流	basic	急流の,急流のような;《転》激しい,ほとばしる
tragik	悲剧	basic	{Ｂ}悲惨な,悲劇的な,=tragedia
traktat	条约	basic	{Ｂ}【政】条約;=>traktaj^o（論文）
tram	电车	basic	{Ｂ}路面電車,市街電車（車両）,=tramveturilo;《古》=tramrelo（路面電車レール）
trumpet	小号	basic	［自］らっぱを吹く,トランペットを吹く;=distrumpeti
viadukt	旱桥	basic	{Ｂ}（谷などに渡された）陸橋,高架橋,=valponto
vulkan	火山	basic	火山の,火成の;《転》（気性などが）激しい
vultur	秃鹰	basic	{Ｂ}【鳥】コンドル（種）,=kondoro;《般》ハゲタカ（禿鷹）（ハゲワシ類、コンドル類の通称）;《転》強欲な人
spor	胞子	pejvo	【生】胞子
arbust	灌木	pejvo	{Ｏ}低木,小低木;【植】小低木
risort	弹簧	pejvo	ばね仕掛けの,ばねの利いた
galaksi	星系	pejvo	銀河の,銀河系の
korol	花冠	pejvo	{Ｏ}【植】花冠（かかん）,=petalaro
malt	麦芽	pejvo	{Ｏ}（醸造用の）麦芽,モルト
optik	光学	pejvo	光学の;視覚の
mer	链节	pejvo	【化】【PIV】Baza, ripetig^anta kemia radiko, konsistaj^o de pl
gips	石膏	pejvo	［他］石膏を塗る,漆喰を塗る
kard	刺草	pejvo	［他］【織】（繊維を）すく,カーディングする
ser	血清	pejvo	【生】血清,>>serumo
argil	粘土	pejvo	{Ｏ}粘土,陶土,>>potargilo
kvantum	量子	pejvo	【理】量子の
jon	离子	pejvo	【理】イオン
ion	离子	piv	【PIV】(evi (evitinda)) = jono.
mobil	挂饰	pejvo	【PIV】Artaj^o el plaketoj, ekvilibre pendantaj de dratoj k 
ozon	臭氧	pejvo	{Ｏ}【化】オゾン
cilindr	圆柱	pejvo	円筒形の,円柱状の;シリンダーの
daten	数据	pejvo	【情】データ,=datumo
datum	数据	pejvo	【情】データ,=dateno
ferdek	甲板	pejvo	{Ｏ}【海】甲板,デッキ;上甲板
menstru	月经	pejvo	{Ｏ}［自］【医】月経がある,（俗に）生理がある
fokus	焦点	pejvo	焦点の
episkop	主教	pejvo	{Ｏ}【キ】（カトリックの）司教,（ギリシア正教・英国国教会の）主教,（プロテスタントの）監督
ekvaci	方程	pejvo	{Ｏ}【数】方程式
patent	特许	pejvo	［他］特許を与える
koncesi	特许	pejvo	［他］【法】（利権を）委譲する,払い下げる,認可する
gist	酵母	pejvo	酵母（菌）,イースト,パン種,>>fermentaj^o
sperm	精液	pejvo	{Ｏ}【生】精液
c^ur	精液	piv	【PIV】(fm (familiara, familiare)) Spermo: diss^prucigante c
kurier	信使	pejvo	{Ｏ}急使;【史】飛脚;【遊】（チェスの）ビショップ,（将棋の）角行（角）
dinam	发电	pejvo	【機】【電】発電機,>>generatoro
generator	发电	pejvo	【電】発電機;【理】起電機
beton	混凝	pejvo	［他］コンクリートで固める
kotiledon	子叶	pejvo	子葉の
logaritm	对数	pejvo	対数の
pedal	踏板	pejvo	［他］（〜の）ペダルを踏む
tau^r	牡牛	pejvo	《稀》雄牛,種牛,=virbovo;【動】ウシ（種）
organik	有机	pejvo	{Ｏ}有機物の;【化】有機の
invest	投资	pejvo	［他］【経】投資する;《古》=investituri（任命する）
ikon	圣像	pejvo	【キ】（ギリシア正教の）聖画像,イコン,=sanktfiguro
hidrat	水合	pejvo	水和した
boks	拳击	pejvo	{Ｏ}［自］【運】拳闘する
soj	大豆	pejvo	【植】ダイズ（大豆、マメ科の植物）,=sojfabujo;【植】=sojfabo（大豆の種子）;【料】=sojsau
glicin	大豆	pejvo	【植】ダイズ属;【化】グリシン（アミノ酸の一）;【化】グリシン（写真現像用薬品）
protein	蛋白	pejvo	{Ｏ}【化】タンパク質
mikrob	细菌	pejvo	{Ｏ}【生】微生物,>>bakterio,>>protozoo,>>viruso
greft	嫁接	pejvo	［他］【園】接ぎ木する;【医】移植する
migdal	扁桃	pejvo	{Ｏ}【果】アーモンド
tonsil	扁桃	pejvo	{Ｏ}【解】扁桃腺（へんとうせん）
koeficient	系数	pejvo	{Ｏ}【数】係数;【理】率,係数,>>faktoro
tiroid	甲状	pejvo	甲状腺の
tire	甲状	piv	【解】【PIV】Tireoido (en kunmetaj^oj): tireoaritenoida (muskol
parazit	寄生	pejvo	寄生の
vor	贪食	pejvo	=mang^egi（むさぼり食う）
bazidi	担子	piv	【植】【PIV】Cilindra, klabforma au^ ronda funga c^elo au^ anka
mit	神话	pejvo	神話の,神話的な;《転》架空の
tank	战车	pejvo	{Ｏ}【軍】戦車,タンク
konvulsi	抽风	pejvo	けいれん性の,発作的な;引きつったような
jamb	抑扬	pejvo	短長格の;弱強格の,抑揚格の
marmor	大理石	pejvo	大理石の;大理石模様の;=marmoreca
pale	内壳	pejvo	【植】【PIV】(pp (se paroli pri) spiketo de la poacoj) Supra gl
diurez	多尿	piv	【医】【PIV】Abunda urinekskrecio.
filik	羊齿	pejvo	{Ｏ}【植】シダ（羊歯）
kojl	结肠	pejvo	【解】結腸,>>dika intesto
ortodoks	正统	pejvo	{Ｏ}正統の,正統的な,伝統的な;【キ】東方正教会の
benzo	安息香	pejvo	【薬】安息香
evangeli	福音	pejvo	福音の,福音の教えにかなった;福音主義の,プロテスタントの
ald	中音	pejvo	{Ｏ}【楽】アルト,=kontralto;=aldoviolono（ビオラ）
mutaci	突变	pejvo	［自］突然変異する
s^into	神道	pejvo	【宗】（日本の）神道
centrifug	离心	pejvo	【理】遠心の,><centripeta
ameb	变形虫	pejvo	アメーバの
dogm	教条	pejvo	【宗】教義上の;《転》独断的な,有無を言わせない
sterol	固醇	piv	【化】【PIV】(kn (kolektiva nomo)) Steroido kun alkohola grupo:
masturb	手淫	pejvo	［他］（人に）手淫を行う
kvot	报价	pejvo	［他］【経】値をつける
spasm	抽筋	pejvo	けいれんの,けいれん性の;《転》発作的な
kramf	抽筋	pejvo	{Ｏ}【医】（痛みをともなう、筋肉の）けいれん（痙攣）,こむらがえり,>>spasmo,>>konvulsio
kari	蛀牙	pejvo	カリエスの;虫歯の
rekrut	征募	pejvo	［他］=>rekrutigi（徴募する）
koordinat	坐标	pejvo	【数】座標;【地理】経緯度
bufr	缓冲	pejvo	［他］【鉄】緩衝器でぶつかる;【化】緩衝液で処理する
ment	薄荷	pejvo	{Ｏ}【植】ハッカ（属）（薄荷）,ミント
unit	单位	pejvo	【学】単位,=unuo
kardinal	枢机	pejvo	{Ｏ}【カ】枢機卿
sintaks	句法	pejvo	統語論の;構文上の
troke	扬抑	pejvo	長短格の;強弱格の,揚抑格の
diktator	独裁	pejvo	独裁者の
parok	堂区	pejvo	小教区の
paroh^	堂区	pejvo	{Ｏ}=paroko（小教区）
fluks	通量	pejvo	【理】束（そく）,流束
gol	球门	pejvo	【運】ゴール（すること）,得点
galant	殷勤	pejvo	（女性に）親切な
pub	耻骨	pejvo	{Ｏ}【解】恥骨部;恥部,陰部
pubi	耻骨	piv	【解】【PIV】(os pubis) Antau^a parto de la koksosto. Sin. (sin
tetra	野鸡	pejvo	{Ｏ}【鳥】エゾライチョウ（蝦夷雷鳥）（種）,=bonazio
fazan	野鸡	pejvo	{Ｏ}【鳥】キジ（雉）（科の総称）
hipnot	催眠	pejvo	催眠性の;催眠術の
protez	假肢	pejvo	【医】人工装具の,補綴した
ure	尿素	pejvo	【化】尿素
aken	瘦果	piv	【植】【PIV】1 (ss (striktasence)) Seka frukto (precipe de la a
steril	不育	pejvo	不毛の,実りのない;（植物が）不稔の,実のならない;（人・動物が）不妊の,子ができない;【医】無菌の,滅菌した
ergot	麦角	pejvo	【植】麦角（ばっかく）;【鳥】蹴爪（けづめ）,=krurungo
iris	虹膜	pejvo	{Ｏ}【解】虹彩
reaktor	反应堆	pejvo	【化】反応装置;【理】原子炉;【空】ジェットエンジン,=reakcimotoro
ebur	象牙	pejvo	象牙の,象牙のような
korpus	军团	pejvo	{Ｏ}【軍】軍団
gajl	树瘤	pejvo	{Ｏ}【植】虫こぶ,ふし,没食子（もっしょくし）
admiral	提督	pejvo	{Ｏ}【軍】海軍大将,提督;海軍将官
idol	偶像	pejvo	{Ｏ}【宗】偶像,神像;《転》崇拝の的,アイドル
bankrot	破产	pejvo	{Ｏ}［自］【法】破産する;《転》破産する
asfalt	沥青	basic	［他］アスファルトで舗装する
pec^	沥青	pejvo	ピッチの,ピッチを塗った
bitum	沥青	pejvo	［他］瀝青で舗装する
cim	臭虫	pejvo	{Ｏ}【虫】ナンキンムシ（南京虫）;カメムシ（亀虫）の類
enzim	酵素	pejvo	【化】酵素
spontan	自发	pejvo	自発的な,自然に起こる,=spontanea
spontane	自发	pejvo	{Ｏ}自発的な,自然に起こる,自然発生的な;【植】自生の
au^tonom	自治	pejvo	{Ｏ}【政】自治の
au^tonomi	自治	pejvo	自立,自律性;=au^tonomeco
opi	鸦片	pejvo	{Ｏ}【化】アヘン（阿片）
teba	鸦片	piv	【PIV】(ark. (arkaismo, arkaisme)) Rilata al opio: tebaa pre
hemoragi	出血	pejvo	【医】出血性の
bilard	台球	pejvo	［自］ビリヤードをする
skerm	击剑	pejvo	{Ｏ}［自］フェンシングをする;剣術をする
inkandesk	白热	pejvo	【理】白熱の,白熱した
tan	制革	pejvo	{Ｏ}［他］（皮を）なめす;《転》打ちすえる
raket	火箭	pejvo	［自］（ロケットのように）飛び出す;噴き出る,わき出る
vektor	矢量	pejvo	【数】ベクトル,>>skalaro
impertinent	放肆	pejvo	{Ｏ}無礼な,厚かましい,生意気な
fok	海豹	pejvo	{Ｏ}【動】ゴマフアザラシ（属）;《般》アザラシ
krit	临界	pejvo	【理】臨界の,=sojla
difrakt	衍射	pejvo	［他］（光や波を）回折させる
niel	乌银	pejvo	［他］ニエロ象眼を施す
vulv	外阴	pejvo	陰門の,外陰部の
torped	鱼雷	pejvo	［他］【軍】魚雷攻撃する
sifilis	梅毒	pejvo	梅毒の
globin	珠蛋白	piv	【化】【生】【PIV】(kn (kolektiva nomo)) Globforma proteino, kombi
kanajl	恶棍	pejvo	{Ｏ}ごろつき,悪党
retin	网膜	pejvo	{Ｏ}【解】網膜
s^elk	背带	pejvo	{Ｏ}【服】ズボンつり,サスペンダー
s^akt	竖井	pejvo	【鉱】立て坑;（井戸のような）縦穴;【建】エレベーター通路
hidrau^lik	液压	pejvo	水力の;油圧の,水圧の;水硬性の
dizel	柴油	pejvo	【機】ディーゼル機関
duel	决斗	pejvo	［自］決闘する,果たし合いをする
grenad	手雷	pejvo	{Ｏ}【軍】擲弾（てきだん）,>>obuso;手榴弾（しゅりゅうだん）,=mangrenado
tromb	龙卷	pejvo	{Ｏ}【気】（水上の）竜巻;【医】血栓,>>embolo
fraj	鱼卵	pejvo	［自］【生】産卵する,>>ovumi
koktel	鸡尾酒	pejvo	【料】カクテル（酒）
trot	小跑	pejvo	{Ｏ}［自］（馬などが）速歩（はやあし）で駆ける,だくを踏む,>>ambli,>>galopi;（人が）ちょこまか歩
papaj	木瓜	pejvo	【植】パパイア
karik	木瓜	pejvo	【植】パパイヤ（属）,>>papajo;【植】=karekso（スゲ）
cidoni	木瓜	pejvo	{Ｏ}【植】マルメロ
siring	丁香	pejvo	{Ｏ}【植】ライラック,ハシドイ（属）
kariofil	丁香	pejvo	{Ｏ}【料】チョウジ（丁子）,クローブ
improviz	即兴	pejvo	即興で,即席で,アドリブで,>>senprepare
reu^mat	风湿	pejvo	【医】【PIV】Dolora kongesto, precipe c^e la artikoj.
apelaci	上诉	pejvo	{Ｏ}［自］訴える,>>alvoki;【法】控訴する,上告する
frivol	轻浮	pejvo	{Ｏ}軽はずみな,不まじめな;くだらない,つまらない
skist	片岩	pejvo	片岩の,片状の
ovari	卵巢	pejvo	【解】卵巣;【植】子房
endemi	地方	pejvo	ある地方に特有な;【医】風土病の
prud	假正	pejvo	とりすました,貞淑ぶった,かまととの
dok	船渠	pejvo	{Ｏ}【海】ドック,船渠
herez	异端	pejvo	異端の;異説の
marn	泥灰	pejvo	［他］【農】（畑に）泥灰土を施す
spark	火花	pejvo	【電】スパーク,電気火花
kompas	罗盘	pejvo	{Ｏ}【海】羅針盤,コンパス
hipokrit	伪善	pejvo	偽善の
diabet	糖尿	pejvo	糖尿病の
kancelari	办公	pejvo	{Ｏ}【政】官房;（大使館などの）事務局,記録保管室
krep	皱绸	pejvo	{Ｏ}【織】クレープ,縮緬（ちりめん）,縮み
prognoz	预测	pejvo	［他］予想する,予測する,予報する;【医】予後を判定する
trake	气管	pejvo	【解】気管,>>bronko;【虫】気管;【植】導管;=trah^eo
trah^e	气管	pejvo	{Ｏ}【解】気管,>>bronko;【虫】気管;【植】導管;=trakeo
vagin	阴道	pejvo	{Ｏ}【解】膣（ちつ）,ワギナ
orden	修会	pejvo	［他］叙勲する
plastid	质体	piv	【生】【植】【PIV】Organeto de vegetaj^aj c^eloj, kun duobla membr
privilegi	特权	pejvo	特権の,特権を有する
permitiv	介电	pejvo	【理】誘電率
dielektrik	介电	pejvo	【理】誘電の,誘電性の
fisk	国库	pejvo	国庫の;国税の
tar	皮重	pejvo	風袋（ふうたい）（包装容器の重量）
tartr	酒石	pejvo	【化】酒石;【医】歯石,=dentos^tono
indig^en	土著	pejvo	土着の;【生】自生の
algebr	代数	pejvo	{Ｏ}代数学
skab	疮疤	piv	【植】【PIV】Plantmalsano, kau^zata de iuj bakterioj k fungoj, 
sugesti	暗示	pejvo	（催眠術的な）暗示の,暗示にかける
fluoresk	荧光	pejvo	蛍光の
kript	墓窖	pejvo	地下墓室の
kulot	短裤	pejvo	【服】半ズボン;【史】キュロット（ぴったりした膝丈の半ズボン）
s^ort	短裤	piv	【服】【PIV】Mallonga kuloto, plejofte el tolo, nilono ks (kaj 
pirat	海盗	pejvo	海賊の
sifon	虹吸	pejvo	サイフォンの
hamstr	仓鼠	pejvo	［他］（大量に）ため込む,買いだめする
eksponent	指数	pejvo	【数】指数
kil	龙骨	pejvo	{Ｏ}【海】キール,竜骨
karen	龙骨	pejvo	竜骨形の
kanonik	会士	pejvo	{Ｏ}【キ】教会参事会員
marc^and	讲价	pejvo	{Ｏ}［自］値切る,値引き交渉する
fondus	基金	pejvo	【経】基金,財団,=fondaj^o
sukur	急救	piv	【医】【PIV】(tr (transitiva)) Doni la unuan helpon k flegon al
stres	压力	piv	【生】【心】【PIV】1 Akuta fiziologia k psikologia reago de vivulo
folklor	民俗	pejvo	{Ｏ}民俗,民間伝承,フォークロア;民俗学
duk	公爵	pejvo	{Ｏ}公爵,>>markizo,>>princo
zodiak	黄道	pejvo	黄道帯の
deprim	沮丧	pejvo	意気消沈させる
framason	共济会	pejvo	フリーメーソンの
uzur	高利	pejvo	高利の
agav	龙舌兰	pejvo	リュウゼツランの
hoke	曲棍球	pejvo	【運】ホッケー
lagun	泻湖	pejvo	{Ｏ}【地理】潟（かた）,潟湖（せきこ）;（環礁で囲まれた）礁湖
endokrin	内分泌	pejvo	【医】内分泌の,=sendukta
ezofag	食管	pejvo	{Ｏ}【解】食道
fuze	引信	pejvo	【軍】（砲弾の）信管
defi	挑战	pejvo	{Ｏ}［他］挑戦する,いどむ;公然と反抗する,平然と無視する,ものともしない
fuz	信管	pejvo	［自］【化】（火薬が）爆発せずに燃焼する
klostr	修院	pejvo	【建】（修道院の中庭を囲む屋根付きの）回廊;【キ】修道院
infloresk	花序	pejvo	【植】花序
metabol	代谢	pejvo	【生】物質代謝,物質交代
gangren	坏死	pejvo	［他］=gangrenigi（壊疽に陥らせる）
kast	种姓	pejvo	{Ｏ}（インドの）カースト;《転》世襲的社会階級,身分
kateh^iz	教理	pejvo	{Ｏ}［他］=katekizi（問答で教える）
glis	滑翔	pejvo	{Ｏ}［自］【空】滑空する
klorofil	叶绿	pejvo	【植】葉緑素
afrodizi	催情	pejvo	【医】性的興奮,性欲
halter	哑铃	pejvo	［自］【運】ダンベル体操をする;重量挙げをする
tenor	男高音	pejvo	テノールの
leksik	词汇	pejvo	【語】【PIV】Tuto de la leksemoj de lingvo.
integral	积分	pejvo	【数】積分の
kontuz	挫伤	pejvo	{Ｏ}［他］打撲傷を与える
diakon	助祭	pejvo	{Ｏ}【キ】（カトリックの）助祭;（プロテスタントの）執事
anarki	无政	pejvo	無政府の,無政府状態の
krank	曲柄	pejvo	【機】クランク
eu^tanazi	安乐死	pejvo	［他］【医】安楽死させる
intuici	直觉	pejvo	直感的な;勘の鋭い;【学】直観的な,><diskursiva
h^oler	霍乱	pejvo	{Ｏ}【病】コレラ
fav	黄癣	pejvo	黄癬の
rektum	直肠	pejvo	【解】直腸
meduz	水母	pejvo	{Ｏ}【動】クラゲ（海月・水母）
zom	变焦	pejvo	［自］【空】急上昇する;【映】ズームする
reg^isor	导演	pejvo	［他］【劇】【映】演出する,=enscenigi
tars	足根	pejvo	【解】足根骨;【虫】ふ節
adolesk	青春	pejvo	［自］【医】青年期にある,思春期にある
latir	香豌豆	pejvo	【植】レンリソウ（属）
sopran	女高音	pejvo	ソプラノの
parafin	石蜡	pejvo	［他］パラフィンを塗る
magm	岩浆	pejvo	【地質】マグマの;火成の
kromosom	染色体	pejvo	{Ｏ}【生】染色体
hermafrodit	两性	pejvo	=ambau^seksa,両性具有の,半陰陽の;【動】雌雄同体の;【植】両性花の
fosili	化石	pejvo	化石の
glim	云母	pejvo	［自］（雲母のように）きらきら光る
evaku	疏散	pejvo	［他］【軍】撤退する,撤兵する;立ち退かせる,引き揚げさせる
kapilar	毛细	pejvo	【理】毛管の,毛細の;【解】毛細血管の
interval	间隔	pejvo	【楽】音程;【数】区間
step	草原	pejvo	{Ｏ}【地理】ステップ（大草原）
preri	草原	pejvo	【地理】【PIV】C^iu el la vastaj ebenaj^oj de N-Ameriko, iam kov
trust	垄断	pejvo	［他］【経】トラストで独占する
jugland	核桃	pejvo	{Ｏ}【果】クルミ（胡桃）;【植】クルミ（属）,=juglandarbo
narcis	水仙	pejvo	{Ｏ}【植】スイセン（水仙）（属）
abat	院长	pejvo	{Ｏ}【キ】修道院長,大修道院長,>>prioro
prior	院长	pejvo	{Ｏ}【キ】小修道院長;（大修道院の）副院長,>>abato
ftiz	结核	pejvo	{Ｏ}【病】肺結核,>>tuberkulozo
skrofol	结核	pejvo	{Ｏ}【病】るいれき（瘰癧）,頸部リンパ節結核
kapitel	柱头	pejvo	{Ｏ}【建】柱頭
ribosom	核糖体	piv	【生】【PIV】Enc^ela, submikroskopa grajneto, konsistanta el ri
konstip	便秘	pejvo	便秘を引き起こす
timpan	鼓膜	pejvo	【解】鼓室,中耳;【建】ティンパヌム,三角小間;【楽】=timbalo（ティンパニ）
miring	鼓膜	piv	【解】【PIV】Timpana membrano (membrana tympani): la miringo tr
kalandr	压光	pejvo	［他］【機】（紙・布を）光沢機にかける,つや出し加工する
mortez	卯眼	pejvo	［他］【建】ほぞ穴をくる
metan	沼气	pejvo	【化】メタン
cedrat	香柑	pejvo	【果】シトロン,ブシュカン（仏手柑）
bergamot	香柑	pejvo	【植】ベルガモット（オレンジの一種）
nap	油菜	pejvo	{Ｏ}【農】カブ,カブラ（蕪）,=rapo;【植】セイヨウアブラナ（種）
kolz	油菜	pejvo	{Ｏ}【植】（セイヨウ）アブラナ,=oleonapo;《般》菜の花
anemi	贫血	pejvo	貧血の,貧血症の,=sangomanka
kalabas	葫芦	pejvo	【植】ヒョウタンノキ,フクベノキ;【植】ヒョウタン;【果】ヒョウタン（瓢箪）,=kalabaskukurbo
amfibi	两栖	pejvo	両生類の;水陸両用の
genetik	遗传	pejvo	遺伝学の,遺伝の;=gena（遺伝子の）
kvarc	石英	pejvo	石英の,水晶の,クオーツの
talp	地鼠	pejvo	モグラの;モグラのような
kobold	精灵	pejvo	{Ｏ}コボルト（いたずら好きの小さな妖精）;《転》いたずらっ子
estetik	美学	pejvo	美学的な;審美的な
simbioz	共生	pejvo	【生】共生の
grafit	石墨	pejvo	{Ｏ}【鉱】黒鉛,石墨
drag	挖泥	pejvo	［他］浚渫（しゅんせつ）する
galer	桨船	pejvo	{Ｏ}【史】ガレー船;《転》苦役
asembl	汇编	pejvo	【情】【PIV】(tr (transitiva)) Traduki al mas^inlingvo programo
karo	方块	pejvo	{Ｏ}【遊】（トランプの）ダイヤ
tribord	右边	pejvo	右舷に
violonc^el	大提琴	pejvo	［自］チェロを演奏する
diafragm	光圈	pejvo	［自］【写】（レンズを）絞る
peg	啄木	pejvo	{Ｏ}【鳥】キツツキ（啄木鳥）（科の総称）;アオゲラ（緑啄木鳥）（属）
grif	狮鹰	pejvo	【神】グリュプス,グリフォン（頭と翼が鷲で胴体がライオンである怪獣）;【鳥】ハゲタカの類（通称）,>>vulturo
stomp	晕染	pejvo	［他］擦筆でぼかす;ぼかす
prunel	野李	pejvo	{Ｏ}【果】スピノサスモモの実
trole	触轮	pejvo	【交】トロリー,触輪
arkitekt	建筑	pejvo	{Ｏ}建築家
arkitektur	建筑	pejvo	{Ｏ}建築術,建築学;建築様式
top	帆楼	pejvo	【海】トップ,檣楼（しょうろう）
absint	苦艾	pejvo	{Ｏ}【植】ニガヨモギ（苦艾）（種）;=absinta likvoro（アブサン）
geril	游击	pejvo	［自］【軍】ゲリラ戦をする
orgi	纵欲	pejvo	{Ｏ}乱痴気騒ぎ,酒池肉林の大饗宴;【史】バッカス祭
kartilag	软骨	pejvo	【解】軟骨の,軟骨性の
kondr	软骨	piv	【医】【地質】【PIV】1 Kartilago (en kunmetaj^oj). 2 Minerala grajn
timon	车杆	pejvo	{Ｏ}（牛馬につなぐ）かじ棒,ながえ（轅）
anten	触角	pejvo	{Ｏ}【虫】触角;【通】アンテナ
aline	换行	pejvo	［自］【印】改行する
delt	三角洲	pejvo	{Ｏ}【地理】三角洲;デルタ（ギリシア文字Δ，δ）
faks	传真	pejvo	［他］ファックスで送る,=telekopii
konfekci	成衣	pejvo	既製服の,=pretkudrita
babord	船左	pejvo	左舷に
skorbut	坏血	pejvo	壊血病の
kapok	木棉	pejvo	【植】カポック,パンヤ綿（クッション・救命胴衣の詰め物にする）
bombak	木棉	piv	【植】【PIV】G. (Genro) (Bombax el bombakacoj) de arboj kun man
striptiz	脱衣舞	piv	【PIV】Nudrivela senvestig^a danco.
hum	腐土	pejvo	{Ｏ}【農】腐植土;《般》庭土
smerald	绿玉	pejvo	エメラルドの
larik	落松	pejvo	{Ｏ}【植】カラマツ（属）
efloresk	风化	pejvo	風解の,風解した;風化の,風化した
notari	公证	pejvo	公証人の;公証人が作成した
kremaci	火葬	pejvo	［他］火葬する,>>cindrigi
amalgam	汞齐	pejvo	［他］（〜の）アマルガムを作る
klitor	阴蒂	pejvo	{Ｏ}【解】陰核,クリトリス
variete	杂耍	pejvo	バラエティーの,寄席の
koroid	脉膜	pejvo	【解】脈絡膜
albumin	白蛋白	pejvo	【化】アルブミン
kapel	祈堂	pejvo	{Ｏ}【キ】チャペル,礼拝堂;礼拝室
arke	方舟	pejvo	【聖】（ノアの）箱船
gang	脉石	pejvo	【地質】脈石（みゃくせき）,=c^irkau^minaj^o
insulin	胰岛素	pejvo	{Ｏ}【生】インシュリン,インスリン
defil	分列	pejvo	［自］【軍】縦列行進する,分列行進する
apendic	虫垂	pejvo	付録;【解】虫垂,>>cekumo
prostat	前列	pejvo	{Ｏ}【解】前立腺
dializ	透析	pejvo	［他］【化】透析する
avel	坚果	pejvo	{Ｏ}【果】ハシバミの実,ヘーゼルナッツ
centripet	向心	pejvo	【理】求心の,向心の,><centrifuga
labirint	迷宫	pejvo	迷路の,（迷路のように）入り組んだ
sodomi	肛交	pejvo	［他］肛門性交を行う,=anuse seksumi
bugr	肛交	piv	【PIV】(tr (transitiva)) (fm (familiara, familiare)) Sodomii
retorik	修辞	pejvo	修辞の,修辞上の
aj^ur	透空	pejvo	【服】透かしの入った;【建】すかし細工の
hosti	圣饼	pejvo	{Ｏ}【キ】聖体のパン,オスチヤ
naft	原油	pejvo	{Ｏ}【化】ナフサ;《般》原油,=kruda petrolo
balast	压舱	pejvo	［他］【海】バラストを積む
dedukt	演绎	pejvo	【哲】演繹的
katec^u	儿茶	piv	【PIV】1 Ekstrakto el la ligno de katec^uakacio, uzata por t
tampon	棉塞	pejvo	【医】【PIV】Sterilizita vatbulo, cilindra kompreso ks (kaj sim
jul	圣诞	pejvo	【PIV】Forta remilo, kiun oni uzas per tordaj movoj c^e la p
karamel	焦糖	pejvo	{Ｏ}【料】カラメル
sekvestr	查封	pejvo	［他］【法】（係争物を第三者に）供託する,強制管理する,仮処分する
akrobat	杂技	pejvo	アクロバットの,曲芸的な
trol	拖网	pejvo	【海】トロール網（漁業）
drup	核果	pejvo	【植】石果（せきか）（ウメ、モモなど堅い核をもつ多肉果）,=kernofrukto
armatur	配筋	pejvo	［他］【建】鉄筋を入れる
kalvari	受难	pejvo	【キ】キリストはりつけの像;【解】頭蓋冠
tuberkulin	结核素	pejvo	【化】ツベルクリン
margarin	人造油	pejvo	［他］マーガリンを塗る
anabol	合成	piv	【生】【PIV】Tuto de la procezoj de konstruo de protoplasmo far
infanteri	步兵	pejvo	{Ｏ}【軍】歩兵隊
monark	君主	pejvo	{Ｏ}（王・皇帝などの）君主,帝王
monarki	君主	pejvo	{Ｏ}君主制,君主政治,王政;君主国
h^ord	脊索	piv	【動】【PIV】(chorda dorsalis) Kartilageca kordo, formanta la b
muar	波纹	pejvo	波形模様のついた
bigot	偏执	pejvo	信心家ぶった,偽善的な,信心に凝り固まった,偏狭な
paranoj	偏执	pejvo	【病】偏執病,妄想症,パラノイア;>>monomanio
pretor	法官	piv	【史】【PIV】C^e la Romanoj, c^iu neelektita altranga oficisto,
vermic^el	粉丝	pejvo	{Ｏ}【料】バーミセリ（スパゲッティより細い）;細めん,>>nudelo,>>spageto
particip	分词	pejvo	{Ｏ}【Ｇ】分詞
sabot	破坏	pejvo	［他］（意図的に）破壊する,妨害する;（仕事を）ぞんざいに行う,手抜きする
teni	条虫	pejvo	{Ｏ}【動】ジョウチュウ（条虫）,サナダムシ（真田虫）
koincid	巧合	pejvo	{Ｏ}［自］同時に起こる;一致する,符合する;【数】一致する
glot	声门	pejvo	【解】声門
mirt	香桃	pejvo	{Ｏ}【植】ギンバイカ（銀梅花）（属）,ミルテ（アフロディテの神木とされる）
sau^r	爬虫	piv	【動】【PIV】Kn (Kolektiva nomo) de reptilioj eksklude de la te
kontraband	走私	pejvo	［他］密輸入する;密輸する
pic^	阴户	pejvo	《俗》=vulvo（陰門）
insil	窖藏	piv	【PIV】(tr (transitiva)) Konservi furag^on tiel, ke g^i rest
opal	蛋白石	pejvo	{Ｏ}【鉱】オパール,タンパク石
trombon	长号	pejvo	{Ｏ}【楽】トロンボーン
mening	脑膜	pejvo	【解】髄膜
klerik	教士	pejvo	聖職者の
artileri	炮兵	pejvo	{Ｏ}【軍】砲,大砲;砲兵隊
gamet	配子	piv	【生】【PIV】Seksa c^elo (tipe unuploida), destinita unuig^i ku
puli	滑轮	pejvo	【機】滑車,プーリー
ekzorc	驱魔	pejvo	［他］【宗】（悪魔・悪霊を）追い払う
ekin	海胆	pejvo	【動】ウニ,=markas^tano
eh^in	海胆	piv	【PIV】= ekino.
bajonet	刺刀	pejvo	{Ｏ}【軍】銃剣
servir	发球	piv	【PIV】La komenca bato c^e pilkludoj kiel teniso, tablotenis
komuni	圣餐	pejvo	{Ｏ}［他］【キ】聖餐を授ける,聖体を授ける
eu^karisti	圣餐	pejvo	{Ｏ}【キ】（カトリックで）聖体の秘蹟（ひせき）,（プロテスタントで）聖餐（せいさん）
mitral	机枪	pejvo	【軍】機関銃,=mas^inpafilo
doktrin	教义	pejvo	教義上の,学説上の
dekolt	低领	pejvo	{Ｏ}［他］【服】（胸・肩などを大きく）くる;肩（胸・背中）をあらわにする
prism	棱镜	pejvo	角柱の;プリズムの
konjunktur	景气	pejvo	【経】市況,商況,景気
cinik	冷笑	pejvo	{Ｏ}冷笑的な,世をすねた;【哲】犬儒（キニク）学派の
periferi	周边	pejvo	【数】周囲の;《般》周辺の,
edif	教化	pejvo	教化のための,教訓的な,ためになる
pigment	色素	pejvo	［他］顔料で着色する
dekant	倾析	pejvo	［他］（ワインなどを）デカントする,上ずみを移しとる
romantik	浪漫	pejvo	{Ｏ}ロマン主義の,ロマン派の;ロマンチックな
konkub	内缘	pejvo	内縁の夫,男めかけ,>>kromviro
j^ud	柔道	pejvo	{Ｏ}【運】柔道
tekton	硬木	piv	【植】【PIV】1 G. (Genro) (Tectona el verbenacoj) de 4 sp-oj (s
kac	阳具	piv	【PIV】(fm (familiara, familiare)) Peniso: nur « kaco» tau^g
falus	阳具	piv	【神】【PIV】1 Prezento de erekta peniso, kiel simb. (simbolo) 
gilos^	编纹	pejvo	［他］編み縄模様を彫る
radius	半径	pejvo	【数】半径の;【解】橈骨の
s^unt	分流	pejvo	［他］分流させる,分路をつける
aplanat	无差	pejvo	【理】【写】不遊の,（球面収差のない）無収差の
vener	性病	pejvo	【病】性病の,=seksmalsana
akaci	金合欢	pejvo	{Ｏ}【植】アカシア（属）
globul	血球	pejvo	【解】=sangoc^elo（血球）
akaj^u	腰果	pejvo	【果】カシューの果実
sezam	芝麻	pejvo	【植】ゴマ（胡麻）（属）;【料】ごま（ゴマの種子）;《転》（成功へ導く）魔法の言葉（開けゴマ）
amplifik	增幅	pejvo	［他］【理】増幅する
kastr	去势	pejvo	{Ｏ}［他］去勢する
salping	卵管	pejvo	【解】卵管,=ovodukto
snob	势利	pejvo	スノッブな,上流ぶった,俗物の
paled	托盘	pejvo	【機】パレット（荷役用のすのこ状の台）,荷運び台
despot	专制	pejvo	専制的な,独裁的な;横暴な
eklektik	折衷	pejvo	取捨選択する,良いとこどりの;折衷的な
glac^er	冰川	piv	【地理】【地質】【PIV】Grandega eterna maso de glacio, devenanta el 
lab	皱胃	piv	【PIV】1 = abomaso. 2 La membrano de la stomako de la mamulo
glicerin	甘油	pejvo	［他］グリセリンを塗る
glicerol	甘油	pejvo	【化】グリセロール,=glicerino
glicer	甘油	piv	【化】【PIV】Radiko, CH 2 OH-CHOH-CH 2 -, de glicerolo (en kunm
observatori	天文台	pejvo	{Ｏ}観測所,天文台,気象台
premis	前提	pejvo	［他］前提とする
jogurt	酸乳	pejvo	【料】ヨーグルト,ヤクルト,>>jahurto
ardez	板岩	pejvo	{Ｏ}【鉱】粘板岩;石盤
cedr	雪松	pejvo	{Ｏ}【植】ヒマラヤスギ属;セイヨウスギ,シーダー
diagnoz	诊断	pejvo	［他］【医】診断する
relikv	遗物	pejvo	【宗】聖遺物;（聖者の）遺骨,遺品,=sanktrestaj^o;【生】遺存種,残存生物
cintr	拱架	piv	【PIV】Provizora helpc^arpentaj^o, konsistanta el trabaro k 
agnostik	不可知	pejvo	【哲】【PIV】Rilata al agnostikismo.
vanil	香兰	pejvo	［他］【料】バニラの香りをつける
araknoid	蛛膜	pejvo	【解】クモ膜,>>duramatro
spindel	纺锤	pejvo	【機】スピンドル
dut	二度	pejvo	【楽】二度音程
gingiv	牙肉	pejvo	【解】歯肉,歯茎,=dentokarno
artez	自流	pejvo	【地理】掘抜きの
oniks	玛瑙	pejvo	{Ｏ}【鉱】シマメノウ（縞瑪瑙）,オニックス
kalend	初一	pejvo	（古代ローマ暦の）ついたち,月の第一日
vampir	吸血鬼	pejvo	{Ｏ}吸血鬼;【動】チスイコウモリモドキ,>>desmodo;《転》非情な搾取者
kuret	刮匙	piv	【医】【PIV】Speco de akra kulero, uzata en kirurgio por prakti
kodon	密码子	piv	【生】【PIV】Unuo de gena informo, konsistanta el triopo da nuk
trace	轴线	piv	【技】【PIV】Akso de projektita vojo au^ fervojo, desegnita sur
pustul	脓泡	pejvo	膿疱の,膿庖のできた
cikut	毒芹	pejvo	{Ｏ}【植】ドクゼリ（属）;ドクニンジンの毒
karob	角豆	pejvo	{Ｏ}【果】イナゴマメ（の実）
kaligraf	书法	piv	【PIV】Artisto pri kaligrafio.
erik	石南	pejvo	{Ｏ}【植】エリカ（属）,ヒース
fau^lt	断层	piv	【地質】【PIV】Rezulto de pli-malpli profunda rompig^o de tereno
biceps	二头肌	pejvo	【解】二頭筋
peruk	假发	pejvo	{Ｏ}かつら（鬘）
glutam	谷氨	piv	【化】【PIV】Radiko de glutamata acido (en kunmetaj^oj).
punkci	穿刺	pejvo	［他］【医】穿刺（せんし）する
granit	花岗岩	pejvo	花崗岩の,御影石でできた;《転》固い
limon	柠檬	pejvo	【果】レモン,>>citrono
makadam	碎石	pejvo	［他］マカダムで舗装する
sutur	缝合	piv	【医】【PIV】1 Ago kunkudri la du randojn de vundo k rezulto de
induktanc	电感	pejvo	【理】インダクタンス
oktav	八度	pejvo	{Ｏ}【楽】オクターブ;【印】八つ折版
okt	八度	piv	【楽】【PIV】Intervalo inter ok tonoj en diatona gamo (frekvenc
gres	牧草	pejvo	牧草,芝草,>>herbo
medikag	牧草	pejvo	【植】ウマゴヤシ（属）,>>luzerno
basbal	棒球	pejvo	【運】野球,=bazopilko
puritan	清教	pejvo	清教徒の;《転》清教徒のような,堅苦しい
prepuci	包皮	pejvo	【解】包皮
metro	地铁	pejvo	【交】地下鉄
onk	肿瘤	piv	【医】【PIV】Tumoro, precipe maligna.
nic^	壁凹	pejvo	{Ｏ}【建】壁がん,ニッチ;【環】生態的地位
inkvizici	审判	pejvo	{Ｏ}【史】異端審問,宗教裁判;異端審問所,宗教裁判所
prepost	主祭	pejvo	【キ】主任司祭,>>parokestro
pontifik	主祭	pejvo	【史】（古代ローマの）大神官;【カ】高位聖職者（司教・枢機卿など）
eritrocit	红胞	pejvo	【解】=rug^a sangoc^elo（赤血球）
korelaci	相关	pejvo	【PIV】1 Mezuro de interrilato inter du stokastaj variabloj.
korelativ	相关	pejvo	{Ｏ}相関的な
celom	体腔	piv	【動】【PIV】Korpa kavo c^e la plimulto de animaloj, en kiu tro
empir	帝风	pejvo	【芸】アンピール様式（ナポレオン帝政期に流行した古典風の家具・装飾様式）
zebr	斑马	pejvo	{Ｏ}【動】シマウマ（縞馬）
pis^t	活塞	pejvo	{Ｏ}【機】ピストン
batu	围猎	piv	【PIV】Amasc^asado de bestoj, en kiu servistoj pelas ilin el
cefalaspid	头甲	piv	【動】【PIV】G. (Genro) (Cephalaspis) de fosiliaj senmakzeluloj
s^rot	粗粉	piv	【PIV】Interprodukto de muelado (pistado) de grajnoj; furag^
trad	信风	pejvo	【気】貿易風
alize	信风	piv	【PIV】Iu el la ventoj, kiuj regule blovas tra la tuta jaro 
renesanc	复兴	pejvo	ルネサンスの,ルネサンス様式の
kardan	万向	pejvo	【機】カルダン懸架装置
amorfofal	魔芋	pejvo	【植】コンニャク（蒟蒻）
duoden	十二指肠	pejvo	【解】十二指腸,>>maldika intesto
karoten	萝卜素	piv	【化】【PIV】Orang^kolora lipido, C 40 H 56, tetraterpeno, tre 
fetic^	物神	pejvo	{Ｏ}【宗】物神,呪物（じゅぶつ）;迷信的崇拝の対象;【心】フェティッシュ
spiril	螺菌	pejvo	【生】スピルリム,らせん菌
gavi	潜鸟	pejvo	【鳥】=kolimbo（アビ）
greb	潜鸟	piv	【動】【PIV】Podicipo k parencaj g-oj (genroj), akvolog^aj.
podicip	潜鸟	piv	【動】【PIV】G. (Genro) (Podiceps) de akvolog^aj birdoj, kies k
parodi	戏仿	pejvo	［他］パロディー化する,もじる
travesti	戏仿	pejvo	［他］（文学作品を）もじる,茶化す;仮装する
katastr	地籍	pejvo	［他］地籍調査する,土地台帳に記載する
s^agrin	鲨皮	pejvo	粒起革の;さめ皮の;さめ肌の
krisol	熔锅	pejvo	【化】るつぼ,=fandvazo
atut	王牌	pejvo	［自］【遊】切り札を出す
forniks	脑弓	pejvo	【解】円蓋（えんがい）
krop	食袋	pejvo	{Ｏ}【鳥】そ嚢（のう）;【病】=strumo（甲状腺腫）
ananas	菠萝	pejvo	{Ｏ}【果】パイナップル
skafandr	潜衣	pejvo	【海】（ヘルメット付きの）潜水服
knik	座屈	piv	【技】【PIV】(ntr (netransitiva)) (pp (se paroli pri) fosto au^
remork	拖车	piv	【PIV】1 S^ipo, barko, barg^o, trenata de motors^ipo. Vd tre
c^ambelan	侍臣	pejvo	{Ｏ}侍従,家令
verdigr	铜绿	pejvo	緑青をふいた
tempi	侧头	pejvo	{Ｏ}【解】側頭,こめかみ
bagag^	行李	pejvo	（旅行者の）手荷物,=pakaj^o
introspekt	内省	pejvo	内観の,内省的な
brig	双帆船	pejvo	【海】ブリッグ（２本マストに横帆を張った小型帆船）,>>brigeto,>>skuno
gliciriz	甘草	pejvo	{Ｏ}【植】カンゾウ（甘草）（属）
tabet	脊髓病	piv	【医】【PIV】Sifilisa afekcio, kiun karakterizas sklerozo de la
cekum	盲肠	pejvo	【解】盲腸
tau^tomer	互变	piv	【化】【PIV】Izomero, kiu tre facile k reverseble formig^as el 
parotid	腮腺	pejvo	【解】【PIV】La plej granda el la salivaj glandoj, situanta ant
mercer	针线	pejvo	小間物,服飾雑貨,手芸用品,>>galanterio
procelari	海燕	piv	【動】【PIV】G. (Genro) (Procellaria) de malgrandaj, hirundsimi
kist	囊肿	pejvo	【医】嚢胞（のうほう）,嚢腫（のうしゅ）
pteraspid	翼甲	piv	【動】【PIV】G. (Genro) (Pteraspis) de fosiliaj senmakzeluloj e
racem	消旋	piv	【化】【PIV】(pp (se paroli pri) miksaj^o) Egalparte konsistant
molusk	软体	pejvo	{Ｏ}【動】軟体動物
ladan	香脂	piv	【植】【PIV】Aroma gumo, liverita de la folioj k tigoj de ladan
klis^	铸版	pejvo	{Ｏ}［他］【印】ステロ版にとる
napalm	凝油	pejvo	【軍】ナパーム（焼夷弾用の燃料）
penis	阴茎	pejvo	{Ｏ}【解】陰茎,ペニス
sensaci	轰动	pejvo	扇情的な,世間を驚かせる,センセーショナルな
iredent	待收	pejvo	【史】（領土が）未回収の
kalistegi	旋花	pejvo	【植】ヒルガオ（属）,>>konvolvulo
lami	野芝麻	pejvo	【植】オドリコソウ（属）;【神】ラミア（ギリシア神話の魔女，人を食い子供の血を吸う）
gumigut	藤黄	pejvo	ガンボージ,藤黄（とうおう）（黄色樹脂）
arakid	花生	pejvo	【植】ラッカセイ（落花生）（属）,>>ternukso
sarkom	肉瘤	piv	【医】【PIV】Maligna tumoro, evoluinta el konektivo: ostosarkom
galon	饰带	pejvo	［他］飾りひもをつける
pasament	饰带	pejvo	［他］（衣服や家具などに）飾りひもをつける
gonokok	淋菌	pejvo	【医】淋菌（りんきん）
brankard	担架	pejvo	【医】担架
svelt	苗条	pejvo	すらりとした,すんなりとした,ほっそりした,=elegante maldika
hajk	短诗	pejvo	【文】俳句
tranc	附身	pejvo	［自］（霊媒が）神がかり状態である
izotop	同位素	pejvo	【理】【化】同位体の
papirus	纸草	pejvo	{Ｏ}【植】パピルス（種）;【史】パピルス紙;パピルス文書
papir	纸草	piv	【解】【PIV】Papiruso (en kunmetaj^oj): papireca lameno.
bordel	妓院	pejvo	{Ｏ}売春宿,=prostituejo,=malc^astejo
meleagr	火鸡	pejvo	{Ｏ}【鳥】シチメンチョウ（属）（七面鳥）
globulin	球蛋白	piv	【生】【化】【PIV】(kn (kolektiva nomo)) Proteino kun pli-malpli g
kiv	猴桃	pejvo	《Ｎ》【果】キウイ
aktinidi	猴桃	piv	【植】【PIV】G. (Genro) (Actinidia el aktinidiacoj) de dioikaj 
meger	悍妇	pejvo	性悪女,意地悪女
prestidigit	戏法	pejvo	［自］手品をする
j^argon	黑话	pejvo	［自］ジャーゴンで話す,わけの分からない話し方をする
kopul	交配	piv	【生】【PIV】(ntr (netransitiva)) Fari kopuladon inter si.
trigon	三角	piv	【解】【PIV】Triangula anatomia elemento: olfakta trigono (trig
ektopi	异位	pejvo	【解】（器官の）転位
trepan	钻颅	pejvo	［他］【医】（頭骨を）穿孔する
jakv	菠萝蜜	piv	【植】【PIV】Frukto (s^ajnfrukto) de jakvarbo.
facet	刻面	pejvo	［他］切り子面を刻む
kolesterol	胆醇	pejvo	【化】コレステロール
arbut	红果	pejvo	【果】アルブツスの実（ヘビイチゴに似た赤く丸い果実で、ジャムや果実酒に利用される）
hipofiz	垂体	piv	【解】【PIV】(hypophysis) Grava endokrina glando, situanta sub 
bent	底栖	piv	【生態】【PIV】Vivularo de la fundo de maro au^ lago. Vd pelago.
serpenten	蛇纹石	piv	【地質】【PIV】(kn (kolektiva nomo)) Mineralo el magnezia, monok
uzukap	时效	pejvo	［他］【法】（〜の所有権を）時効取得する
preskript	时效	pejvo	【法】時効,>>uzukapo
somnambul	梦游	pejvo	［自］夢遊する
stokast	随机	piv	【PIV】1 Matematika modelo por aleatoraj eksperimentoj. 2 (p
domicil	住所	pejvo	【法】（登録された）住所;本籍
meridian	子午	pejvo	{Ｏ}【天】子午線
kaolin	瓷土	pejvo	カオリンの,カオリン製の
diamagnet	反磁	pejvo	【理】反磁性体の,>>paramagneta
tarz	眼板	piv	【解】【PIV】Fibreca lameno, kvazau^skeleto de la palpebra rand
ur	原牛	pejvo	{Ｏ}【動】オーロックス（17世紀に絶滅したヨーロッパ産野牛）,原牛（げんぎゅう）
misil	导弹	pejvo	【軍】ミサイル
briz	微风	pejvo	そよ風;【気】和風,疾風,雄風（風力階級４〜６）,>>zefiro
zefir	微风	pejvo	{Ｏ}そよ風;（ヨーロッパの）西風;【気】軽風（けいふう）（風力階級２）,>>brizo
ranc	哈喇	pejvo	{Ｏ}（油脂が）酸敗した,すえた,悪臭のする,嫌な味のする
irigaci	水渠	pejvo	［他］灌漑（かんがい）する
karmin	洋红	pejvo	洋紅色の
munici	弹药	pejvo	{Ｏ}【軍】弾薬
stek	肉排	piv	【PIV】Dika tranc^aj^o de viando au^ fis^o, por rosti au^ fr
volatil	挥发	pejvo	【化】揮発性の,=vaporig^ema
plantag	车前	pejvo	{Ｏ}【植】オオバコ（大葉子）（属）
alotrop	异形	piv	【理】【化】【PIV】(pp (se paroli pri) substanco) Ekzistanta sub d
ogiv	尖拱	pejvo	オジーブ式の
fring	燕雀	pejvo	{Ｏ}【鳥】アトリ（属）
lepr	麻风	pejvo	{Ｏ}【病】ハンセン病
rabarb	大黄	pejvo	{Ｏ}【植】ダイオウ（大黄）（属）;【料】ルバーブ,ショクヨウダイオウ（食用大黄）
stipendi	助学	pejvo	［他］奨学金を与える,給費する
buljon	高汤	pejvo	{Ｏ}【料】ブイヨン
aklam	欢呼	pejvo	歓呼して,喝采して
treponem	密螺旋体	piv	【生】【PIV】G. (Genro) (Treponema el spiroketaloj) de eu^bakte
mastik	腻子	pejvo	［他］【建】パテで接合する,パテをつめる
surf	冲浪	pejvo	［自］波乗りをする,サーフィンをする
filari	丝虫	piv	【PIV】1 (ark. (arkaismo, arkaisme)) = vukerio. 2 Kn (Kolekt
juniper	杜松	pejvo	{Ｏ}【植】ビャクシン（属）;セイヨウネズ
sabin	杜松	piv	【植】【PIV】Sp. (Specio) de junipero (Juniperus sabina) el la 
impetig	脓疮	piv	【医】【PIV】Kontag^a hau^t-afekcio kau^zata de streptokoko au^
konstelaci	星座	pejvo	【天】星座,=stelfiguro
psikiatri	心医	pejvo	【医】精神科,精神医学
sentimental	感伤	pejvo	{Ｏ}感傷的な,情にもろい,センチメンタルな
iski	坐骨	pejvo	【解】座骨
makaroni	管面	pejvo	{Ｏ}【料】マカロニ
pralin	仁糖	piv	【PIV】Sukeraj^o, farita el amandoj brunigitaj en bolanta si
konjunktiv	结膜	pejvo	【解】結膜
aort	主脉	pejvo	{Ｏ}【解】大動脈
patriot	爱国	pejvo	愛国的な
musked	火枪	pejvo	【軍】マスケット銃
musket	火枪	pejvo	=muskedo（マスケット銃）
siren	警笛	pejvo	【機】サイレン;【動】カイギュウ（海牛）類
neu^rolept	安神	piv	【医】【PIV】(pp (se paroli pri) psikostimula medikamento) Uzat
dialektik	辩证	pejvo	弁証法的な
amni	羊膜	piv	【解】【PIV】La interna membrano, c^irkau^anta la embrion de re
ipek	吐根	piv	【植】【PIV】1 Sp. (Specio) (Psychotria ipecacuanha el rubiacoj
sankci	制裁	pejvo	［他］【政】裁可する,承認する;処罰する,制裁する
s^tanc	冲压	piv	【技】【PIV】(tr (transitiva)) Premtranc^i el lado, lameno au^ 
dikro	二色	piv	【地質】【理】【PIV】(pp (se paroli pri) neizotropa kristalo) Alpre
prokariot	原核	piv	【生】【PIV】Ano de prokariotoj.
protozo	原兽	pejvo	【PIV】Vd (vidu) zoo.
sortiment	品类	pejvo	［他］（各種商品を）取り揃える;取り合わせる
askarid	回虫	pejvo	【動】回虫
diplo	板障	piv	【解】【PIV】(diploe) Spongeca parto de plataj ostoj.
artikulaci	发音	piv	【語】【PIV】La fiziologia estigo de sonoj per la parolorganoj:
buks	黄杨	pejvo	{Ｏ}【植】ツゲ（黄楊）
fiakr	马车	pejvo	{Ｏ}辻馬車,>>dros^ko,>>kales^o
faeton	马车	pejvo	フェートン（無蓋 の軽四輪馬車）;【鳥】ネッタイチョウ（属）,=tropikbirdo
sambuk	接骨	pejvo	{Ｏ}【植】ニワトコ（接骨木）（属）
endivi	苦菜	pejvo	{Ｏ}【植】キクヂシャ,エンダイブ
mang	芒果	pejvo	{Ｏ}【果】マンゴー（の実）
kompos^t	堆肥	pejvo	［他］【農】堆肥を施す
rikur	递归	piv	【数】【情】【PIV】(pp (se paroli pri) difino au^ komputika proced
petrosel	香芹	pejvo	［他］【料】刻んだパセリを散らす
paramagnet	顺磁	pejvo	【理】常磁性の
korus	合唱	pejvo	合唱,合唱団,=h^oro
bariton	男中音	pejvo	{Ｏ}【楽】バリトン（音・声）
lobi	游说	pejvo	［自］（公職者・議員に対して）陳情する,運動する
uretr	尿道	pejvo	【解】尿道,=urintubo
astigmat	散光	pejvo	【光】非点収差の;【病】乱視の
melis	蜂草	pejvo	{Ｏ}【植】メリッサ,セイヨウヤマハッカ（属）
guvern	教养	pejvo	{Ｏ}［他］養育する,しつける
hibisk	芙蓉	pejvo	【植】ハイビスカス,フヨウ（属）
absces	脓肿	pejvo	［自］【病】膿瘍を形成する,化膿する
klerikal	教权	pejvo	【政】教権擁護の,聖職者主義の
anastomoz	吻合	piv	【解】【植】【PIV】Kunig^a punkto de du vaskuloj, nervoj, muskolfi
karpel	心皮	piv	【植】【PIV】Florfolio, sur kiu formig^as unue la ovoloj, poste
platen	白金	pejvo	［他］白金メッキする
koc^	红虫	piv	【動】【PIV】1 Sp. (Specio) (Dactylopius coccus, sin. (sinonimo
gurd	摇琴	pejvo	［他］手回しオルガンで演奏する;《転》機械的に次々と作り出す
gasteroste	刺鱼	pejvo	【魚】イトヨ（属）;トゲウオ,=dornfis^o
stafet	接力	pejvo	【軍】騎馬伝令;【運】駅伝選手,リレー選手,リレー走者
puber	发育	piv	【生】【PIV】Atinginta periodon de la vivo inter infaneco k ado
anemon	银莲	pejvo	{Ｏ}【植】アネモネ
placent	胎盘	pejvo	【解】胎盤;【植】胎座
anglikan	圣公	pejvo	聖公会の,イングランド国教会の
prote	帝王花	piv	【植】【PIV】1 G. (Genro) (Protea el proteacoj) de arbustoj kun
ekskomunik	开除	pejvo	{Ｏ}［他］【宗】破門する;《転》追放する,除名する
mentor	导师	pejvo	{Ｏ}（青年の）良き指導者,助言者
suna	圣行	pejvo	【イ】スンナ（マホメットの言行にもとづく口伝律法）
simfoni	交响	pejvo	交響曲の
mile	黄米	pejvo	《Ｎ》【植】キビ（黍）（種）,>>panico
eu^kariot	真核	piv	【生】【PIV】Ano de eu^kariotoj.
resurs	资源	pejvo	【環】=ric^fonto（資源）
peoni	牡丹	pejvo	{Ｏ}【植】ボタン（牡丹）（属）,シャクヤク（芍薬）
rendiment	效率	pejvo	【理】効率
bizon	野牛	pejvo	{Ｏ}【動】バイソン,ヤギュウ（野牛）,>>Amerika bizono,>>Eu^ropa bizono
sagu	西米	pejvo	{Ｏ}【料】サゴ,沙穀米（さごべい）（サゴヤシから採取した白い澱粉）
vals	圆舞	pejvo	［自］ワルツを踊る
kreozot	木馏	pejvo	［他］クレオソートを注入する
vehikl	载体	piv	【化】【PIV】1 Substanco, en kiun oni metas au^ solvas efikanta
kardj	胃门	piv	【解】【PIV】(ostium cardiacum) Ezofaga aperturo de la stomako.
pleokro	多色	piv	【地質】【理】【PIV】(pp (se paroli pri) neizotropa kristalo) Alpre
kalejdoskop	万花筒	pejvo	万華鏡のような,千変万化する
prokuror	检察	pejvo	【法】検事,検察官
nekton	自游	piv	【生態】【PIV】Tuto de la pelagaj vivuloj aktive nag^antaj, send
interpunkci	标点	pejvo	［他］句読点を打つ
emfizem	气肿	pejvo	【病】気腫（きしゅ）;=pulma emfizemo
balkon	阳台	pejvo	{Ｏ}【建】バルコニー
pleu^ronekt	比目鱼	pejvo	{Ｏ}【魚】ツノガレイ（属）,>>platfis^o
vink	蔓春	pejvo	{Ｏ}【植】ツルニチニチソウ（蔓日々草）（属）
arnik	羊菊	pejvo	{Ｏ}【植】ウサギギク（兎菊）（属）;アルニカ,=monta arniko
cirkumcid	割礼	pejvo	{Ｏ}［他］【宗】割礼を行う;【医】（男子の）包皮を切除する
tore	斗牛	piv	【PIV】(ntr (netransitiva)) Batali en cirko kontrau^ tau^ro.
spiroket	螺旋体	pejvo	【生】スピロヘータ
simpat	交感	piv	【解】【PIV】Unu el la du partoj de la au^tonoma nervosistemo, 
kurator	监护	pejvo	［他］後見する
kolin	胆碱	piv	【化】【PIV】Nitrogena bazo, OH-CH 2-CH 2-N(CH 3) 3 ^+, kiu gra
penicilin	青霉素	pejvo	{Ｏ}【薬】ペニシリン
avokad	鳄梨	pejvo	{Ｏ}【果】アボカド（の実）
modlur	线脚	pejvo	【建】（建物・家具の）繰形（くりかた）,モールディング
unitari	一神	piv	【キ】【PIV】Apartenanta al tiu skolo de kristanismo, kiu emfaz
manikur	美甲	pejvo	［他］マニキュアを施す,=manflegi
laktuk	生菜	pejvo	{Ｏ}【植】レタス,チシャ;【植】アキノノゲシ（属）
kamomil	甘菊	pejvo	{Ｏ}【植】カミツレ,カミルレ（_Matricaria chamomilla_）;カミツレ茶,カモミール茶（乾燥花を
mung	擦鼻	pejvo	［他］洟（はな）をかんでやる,洟をかむ,=nazpurigi
rizom	根茎	pejvo	【植】根茎,地下茎
alteraci	蚀变	piv	【地質】【PIV】Kemia s^ang^ado de mineraloj k sekve de petroj fa
porfir	斑岩	pejvo	{Ｏ}【鉱】斑岩（はんがん）
patriark	族长	pejvo	【聖】（古代イスラエルの）族長;【キ】総大司教（カトリック）,総大主教（ギリシア正教）;《転》長老
kolik	绞痛	pejvo	{Ｏ}【病】疝痛（せんつう）,差し込み;腹痛
bajt	字节	pejvo	【情】バイト,=bitoko
safran	藏红花	pejvo	サフランの;サフラン色（黄橙色）の
kimon	和服	pejvo	{Ｏ}【服】（日本の）着物,和服;キモノ（着物風の化粧着・部屋着）
singult	逆气	pejvo	{Ｏ}［自］しゃっくりする
ahims	不害	piv	【PIV】Principo de multaj hindaj kulturaj k ideaj sistemoj, 
fosforesk	磷光	pejvo	リン光の;リン光を発する
subvenci	补贴	pejvo	［他］〜に補助金を与える
lofi	蛤蟆鱼	piv	【動】【PIV】G. (Genro) (Lophius) de maraj fis^oj kun grandaj k
zigot	合子	piv	【生】【PIV】La rezulto de la unuig^o inter du gametoj: zigoto 
fibrin	纤蛋白	pejvo	【化】フィブリン,繊維素
mizogin	厌女	piv	【PIV】Homo, kiu malamas, evitadas la virinojn au^ havas pri
kam	凸轮	pejvo	【技】【PIV】Rotacianta disko, kun elstaraj^o(j), kiu(j) c^e c^
au^kci	拍卖	pejvo	［他］競売にかける
orgasm	高潮	pejvo	{Ｏ}【医】オーガズム,オルガスムス
hortikultur	园艺	pejvo	園芸,=g^ardenkultivado
kvestor	财务官	pejvo	{Ｏ}【史】（ローマの）財務官;（議会などの）財務官,出納委員;（イタリアの）警察署長
ekvizet	问荆	pejvo	【植】スギナ（属）,>>mang^ebla ekvizeto,>>polura ekvizeto
bigarel	脆樱	piv	【植】【PIV】Rug^a k blanka c^erizo, kun dolc^a, tre firma karn
falun	贝岩	piv	【地質】【PIV】Detrita sedimenta petro malmulte kohera, konsista
plankton	浮游	pejvo	【生】プランクトン
akvarel	水彩	pejvo	水彩画をかく
psitak	鹦鹉	piv	【動】【PIV】Papago (unuspecia g. (genro) Psittacus erithacus),
polip	息肉	pejvo	{Ｏ}【動】ポリプ;【医】ポリープ,茸腫（じょうしゅ）
dezajn	设计	piv	【技】【PIV】Formo k aspekto de artefarita objekto, kutime util
gazon	草坪	pejvo	芝生（しばふ）,=razeno,=herbotapis^o
le	背风	piv	【PIV】Tiu flanko de s^ipo, kiu estas s^irmita kontrau^ la v
telfer	缆路	pejvo	=kablovojo（ロープウエー）
ostag^	人质	pejvo	［自］人質になっている
geodezi	测地	pejvo	{Ｏ}測地学
lavend	香草	pejvo	{Ｏ}【植】ラベンダー（属）
eu^genik	优生	pejvo	【学】優生学
ambos	铁床	pejvo	{Ｏ}鉄床（かなとこ）;【解】きぬた骨
hura	万岁	pejvo	［自］歓呼する,万歳を叫ぶ
bum	帆杆	pejvo	【海】ブーム,帆げた
pistak	开心果	pejvo	{Ｏ}【果】ピスタチオ（果実・種子）
dun	沙丘	pejvo	砂丘
prot	质子	pejvo	【PIV】Laborestro en pasintecaj presejoj.
bojkot	抵制	pejvo	{Ｏ}［他］ボイコットする
knid	刺胞	piv	【動】【PIV】Speco de c^elo, trovig^anta c^e diversaj celenteru
labil	易变	pejvo	【理】不安定な,=nestabila
celsius	摄氏	pejvo	【理】セ氏の,摂氏の,=celsia
gliptik	玉雕	pejvo	【機】宝石彫刻術
laf	熔岩	pejvo	{Ｏ}【地質】溶岩
sfinks	狮面	pejvo	スフィンクスの;《転》なぞの
karj	山核桃	piv	【植】【PIV】G. (Genro) (Carya el juglandacoj) de falfoliaj, mo
pekan	山核桃	piv	【植】【PIV】Speco de nukso, frukto de pekankarjo, enhavanta ma
fasm	竹节虫	piv	【動】【PIV】Vulgara nomo (Phasma) de fasmulo: bastonet fasmo, 
solfeg^	唱名	piv	【楽】【PIV】Sistemo, kiu asocias c^iun tonon de la gamo kun ap
s^ibu	柿涩	piv	【PIV】Bruna, taninoric^a, strange odoranta suko el nematura
au^reol	光环	pejvo	{Ｏ}【宗】後光;《転》栄光
polis	保单	pejvo	{Ｏ}【商】保険証券,保険証書;《転》保険契約
astat	无定	pejvo	【理】無定位の,>>stata
sakrament	圣礼	pejvo	{Ｏ}【キ】サクラメント,秘跡,機密,礼典
cimbal	铜盘	pejvo	{Ｏ}【楽】シンバル
tamburin	铃鼓	pejvo	［自］タンバリンをたたく
lisp	咬舌	pejvo	［他］舌もつれで発音する（s^をs、j^をz、sをthとするように）
muskardin	僵病	piv	【PIV】Mortiga malsano de la rau^poj de bombikso, kau^zata d
mikoz	菌症	pejvo	【病】真菌症,糸状菌症（たむしなど）
grenat	石榴	pejvo	【鉱】ざくろ石,ガーネット
epope	史诗	pejvo	{Ｏ}【文】（英雄を題材にした）叙事詩
epik	史诗	piv	【PIV】Poezio, kiu esprimas k revivigas la sperton de tuta p
obstetrik	产科	pejvo	【医】産科学,=akus^oscienco,>>ginekologio
toast	烤包	pejvo	【料】トーストパン,=rostpano
g^iraf	颈鹿	pejvo	{Ｏ}【動】キリン
sfing	天蛾	piv	【動】【PIV】1 G. (Genro) (Sphinx k parencaj g-oj (genroj)) de 
dierez	分音	pejvo	［他］二重母音を分けて発音する
demagog	煽动	pejvo	{Ｏ}デマゴーグ,扇動政治家,民衆扇動家
demagogi	煽动	pejvo	デマの,扇動的な
satirus	羊神	pejvo	【神】サテュロス（ギリシャ神話の半人半獣の森の神）;《転》好色家
matriark	母系	piv	【PIV】Rilata al matriarkeco: matriarkaj restaj^oj.
pedikur	修脚	piv	【PIV】(tr (transitiva)) Flegi la piedojn k kuraci ties epid
gri	碎粒	pejvo	{Ｏ}（麦・トウモロコシの）ひき割り
lime	青柠	piv	【植】【PIV】1 Sp. (Specio) de citruso (Citrus aurantiifolia), 
laser	激光	pejvo	{Ｏ}【理】レーザー
rozari	念珠	pejvo	{Ｏ}【宗】ロザリオ,数珠（じゅず）;《転》数珠つなぎになったもの
sumo	相扑	pejvo	【運】相撲;>>lukto
makrop	袋鼠	pejvo	【動】カンガルー（属）,>>kanguruo
kanguru	袋鼠	pejvo	{Ｏ}【動】カンガルー（一般名）,>>makropo
mandaren	官话	pejvo	{Ｏ}【史】（中国清朝の）官吏
podagr	痛风	pejvo	{Ｏ}【病】痛風
stau^l	失速	pejvo	［自］【空】失速する
repudi	休妻	pejvo	［他］【法】（一方的に）離縁する,=eksedzigi,=eksedzinigi
operator	算子	piv	【数】【PIV】1 Funkcio, kies argumentaro k celaro konsistas el 
letargi	嗜睡	pejvo	嗜眠（しみん）性の;無気力な,無感動な
kapitol	议堂	pejvo	（米国の）州議会議事堂,（政治的中心都市の）市庁舎
lol	毒麦	pejvo	{Ｏ}【植】ドクムギ（属）,ライグラス
ejgen	特征	piv	【数】【PIV】(pp (se paroli pri) operatoro T) Nombro c tia, ke 
dajmon	神灵	piv	【PIV】Malsupera dio, g^enio, kiu bone au^ malbone influis l
koni	毒参	pejvo	【植】ドクニンジン（属）
statut	章程	pejvo	会則の
angin	咽炎	pejvo	{Ｏ}【病】アンギナ（口峡炎）
enurez	遗尿	pejvo	【病】遺尿症
lakmus	石蕊	pejvo	【化】リトマス
prajm	引爆	pejvo	［他］雷管を装着する;《転》口火を切る
volovan	酥盒	pejvo	【料】ボロバン（肉・魚のクリーム煮を詰めたパイ）,>>pastec^o
gimnosperm	裸子	pejvo	【植】裸子の,裸子植物の
inkub	梦魔	pejvo	夢魔,インクブス;悪夢
papilom	乳头瘤	pejvo	【医】乳頭腫（にゅうとうしゅ）
streptokok	链球菌	pejvo	【生】連鎖球菌
platform	纲领	pejvo	【PIV】1 Plialtigita ebena maso el teraj^oj, roko, cemento k
barit	重晶石	pejvo	【鉱】重晶石（硫酸バリウムから成る鉱物）
anamorfoz	变形	piv	【PIV】Desegnaj^o, kiu s^ajnas konfuza, sed prezentas regula
monofizit	一性	piv	【キ】【PIV】Homo, kiu kredas, ke estas nur unu naturo (nome la
timian	百里香	pejvo	{Ｏ}【植】タチジャコウソウ（立麝香草）（属）,タイム
narkotik	麻醉	pejvo	{Ｏ}【医】麻酔薬,=narkotaj^o
aspiraci	送气	piv	【語】【PIV】Karakterizaj^o (fonema au^ ne) de iuj plozivoj, ko
pletor	多血	pejvo	【医】多血症の;《稀》=>troabunda（過剰な）
rota	皇院	piv	【キ】【PIV】Eklezia tribunalo de la papo, i.a. (interalie, int
skizoid	分裂	pejvo	【心】分裂病質の
sternum	胸骨	pejvo	【解】胸骨
balg	风箱	pejvo	【機】じゃばら（蛇腹）
eskar	焦疤	piv	【医】【PIV】1 Mortig^inta parto de hau^to. 2 Nigreta hau^tkrus
ambigu	歧义	piv	【PIV】Tia, ke g^ia signifo estas duba. au^ ke g^i povas hav
uncial	书体	piv	【PIV】Speco de majuskla litero, uzata en la manuskriptoj gr
mileni	千年	piv	【PIV】1 Miljara dau^ro au^ datreveno. 2 Miljara reg^ado de 
duplikat	副本	pejvo	副本,写し;【法】謄本
prospektor	探矿	piv	【PIV】Homo, kiu pli-malpli science serc^as la ercohavajn re
kiropraktik	整脊	piv	【医】【PIV】Terapiista metodo konsistanta en la manipulado de 
simultan	同时	pejvo	【PIV】Samtempe, sammomente okazanta: simultana telegrafio; 
sofism	诡辩	pejvo	詭弁の
cug	铁杉	piv	【植】【PIV】G. (Genro) (Tsuga el pinacoj) de koniferaj arboj k
epoksi	环氧	piv	【化】【PIV】Triatoma ciklo, ege strec^a k reakciema: epoksirez
diazoni	重氮	piv	【化】【PIV】Organika salo kun g^enerala formulo R-N=N ^+ X ^−,
j^artel	吊袜	pejvo	【服】（サスペンダー式の）靴下留め,ガーター,=s^trumpos^elko
oratori	清唱剧	piv	【楽】【PIV】Verko, kutime religia, analoga al opero, sed sen a
junkr	地主	pejvo	【史】ユンカー（プロイセンの地主貴族）
arier	后卫	pejvo	【PIV】La malantau^a parto de armeo, tac^mento ks (kaj simil
harmonium	风琴	pejvo	{Ｏ}【楽】リードオルガン,ハーモニウム,>>orgeno
kolh^oz	农社	pejvo	【史】コルホーズ（旧ソ連の集団農場）
kvorum	足数	pejvo	{Ｏ}【法】（会議の）定足数
adiant	铁线草	pejvo	【植】クジャクシダ（属）,アジアンタム,=harfiliko
veterinar	兽医	pejvo	獣医の,=bestkuraca
lagoftalm	兔眼	piv	【医】【PIV】Okulo ne tute fermebla pro mallonga supera palpebr
j^akard	提花	piv	【服】【PIV】Mekanismo ebliganta la plej komplikajn plektojn en
benjet	炸糕	piv	【PIV】Pastobulo, fritita k entenanta delikataj^on (legoman,
karmezin	深红	pejvo	深紅色の
trogon	咬鹃	piv	【動】【PIV】G. (Genro) (Trogon) de S-Amerikaj birdoj kun mallo
ancilostom	钩虫	piv	【動】【PIV】G. (Genro) (Ancylostoma) de sangosuc^aj nematodoj,
kolimat	准直	pejvo	［他］【理】視準する
iktiosau^r	鱼龙	pejvo	【古生】イクチオサウルス,魚竜（ぎょりゅう）
buf	蛤蟆	pejvo	{Ｏ}【動】ヒキガエル（蟇蛙）（属）,ガマ（蝦蟇）
stafilokok	葡萄球菌	pejvo	【生】ブドウ球菌
korak	渡鸦	pejvo	【鳥】ワタリガラス
kantarel	鸡油菌	pejvo	【菌】アンズタケ（属）
duet	二重	pejvo	{Ｏ}【楽】デュエット,二重奏曲,二重唱曲
koopt	增补	piv	【PIV】(tr (transitiva)) Aldoni kiel novan membron de komita
serenad	小夜曲	pejvo	［自］セレナーデを奏でる
dafn	瑞香	pejvo	【植】ジンチョウゲ（属）
legionel	军团菌	piv	【生】【PIV】G. (Genro) (Legionella) de eu^bakterioj, kiuj kau^
kontumac	缺席	piv	【法】【PIV】Vola foresto de akuzito for de la jug^onta instanc
hag^	朝拜	pejvo	【イ】メッカ巡礼,ハッジ
bilg^	舱底	pejvo	【海】ビルジ,船倉底
mejoz	减分	piv	【生】【PIV】Tuto de la du sinsekvaj dividig^oj de duploida nuk
iskiat	坐神	piv	【解】【PIV】Grava miksa nervo, sendanta motorajn fibrojn al mu
kornet	短号	pejvo	{Ｏ}【楽】コルネット
konfront	对质	pejvo	［他］【法】（法廷で）対質させる;《般》対決させる,=kontrau^starigi
arpeg^	散音	pejvo	［自］【楽】アルペジオで演奏する
eu^trof	富养	pejvo	【環】富栄養の
aleksi	失读	piv	【医】【PIV】Organika perturbo de la kapablo legi. -> agnozio, 
poligon	多角	pejvo	{Ｏ}【植】タデ（蓼）（属）;【数】多角形,=plurangulo;《古》=fagopiro（ソバ）
aloj	合金	pejvo	【化】合金
sonet	十四行诗	pejvo	{Ｏ}【文】ソネット,十四行詩
divorc	离婚	pejvo	［自］離婚する,=eksgeedzig^i
strongil	圆虫	piv	【動】【PIV】G. (Genro) (Strongylus) de nematodoj, parazitaj en
presbiterian	长老	pejvo	【キ】長老派の信徒
verumontan	精丘	piv	【解】【PIV】(colliculus seminalis) Elstaraj^o sur la interna p
numulit	钱虫	piv	【動】【PIV】G. (Genro) (Nummulites el numulitedoj) de foramini
filadelf	山梅花	pejvo	【植】バイカウツギ（属）
gofr	压花	piv	【技】【PIV】(tr (transitiva)) Enpremi per varma ilo (mal)relie
s^raman	苦僧	piv	【宗】【PIV】1 (ss (striktasence)) Hinda asketo ekster la brama
kameleon	变色龙	pejvo	カメレオンの;《転》無節操な,変わりやすい
h^ameleon	变色龙	pejvo	【動】=kameleono（カメレオン）
smut	黑穗病	pejvo	【植】黒穂病
bigarad	酸橙	piv	【植】【PIV】1 Subsp. de citruso (Citrus aurantium subsp. a.) h
rang^	调车	piv	【PIV】(tr (transitiva)) Apartigi k vicigi varvagonojn lau^ 
ankiloz	关节强直	pejvo	【病】関節強直（きょうちょく）
dentin	齿质	piv	【解】【PIV】(dentinum) Malmola substanco k histo de la dentoj 
titr	滴定	pejvo	［他］【化】滴定する
upas	毒木	piv	【PIV】Tre forta vegetaj^a veneno, uzata de Malajoj por vene
rangifer	驯鹿	pejvo	【動】=boaco（トナカイ）
midz	舔吸	piv	【PIV】(tr (transitiva)) Voluptocele leki k suc^i ies peniso
sesdeknau^	舔吸	piv	【PIV】(fm (familiara, familiare)) Reciproke leki k/au^ suc^
morfem	语素	pejvo	【語】形態素
remont	补马	pejvo	［他］（騎兵隊に）新馬を配備する
docent	讲师	pejvo	（大学の）講師
atas^e	随员	pejvo	アタッシェ,大使館付の専門職員,>>ambasadano
epiteli	上皮	pejvo	【解】上皮,>>endotelio
regurgit	反流	piv	【医】【PIV】Reveno en la gorg^on au^ bus^on, sen voma penado, 
gencian	龙胆	pejvo	{Ｏ}【植】リンドウ（属）
hesperornit	黄昏鸟	piv	【動】【PIV】G. (Genro) (Hesperornis) de dentohavaj birdoj el m
homotet	位似	piv	【数】【PIV】(pp (se paroli pri) geometria figuro) Estanta gran
homoteti	位似	piv	【PIV】Bildigo, kiu grandigas au^ malgrandigas je certa skal
sufle	蛋奶酥	pejvo	【菓】スフレ
belon	针鱼	piv	【動】【PIV】G. (Genro) (Belone) de belonoformaj fis^oj, kun do
sinergi	协同作用	pejvo	【解】（複数器官の）共同作用;【薬】相乗作用;【社】共働,シナジー
rezident	驻官	piv	【政】【PIV】Altranga funkciulo, komisiita de protektanta s^tat
balistik	弹道	pejvo	弾道学の,弾道の
cipre	宝贝	piv	【動】【PIV】G. (Genro) (Cypraea) de gastropodoj kun belkolora,
televizi	电视	pejvo	=televida（テレビ放送の）
miasm	毒气	pejvo	毒気を発する
arkegoni	颈卵器	piv	【植】【PIV】Inseksa reproduktorgano de la briofitoj k vaskulpl
alergi	过敏	pejvo	{Ｏ}【病】アレルギー
prestig^	威望	pejvo	威信のある,信望のある;名高い
serg^ent	军士	pejvo	{Ｏ}【軍】軍曹
psok	咬虫	piv	【動】【PIV】G. (Genro) (Psocus) de malgrandaj insektoj iom sim
korvet	护舰	pejvo	{Ｏ}【軍】コルベット（船）
neritik	浅海	piv	【地理】【地質】【PIV】La parto de maro, kus^anta super la kontinent
konklav	秘会	pejvo	【カ】教皇選挙会議,コンクラーベ
fag^	食菌	piv	【生】【PIV】Mll de bakteriofag^o.
dromedar	单峰驼	pejvo	{Ｏ}【動】ヒトコブラクダ,=unug^iba kamelo
hidatid	包虫	piv	【動】【PIV】Larvo de ekinokoko, en formo de granda veziko kun 
gajak	愈疮木	pejvo	【植】=gvajako（ユソウボク）
gvajak	愈疮木	pejvo	【植】ユソウボク（属）,グアヤク
minoritat	少数	pejvo	少数派,マイノリティー,=malplimulto,><majoritato;【法】=neplenag^eco（未成年
peritone	腹膜	pejvo	{Ｏ}【解】腹膜
c^ir	卷须	piv	【植】【PIV】1 Maldika, volva organo de grimpaj plantoj, per ki
karaben	马枪	pejvo	{Ｏ}【軍】騎兵銃;カービン銃
efedrin	麻黄碱	piv	【化】【PIV】Alkaloido el efedro, ekstraktata i.a. (interalie, 
kapstan	绞盘	pejvo	【機】キャプスタン;【海】巻き揚げ機
fideikomis	信委	piv	【法】【PIV】Posedaj^o, bieno, monsumo ks (kaj simile, kaj simi
fen	焚风	pejvo	【気】フェーン（山から吹きおろす暖かく乾燥した風）
mumi	干尸	pejvo	{Ｏ}ミイラ
lentan	五色梅	piv	【植】【PIV】1 G. (Genro) (Lantana el verbenacoj) de plantoj – 
centau^r	半人马	pejvo	【神】ケンタウロス
lem	引理	pejvo	【数】補助定理;【論】副命題
fau^l	违规	pejvo	［自］【運】反則する
aksiom	公理	pejvo	公理の,自明の
fau^n	兽群	pejvo	【動】動物相,ファウナ,=bestaro
hormon	激素	pejvo	{Ｏ}【生】ホルモン
stimulin	激素	piv	【生】【化】【PIV】Organisma substanco (precipe pp (se paroli pri)
ekstrapol	外推	pejvo	［他］【数】=eksterpoli（補外する）
agoni	垂死	pejvo	{Ｏ}［自］断末魔の苦しみを味わう,死に苦悶する;《転》最後が迫る
kompiler	编译	pejvo	［他］【情】=traduki（コンパイルする）
kaprimulg	夜鹰	pejvo	【鳥】ヨタカ（属）
alte	立葵	pejvo	{Ｏ}【植】タチアオイ（立葵）（属）
alce	立葵	piv	【植】【PIV】G. (Genro) (Alcea el malvacoj) de du-k plur-jaraj 
skrot	阴囊	pejvo	【解】陰嚢（いんのう）,=testikujo
melas	糖蜜	pejvo	{Ｏ}糖蜜
file	里脊	piv	【PIV】1 Karnoric^a peco de bovo, bovido, kapreolo ks (kaj s
tetanos	破伤风	piv	【医】【PIV】Infekta malsano, kau^zata de la toksino de la teta
frog	辙叉	piv	【PIV】Centra parto de trakforko au^ trakokrucaj^o, konsista
vikari	副祭	pejvo	{Ｏ}【カ】助任司祭
koron	日光环	pejvo	【天】【PIV】La ekstera parto de la suna atmosfero, etendig^ant
insinu	影射	piv	【PIV】(tr (transitiva)) 1 Lerte sugesti, subinspiri: insinu
terminal	终端	pejvo	【情】端末（データ端末）
alburn	白鱼	pejvo	【魚】ブリーク（ヨーロッパ産のコイ科の淡水魚）
kastor	河狸	pejvo	{Ｏ}【動】ビーバー（属）;ビーバーの毛皮
pastern	系部	piv	【PIV】Parto de c^evalkruro super la hufo, responda al la un
presbiop	老花	pejvo	【病】老眼の,>>hipermetropa,>>miopa
kalkulus	结石	pejvo	【医】【PIV】S^toneto el organikaj au^ neorganikaj substancoj, 
litiaz	结石	piv	【医】【PIV】Formig^o de s^tonetoj (kalkulusoj) en unu glando, 
regent	摄政	pejvo	{Ｏ}【政】摂政
emeritur	退休金	pejvo	退職年金,=emerita pensio
piton	巨蛇	pejvo	【動】ニシキヘビ（錦蛇）（属）
karis	假虎刺	piv	【植】【PIV】G. (Genro) (Carissa el apocinacoj) de 37 sp-oj (sp
apokalips	末启	pejvo	黙示録の;《転》難解な
koklus^	百日咳	pejvo	{Ｏ}【病】百日咳（ぜき）
g^el	凝胶	pejvo	【化】ゲル,>>koloido,>>solo
vipur	毒蛇	pejvo	{Ｏ}【動】クサリヘビ（鎖蛇）（属）;《般》マムシ（蝮）
puding	奶冻	pejvo	{Ｏ}【料】プディング,プリン
ekvipotencial	等势	piv	【理】【PIV】= egalpotenciala.
sena	决明	piv	【植】【PIV】G. (Genro) (Senna el fabacoj), tre parenca al kasi
heliant	向日葵	pejvo	【植】ヒマワリ（向日葵）（属）,=sunfloro
nekromanci	招魂	pejvo	（死者の霊を呼び出して未来を占う）降霊占い,降霊術,口寄せ,>>spiritismo
ukij	浮世绘	pejvo	【美】浮世絵
sizigi	大潮	pejvo	【天】【植】【PIV】1 Konjunkcio au^ opozicio de astro rilate al Su
suspensori	吊带	piv	【医】【PIV】Bandag^o, uzata por subteni la skroton.
legac	遗赠	pejvo	【法】遺贈,遺贈物
anduj	肚肠	piv	【PIV】Porka tripkolbaso: fumaj^ita andujo.
tentakl	触手	pejvo	【動】触手,触腕
pirit	黄铁矿	pejvo	{Ｏ}【鉱】黄鉄鉱
verben	鞭草	pejvo	{Ｏ}【植】クマツヅラ（熊葛）（属）;【園】バーベナ,ビジョザクラ（美女桜）
kakemon	挂轴	pejvo	【日】掛け物,掛け軸
turban	头巾	pejvo	{Ｏ}【服】ターバン
limed	甜柠	piv	【植】【PIV】1 Sp. (Specio) de citruso (Citrus limetta), arbo k
mamut	巨象	pejvo	マンモスの;巨大な
piment	多香果	pejvo	［他］【料】オールスパイスを入れる
kulvert	暗渠	piv	【PIV】Subvoja kondukilo au^ eta ponteto, kun spano suba je 
skorpen	蝎鱼	piv	【動】【PIV】G. (Genro) (Scorpaena) de fis^oj el la ordo de sko
vitral	彩窗	pejvo	ステンドグラス
okcipit	后脑	pejvo	【解】後頭部,=postkranio
tetr	琴鸡	pejvo	{Ｏ}【鳥】クロライチョウ（黒雷鳥）（種）
liken	地衣	pejvo	{Ｏ}【植】地衣;【病】苔蘚（たいせん）
involukr	总苞	pejvo	【植】総苞
dinosau^r	恐龙	pejvo	【古生】恐竜
gonad	性腺	piv	【解】【PIV】Organo de plurc^eluloj (i.a. (interalie, inter ali
salam	腊肠	pejvo	【料】サラミソーセージ,>>kolbaso
kurkuli	象甲	pejvo	【虫】ゾウムシ（科）,=bekskarabo;シギゾウムシ（属）,>>kalandrao
cili	纤毛	pejvo	【動】繊毛;【植】細毛
kaos	混乱	pejvo	混沌の;混沌とした,混乱した,無秩序の,=h^aosa
h^aos	混乱	pejvo	=kaosa（混沌とした）
korset	束腰	pejvo	{Ｏ}【服】コルセット
kori	绒膜	piv	【解】【動】【PIV】1 Ekstera parto de la placento, plejofte havant
ksantom	黄瘤	piv	【医】【PIV】Flava hau^ta tumoreto el lipidplenaj c^eloj.
epiornit	隆鸟	pejvo	【鳥】エピオルニス（絶滅した大型の走鳥類の鳥）
resurekt	复活	pejvo	［自］【キ】=revivig^i（復活する）
fritilari	贝母	pejvo	【植】バイモ（貝母）（属）;ヨウラクユリ
brig^	桥牌	pejvo	［自］ブリッジをする
konfisk	没收	pejvo	{Ｏ}［他］没収する,押収する,取りあげる
ependim	室膜	pejvo	【解】（脳室の）上衣
divan	长椅	pejvo	{Ｏ}ディバン（背・肘掛けのないソファー）,長椅子,>>kanapo;（トルコの）国政会議
kanap	长椅	pejvo	{Ｏ}（数人がけの背もたれ付き）長椅子,ソファー;【料】カナッペ,=s^mirpano
kvik	麦草	piv	【植】【PIV】1 (ss (striktasence)) Sp. (Specio) ordinara elitri
heterodin	外差	piv	【PIV】Oscililo por suralmeti neamortizig^antan ondon de mal
metilen	亚甲	pejvo	【化】メチレン基
c^ement	牙骨质	piv	【解】【PIV】1 Malmola substanco, formanta la eksteran tavolon 
oktant	八分	pejvo	【数】八分円;【天】八分儀
au^toklav	高压锅	piv	【技】【PIV】1 Speco de metala vazo tre fortika k hermete ferme
prim	质数	pejvo	【数】素数;【カ】一時課（早朝の祈り）
barikad	路障	pejvo	［他］バリケードを築く
skalen	斜角	piv	【解】【PIV】Nomo de pluraj oblikvaj muskoloj, kiuj levas la ri
pingven	企鹅	pejvo	{Ｏ}【鳥】ペンギン（科の総称）
sfenisk	企鹅	piv	【動】【PIV】G. (Genro) (Spheniscus) de pingvenoj, vivantaj en 
guas^	水粉	pejvo	【美】グワッシュ（不透明な水彩絵具の一種）;グワッシュ画
egret	冠羽	pejvo	【鳥】冠羽（かんう）;【服】（帽子の）羽根飾り;【植】（タンポポの）冠毛;【電】ブラシ放電
primordi	原基	piv	【植】【PIV】Junega au^ juna stadiformo de organo: primordio de
leksikon	词典	pejvo	{Ｏ}用語集,小辞典;【語】語彙（ごい）,語彙目録
afazi	失语	pejvo	【病】失語症
bordun	低音	piv	【楽】【PIV】Plej basa sonorilo, kordo au^ orgentubo.
enkau^stik	蜡画	piv	【史】【PIV】1 Farbo varme diluita en vakso. 2 S^miraj^o, konsi
zenit	天顶	pejvo	【天】天頂の
silt	粉砂	piv	【地質】【PIV】Detrita sedimento, el eroj (silteroj) c^. (c^irka
antraks	炭疮	pejvo	【病】炭疽（たんそ）（炭疽菌による伝染病）;【病】癰（よう）,疔（ちょう）（悪性の吹き出物）
konvekt	对流	pejvo	［他］【理】対流させる
dau^b	桶板	pejvo	【機】樽板,樽の側板
madz	钉头锤	piv	【史】【PIV】1 Peza, metalkapa klabo, uzata en Mezepokaj batalo
troposfer	对流层	pejvo	【気】対流圏,>>stratosfero
disertaci	论文	pejvo	（学術）論文,学位論文,=disertaj^o
asket	苦行	pejvo	苦行者;禁欲主義者
ametrop	屈光	piv	【医】【PIV】(pp (se paroli pri) okulo) Trafita de ametropeco.
kapus	航向	piv	【PIV】Direkto de la akso de s^ipo, rigardata de la posto al
portik	柱廊	pejvo	{Ｏ}【建】ポーチコ,柱廊式玄関
tof	凝灰	pejvo	【地質】凝灰岩（ぎょうかいがん）;【医】痛風結節（つうふうけっせつ）
rea	美洲鸵	piv	【動】【PIV】G. (Genro) (Rhea) de S-Amerikaj strutosimilaj bird
ileks	冬青	pejvo	{Ｏ}【植】モチノキ（属）;セイヨウヒイラギ,=akvifolio
kladik	支学	piv	【PIV】Metodo, kiu celas kiel eble plej objektivan klasifiko
miom	肌瘤	pejvo	【医】【PIV】Muskola tumoro.
paletr	调色板	pejvo	{Ｏ}【美】パレット;《転》（画家特有の）色調
esamen	蜂群	piv	【PIV】Abelsvarmo.
mering	蛋白霜	pejvo	［他］（菓子に）メレンゲをのせる
uv	葡萄	piv	【PIV】Vinberoj: la rug^a, la blanka uvo; rekomendi uvan kur
difeomorf	微分同胚	piv	【数】【PIV】(pp (se paroli pri) geometria objekto) Tia, ke ekz
difeomorfi	微分同胚	piv	【PIV】Bijekcio, kiu estas senfine kontinue derivebla same k
slum	贫窟	piv	【PIV】Urbokvartalo kadukig^inta k atinganta mizeran staton:
metazo	后生	pejvo	【動】【PIV】Plurc^ela, hista animalo.
kvartet	四重	pejvo	【楽】カルテット（四重唱曲，四重奏曲）;【楽】カルテット（四重唱団，四重奏団）
fronton	山花	pejvo	{Ｏ}【建】ペディメント（建物正面や戸・窓の上につけた三角形の部分）
reporter	记者	pejvo	《稀》=raportisto（レポーター）
centuri	百队	piv	【史】【PIV】(c^e la Romanoj) Cento da civitanoj au^ da soldato
sapot	人心果	piv	【植】【PIV】1 Alia, nelegitima nomo (Sapota) de la g. (genro) 
sinkop	切分	pejvo	{Ｏ}【楽】シンコペーション;【医】=sveno（失神）;【語】語中音省略
rekvizici	征用	pejvo	［他］【法】徴発する,徴用する,接収する
alk	驼鹿	pejvo	{Ｏ}【動】オオシカ
sinekur	闲职	pejvo	（待遇のよい）閑職,名誉職,楽な地位
tiktak	滴答	pejvo	［自］（時計が）チクタク鳴る,カチカチ鳴る
afust	炮架	pejvo	{Ｏ}【軍】砲架,銃架
bilharzi	血虫	piv	【PIV】(ark. (arkaismo, arkaisme)) = skistosomo.
skistosom	血虫	piv	【動】【PIV】G. (Genro) (Schistosoma) de parazitaj vermoj el tr
puntili	面子	piv	【PIV】Afero, kiu vive koncernas ies honoron.
introvertit	内向	pejvo	【心】内向性の人
hirud	吸血虫	pejvo	{Ｏ}【動】ヒル
kep	军帽	pejvo	{Ｏ}【服】ケピ帽（フランスの軍帽）;（円筒形でひさしの付いた）学生帽,制帽
tref	梅花	pejvo	{Ｏ}【遊】（トランプの）クラブ
poplit	膝窝	pejvo	【解】膝窩（しっか）,ひかがみ
gimnot	电鱼	pejvo	【動】ギムノートゥス（属）（デンキウナギ目の電気魚）
midriaz	散瞳	piv	【医】【PIV】Dilatig^o de la pupiloj.
s^utr	百叶窗	pejvo	【建】（窓の）シャッター,よろい戸,=fenestrokovrilo
mizantrop	厌人	pejvo	人間嫌いの人,厭世家
rasl	啰音	piv	【医】【PIV】Nenormala bruo, au^debla c^e brustau^skulto, k pro
kadrat	空铅	pejvo	【印】クワタ（活字組版で空白を埋める込め物）
asteri	海星	pejvo	【動】ヒトデ,=marstelo
uve	葡萄膜	piv	【解】【PIV】La vaskula membrano de la okulo, formita de la iri
ambr	龙香	pejvo	{Ｏ}竜涎香（りゅうぜんこう）,アンバーグリス
gazel	瞪羚	pejvo	{Ｏ}【動】ガゼル（属）,>>antilopo
abrazi	磨蚀	piv	【地質】【PIV】1 Erozio pro frotado de materialo transportita de
soldanel	雪铃	piv	【植】【PIV】G. (Genro) (Soldanella el primolacoj) de malaltaj,
robot	机器人	pejvo	{Ｏ}ロボット,人造人間;【機】産業用ロボット;【情】自動プログラム,ボット;《転》ロボット人間（自分の意志を持たず
kokcidi	球虫	piv	【動】【PIV】Subklaso (Coccidia) de sporozooj, parazitantaj en 
korm	茎叶体	piv	【植】【PIV】1 Vegeta korpo de la superaj plantoj, konsistanta 
cejan	蓝菊	pejvo	{Ｏ}【植】ヤグルマギク（矢車菊）
homotop	同伦	piv	【数】【PIV】(pp (se paroli pri) geometria figuro au^ spaco) Es
homotopi	同伦	piv	【PIV】Bildigo, kiu kontinue deformas unu figuron au^ spacon
reprezali	报复	pejvo	【法】（国家間の）報復,復仇（ふっきゅう）,>>veng^o
pergamen	羊皮纸	pejvo	{Ｏ}羊皮紙
karbonar	烧炭党	piv	【史】【PIV】Ano de karbonarismo.
nikotin	烟碱	pejvo	{Ｏ}【化】ニコチン
abdik	退位	pejvo	{Ｏ}［他］【政】（国王などが）退位する,譲位する,（高位者が）退任する,辞職する,>>demisii,>>eksi
dakriocist	泪囊	piv	【解】【PIV】Larmosako.
kokle	耳蜗	piv	【解】【PIV】(cochlea) Spiralforma osta kanalo, parto de la int
jut	黄麻	pejvo	【織】ジュート;【植】=jutplanto（ツナソ）
ordinat	纵标	pejvo	【数】縦座標,><absciso
meloman	乐迷	piv	【PIV】Muzik-amanto.
amonit	菊石	pejvo	【生】アンモナイト,アンモン貝
salp	海桶	piv	【動】【PIV】G. (Genro) (Salpa) de tunikuloj, malgrandaj, barel
elegi	挽歌	pejvo	哀歌の,悲歌の;哀愁をおびた,物悲しい
polo	马球	pejvo	【運】ポロ,=maleopilko
ocel	单眼	piv	【動】【PIV】1 Simpla okulo de multaj artropodoj. Vd omatidio. 
seminari	研讨	pejvo	{Ｏ}ゼミナール,セミナー,研究会;神学校
kazu	疑难	pejvo	【キ】（判断が難しい）信仰上の問題
kurar	箭毒	piv	【PIV】Drasta vegetaj^a veneno, estiganta muskolan paralizon
vitel	蛋黄	piv	【生】【PIV】Nutraj rezervoj de la ovo de animaloj.
notakant	刺背	piv	【動】【PIV】G. (Genro) (Notacanthus) de teleosteaj fis^oj el M
ekscentrik	偏心	pejvo	【機】偏心輪
nova	新星	piv	【天】【PIV】Stelo, kiu - pro eksploda forj^eto de siaj ekstera
hieroglif	象形	pejvo	{Ｏ}【史】ヒエログリフ,聖刻文字;《転》判読不能な文字
steven	首柱	pejvo	【海】船首材
prokavi	蹄兔	piv	【動】【PIV】G. (Genro) (Procavia) de hufuloj, malgrandaj, kun 
sinklinal	向斜	piv	【地質】【PIV】Konkava parto de falto. Vd antiklinalo.
rek	单杠	pejvo	【運】鉄棒
splint	夹板	piv	【医】【PIV】Lameneto el rigida materialo, metala, ligna au^ pl
propedeu^tik	预科	pejvo	予備教育の
lupol	蛇麻	pejvo	{Ｏ}【植】ホップ（種）
desapont	失望	piv	【PIV】(tr (transitiva)) Ne kontentigi la esperojn de iu.
nau^til	鹦螺	pejvo	【動】オウムガイ（属）
termit	白蚁	pejvo	{Ｏ}【虫】シロアリ（白蟻）（目の総称）
kariljon	钟琴	piv	【PIV】Sonorilaro, kiun oni ludas per klavaro, nun plejofte 
mitoz	等分	piv	【生】【PIV】Dividig^o de c^ela nukleo al du nukleoj genare ide
pantomim	哑剧	pejvo	{Ｏ}【劇】パントマイム,無言劇
eu^fau^zi	磷虾	piv	【動】【PIV】G. (Genro) (Euphausia) de krustacoj kun nag^kruroj
miso	豆酱	pejvo	【料】みそ
furier	军需	pejvo	【軍】食糧・宿舎係下士官
salangan	金丝燕	piv	【動】【PIV】G. (Genro) (Collocalia) de birdoj el la ordo de ap
vici	野豌豆	pejvo	【植】ソラマメ（空豆）（属）（ソラマメ、カラスノエンドウなどを含む）
maroken	软革	pejvo	［他］（牛皮・紙などを）モロッコ革風に作る
epitet	修饰	pejvo	{Ｏ}【Ｇ】付加形容詞,>>predikato
iliak	盆骨	piv	【解】【PIV】Koksosto.
granulom	粒瘤	piv	【医】【PIV】Nomo de inflamaj tumoroj, kau^zataj de diversaj in
amanit	鹅膏	pejvo	【菌】テングタケ（天狗茸）,ベニテングタケ
pilor	幽门	piv	【解】【PIV】(pylorus) Duodena orifico de la stomako. Vd kardjo
eu^metrop	正视	piv	【医】【PIV】(pp (se paroli pri) okulo) Tia, ke, estante en nea
samuraj	武士	pejvo	【日】武士,侍（さむらい）
ruf	赤褐	pejvo	《詩》=flavrug^a（赤褐色の）
mimoz	含羞	pejvo	{Ｏ}【植】ミモザ,オジギソウ（属）,>>akacio
diod	二极管	pejvo	【電】ダイオード
lazaret	检疫院	pejvo	（港・空港の）検疫所,隔離病院;野戦病院,>>malsanulejo
idili	田园	pejvo	牧歌的な,素朴で美しい
mangl	红树	pejvo	【果】マングローブ（の実）
rizofor	红树	piv	【植】【PIV】G. (Genro) (Rhizophora el rizoforacoj) de dau^rafo
propriocept	体感	piv	【生】【PIV】(tr (transitiva)) Percepti la pozicion k movojn de
iperit	芥气	pejvo	【軍】イペリット（毒ガスの一種）,マスタードガス
hif	菌丝	piv	【植】【PIV】Fadenforma elemento de funga micelio.
feldspat	长石	pejvo	【鉱】長石
albugine	白膜	piv	【解】【PIV】Tre blanka fibra membrano de testiko k aneksaj^o; 
luksaci	脱臼	pejvo	【医】脱臼（だっきゅう）,=elartikig^o
homeopati	顺势	pejvo	同種療法の,ホメオパシーの;《転》極微量の
kloroz	萎黄	pejvo	萎黄病の
hierodul	庙奴	piv	【宗】【PIV】Junulo au^ junulino, kiu devis log^i dum difinita 
oliban	乳香	pejvo	【植】乳香
s^am	鹿皮	pejvo	{Ｏ}セーム革,>>c^amo
jodl	假声	piv	【PIV】(ntr (netransitiva)) Kanti kun rapida alterno de kap-
aval	背书	pejvo	［他］【商】（手形を）裏書きする
maksim	格言	pejvo	{Ｏ}金言,格言,座右の銘
aneroid	无液	pejvo	【理】【PIV】1 (pp (se paroli pri) ujo) Vakuigita k elasta. 2 (
impotent	性无能	pejvo	（男性が）性的不能の,インポテンツの
dracen	龙血树	piv	【植】【PIV】G. (Genro) (Dracaena el dracenacoj) de arboj k tru
tul	网纱	pejvo	{Ｏ}【織】チュール（ベールやドレスに用いる網状の薄い布地）,亀甲紗（きっこうしゃ）
apoteoz	神化	pejvo	［他］神に祭る;あがめる
gilotin	断头	pejvo	［他］ギロチンにかける
paleozoik	古生	pejvo	古生代の
tandem	串联	pejvo	タンデム式に,縦列につないで
urat	尿酸盐	piv	【PIV】Unu el la saloj de la urata acido, kiu povas precipit
binar	二进	pejvo	【情】二進の,=duuma,>>duvalora,>>bitara
bleni	滑鱼	piv	【動】【PIV】G. (Genro) (Blennius) de fis^oj el la ordo de perk
ametist	紫晶	pejvo	{Ｏ}【鉱】紫水晶
arkad	拱廊	pejvo	{Ｏ}【建】アーケード（一区画）
ake	树懒	piv	【PIV】= bradip(od)o.
azo	无生	piv	【PIV】1 Senvivula, pli speciale senanimala. 2 Senfosilia.
fanfar	号角	pejvo	［自］ファンファーレを奏でる
divertikul	囊室	piv	【解】【PIV】Anatomia, patologia au^ teratologia sakforma kavo,
heksagon	六角	piv	【PIV】1 = regula sesangulo. 2 = sesangulo.
manis	穿山甲	piv	【動】【PIV】G. (Genro) (Manis) de sendentaj mamuloj el Afriko 
kiromanci	手相	piv	【PIV】Au^gurado surbaze de la formo k la linioj de mano.
almanak	历书	pejvo	{Ｏ}暦（こよみ）,暦書,>>kalendaro;年鑑,>>jarlibro
bav	口水	piv	【PIV】Speco de s^au^mo, kiun eligas iuj bestoj: bavo de buf
bras	帆索	piv	【PIV】S^nuro fiksita c^e la pinto de jardo au^ gafo, por g^
hals	帆索	piv	【PIV】Takelo au^ s^nuro c^e la antau^a malsupra angulo de v
bes^amel	白汁	pejvo	【PIV】Sau^co, farita el brunaj^o kun lakto: florbrasiko kun
faradiz	电疗	pejvo	［他］【医】感応通電法で治療する
kolocint	药瓜	pejvo	【植】コロシントウリ（種）
kompromis	妥协	pejvo	［自］妥協する,和解する
draj^	根芽	piv	【植】【PIV】S^oso, kiu kreskas el radiko k per kies replantado
nokau^t	击倒	pejvo	［他］【運】ノックアウトする,=knokau^ti
knokau^t	击倒	pejvo	［他］【運】ノックアウトする
cisticerk	囊尾虫	piv	【動】【PIV】Larvo de iuj tenioj, enkistig^anta en muskoloj k c
cerebel	小脑	pejvo	【解】小脳
atlet	选手	pejvo	{Ｏ}運動選手
kapor	山柑	pejvo	{Ｏ}【植】フウチョウボク（属）,ケーパー（種）;【料】ケーパー（つぼみの酢漬け）
c^uk	夹头	piv	【技】【PIV】Tiu parto de ilo au^ mas^ino, kiu estas fiksita al
kanibal	食人	pejvo	{Ｏ}食人種（の人）
batat	甘薯	pejvo	【植】サツマイモ（薩摩芋）（種）,甘藷（かんしょ）
androgin	雌雄	pejvo	【植】（同一花序に）雌雄両花のある
barbaden	西番莲	piv	【植】【PIV】1 Sp. (Specio) de pasifloro (Passiflora quadrangul
pleu^r	胸膜	pejvo	【解】胸膜,（旧用語で）肋膜（ろくまく）
apopleksi	卒中	pejvo	{Ｏ}【病】卒中,脳卒中,=cerbatako
amfibrak	短长短	pejvo	【文】抑揚抑格,短長短格
stalaktit	乳石	pejvo	{Ｏ}【地質】鍾乳石
sakristi	圣器	pejvo	{Ｏ}【キ】（教会の）聖具室
potas	钾碱	pejvo	{Ｏ}【化】灰汁（あく）,カリ（炭酸カルシウムの俗称）;=kau^stika potaso
binom	二项	pejvo	【数】二項式の
palatin	宫伯	piv	【史】【PIV】Grafo, havanta en sia graflando la saman jurisdikc
krin	颈毛	piv	【PIV】C^iu el la longaj haroj de c^evala, leona ktp (kaj ti
delfen	海豚	pejvo	{Ｏ}【動】イルカ
ligustr	女贞	pejvo	【植】イボタノキ（属）
pemikan	干肉	piv	【PIV】Preparaj^o el sekigita k pistita viando, miksita kun 
komet	扫星	pejvo	{Ｏ}【天】彗星（すいせい）
nekropsi	检尸	pejvo	［他］【医】検死する
pau^t	翘嘴	pejvo	［自］口をとがらす,ふくれ面をする,=lipmieni
j^uri	陪审	pejvo	【法】陪審;《転》（コンテストなどの）審査員団,=jug^antaro
pederasti	童色	pejvo	少年愛;男色
pudl	搅炼	piv	【PIV】(tr (transitiva)) Pritrakti krudferon, por ricevi mol
stratosfer	平流层	pejvo	【気】成層圏,>>troposfero
kolc^ik	秋水仙	pejvo	【植】コルチカム（属）,イヌサフラン
s^il	乳液	pejvo	《古》【医】=>c^ilo（乳糜）
jah^t	游艇	pejvo	【海】=jakto（ヨット）
herpet	泡疹	pejvo	【病】ヘルペス,疱疹（ほうしん）
pentagon	五角	pejvo	【数】五角形,=kvinangulo
til	碎麻	piv	【服】【PIV】Instrumento por disfibrigi tigojn k forigi la senu
kromatin	染色质	piv	【化】【生】【PIV】C^elnuklea kolorigebla substanco, konsistanta e
onkocerk	盘尾	piv	【動】【PIV】G. (Genro) (Onchocerca) de filarioj, hau^taj paraz
kaki	土黄	pejvo	カーキ色の
au^reli	海月	piv	【動】【PIV】G. (Genro) (Aurelia) de celenteruloj el la klaso d
salvi	鼠尾草	pejvo	{Ｏ}【植】サルビア（属）,アキギリ（属）;セージ（種）
eskalon	梯队	piv	【軍】【PIV】C^iu el la elementoj de trupo arang^ita en tia ord
s^ankr	毒疮	pejvo	{Ｏ}【病】下疳（げかん）,>>ulcero
furunk	毒疮	pejvo	{Ｏ}【病】せつ,ちょう,ねぶと
karbunkl	毒疮	pejvo	【病】癰（よう）の,疔（ちょう）の
anksi	忧虑	piv	【医】【PIV】Stato de psika perturbo k agitig^o: maltrankvileco
stag^	实习	pejvo	研修（実習）期間
sklerot	巩膜	piv	【解】【植】【PIV】1 (sclera) Fibreca membrano, kiu konsistigas la
dipsak	续断	pejvo	【植】ナベナ（属）
mancinel	毒苹	pejvo	【植】マンチニール（有毒な樹液を分泌する熱帯アメリカ産低木）
oestr	发情	piv	【生】【PIV】Fiziologia stato de ina mamulo dum la maturig^o de
teleks	电传	piv	【PIV】Speco de telegrafo, konsistanta el teletajpilo, konek
nebuloz	星云	pejvo	【天】星雲
inocent	无罪	pejvo	=senkulpa（KK,War,F. de Diego）【私家版】
siluet	剪影	pejvo	{Ｏ}シルエット,輪郭,影法師;影絵
maneg^	驯马	pejvo	【馬】調馬術;調馬場,乗馬学校
mastoid	乳突	piv	【解】【PIV】(processus mastoideus) Postorela elstaraj^o de la 
flan	蛋奶	pejvo	{Ｏ}【菓】フラン（円くて平たいカスタードクリーム入りのパイ）
arkipelag	群岛	pejvo	{Ｏ}群島,諸島,>>insularo
eu^fori	欣快	piv	【医】【PIV】Sento de bonfarto, jen reala (c^e resanig^o ktp (k
duktil	延展	pejvo	【理】可延性の,>>dratigebla,>>etendebla
skun	帆船	pejvo	【海】スクーナー（二本以上のマストをもつ縦帆船）
lugr	帆船	pejvo	【海】ラガー（小型の帆船）
koder	码元	piv	【PIV】1 Unu el la signoj au^ grupoj de signoj en kodo 2. 2 
klejstogam	闭花	piv	【植】【PIV】(pp (se paroli pri) floro au^ florplanto) Karakter
sien	红土	pejvo	【化】シエンナ（赤褐色の顔料）
nelg	不长	piv	【PIV】Antau^ nelonge: en la tombejo, nelge, vi parolis kun 
flanel	毛绒	pejvo	{Ｏ}【織】フランネル,ネル,フラノ（毛織物の一種）
komplic	同谋	pejvo	【法】共犯者,=kunkulpulo;（犯罪の）加担者,=krimhelpanto
neglig^	便袍	pejvo	{Ｏ}【服】ネグリジェ,部屋着,化粧着
mucilag	粘液	pejvo	粘液質の
ambliop	弱视	piv	【医】【PIV】Havanta difektig^on de la vidkapablo, kvankam ne h
pone	矮马	pejvo	【PIV】C^evalo de malgranda raso (ne pli ol 1,40 m), kun lon
tukan	巨嘴鸟	pejvo	{Ｏ}【鳥】オオハシ（大嘴）（科）
kobr	眼镜蛇	piv	【動】【PIV】Kn (Kolektiva nomo) de la venenaj serpentoj el la 
silen	蝇子草	piv	【植】【PIV】G. (Genro) (Silene el kariofilacoj) de plantoj - u
kolier	项链	pejvo	ネックレス,=kolc^eno
grifel	石笔	pejvo	［他］石筆で書く;彫刻刀で刻む
sulfam	氨硫	piv	【化】【PIV】Radiko de sulfamata acido (en kunmetaj^oj).
staki	水苏	piv	【植】【PIV】G. (Genro) (Stachys el lamiacoj) de plantoj - unu-
slang	俗语	pejvo	【語】スラング,仲間言葉,俗語,>>j^argono
ostrak	陶片	piv	【史】【PIV】En antikveco, potfragmento, sur kiu oni strekis vo
alabastr	雪花石膏	pejvo	{Ｏ}【鉱】アラバスター（大理石の一種）;【鉱】雪花石膏（せっかせっこう）
prelud	前奏	pejvo	［自］前奏曲を演奏する
aperitiv	开胃酒	pejvo	{Ｏ}【料】アペリチフ,食前酒,>>digestigaj^o
ekzoftalmi	凸眼	piv	【医】【PIV】Elstareco de la okulgloboj el la orbitoj.
zepelin	硬式飞艇	pejvo	【空】ツェッペリン飛行船,硬式飛行船,>>aers^ipo
sekstant	六分仪	pejvo	【海】六分儀
board	迎风	pejvo	［自］【海】まぎる,ジグザグに帆走する;《転》回り道をする,遠回しの手段をとる
uvul	小舌	pejvo	口蓋垂の
karoseri	车身	pejvo	{Ｏ}【車】車体,ボディー
sirop	糖浆	pejvo	{Ｏ}シロップ;【薬】シロップ剤
konik	锥线	pejvo	【数】円錐（えんすい）曲線,>>konuso
holoturi	海参	pejvo	【動】ナマコ（海鼠）（綱の総称）,=markolbaso
nandin	天竹	pejvo	《Ｎ》【植】ナンテン（南天）（specio el berberisacoj，_Nandina domestica_，
vikun	小羊驼	pejvo	【動】ビクーニャ（ラマに似たアンデス産の偶蹄類）
konjugaci	变位	pejvo	［他］【Ｇ】（動詞を）活用させる,変化させる
perlamot	珠层	pejvo	真珠層の;真珠光沢の
fasc^in	柴束	pejvo	［他］束柴（そくさい）で補強する
skolastik	经院	pejvo	スコラ哲学の;《転》形式主義の,煩瑣な
limonad	柠檬水	pejvo	{Ｏ}【料】レモネード
karak	商舶	piv	【PIV】Granda mezepoka komercos^ipo. Vd galiono, karavelo.
spam	垃圾	pejvo	《Ｎ》【情】スパム（迷惑メールなど）
mediastin	纵隔	piv	【解】【PIV】(mediastinum) Meza regiono de la toraka kavo, ente
trikofit	毛癣菌	piv	【植】【医】【PIV】G. (Genro) (Trichophyton) de c^. (c^irkau^) 20 
gluten	面筋	pejvo	【化】グルテン
katabol	分解	piv	【生】【PIV】Tuto de la procezoj de malkonstruo de protoplasmo 
kric^	尖叫	pejvo	［自］金切り声を上げる,キーッと鳴く,キーキー鳴る
karakal	耳猫	piv	【動】【PIV】Sp. (Specio) de linko (Lynx caracal), vivanta en d
prozelit	改宗	pejvo	{Ｏ}新信者,新加入者;（ユダヤ教への）改宗者
akvafort	蚀刻	pejvo	［他］銅版に彫る
sepi	墨鱼	pejvo	{Ｏ}【動】コウイカ（類）;《般》イカ（烏賊）,>>loligo;セピア色
alb	白袍	pejvo	【キ】アルバ（司祭の着る白い祭服）
tenar	鱼际	piv	【解】【PIV】(thenar) Elstaraj^o en la manplato c^e la bazo de 
aktini	海葵	piv	【動】【化】【PIV】1 Rozosimila ses-koralulo (Actinia k parencaj g
kasi	腊肠树	piv	【植】【PIV】G. (Genro) (Cassia el fabacoj) de arboj kun plume 
kebab	烤肉	pejvo	《Ｎ》【料】ケバブ （中東の焼肉料理）
kason	沉箱	pejvo	【建】潜函,ケーソン;【建】（天井の）格間（ごうま）
okzal	酸模	pejvo	{Ｏ}【植】スイバ（酸葉）（種）
ral	秧鸡	piv	【動】【PIV】G. (Genro) (Rallus) de malgrandaj vadbirdoj el la 
bakalau^r	学士	pejvo	（大学の）学士（日英米）,>>licenciato,>>magistro;バカロレア（大学入学資格所有者）,>>ab
konfirmaci	坚信礼	pejvo	［他］【キ】堅信を授ける
kibic	多嘴	piv	【PIV】G^ena sintrudulo, kiu ekz. (ekzemple) rigardas kartlu
bart	鲸须	pejvo	鯨のひげ;（コルセットの）張り骨
abak	算盘	pejvo	【数】計算盤,そろばん,>>sorobano;【建】（円柱頭部の）冠板（かむりいた）
detrit	碎屑	piv	【地質】【PIV】Mineralo au^ fragmento de mineralo, de roko au^ d
primat	灵长	pejvo	【動】霊長類（の動物）
apercept	统觉	piv	【哲】【PIV】1 Konscia perceptado; kapablo sintezi la perceptaj
knedlik	面团	pejvo	《Ｎ》【料】団子,=pastobulo
flameng	火烈鸟	piv	【動】【PIV】Fenikoptero. -> flamengofloro.
nostalgi	怀旧	pejvo	郷愁に満ちた
jalap	泻块根	pejvo	【薬】ヤラッパ
paprik	甜椒	pejvo	{Ｏ}【料】パプリカ,甘唐辛子（あまとうがらし）,>>rug^a pipro
skizofreni	精神分裂	pejvo	【病】統合失調症（以前は精神分裂症と呼ばれた）
skalp	头皮	pejvo	［他］頭皮をはぎ取る
kokolit	颗石	piv	【植】【PIV】1 G. (Genro) Coccolithus el kokolituloj. 2 C^iu el
liturgi	礼拜	pejvo	礼拝の,典礼の
lamprid	月鱼	piv	【動】【PIV】Granda mara fis^o (unuspecia g. (genro) Lampris gu
vajr	松鼠皮	piv	【PIV】Pelto, prezentata per vicoj de helmetformaj bildoj, a
domen	骨牌	pejvo	{Ｏ}【遊】ドミノ;【服】ドミノ（仮装舞踏会用の頭巾付きマント）
balist	弓炮	pejvo	【軍】弩砲（どほう）（石や矢を飛ばす古代の攻城兵器）
suber	木栓	piv	【植】【PIV】Histo de vaskulplantoj, konsistanta el fruevolue m
adjudant	准尉	piv	【軍】【PIV】En pluraj armeoj, suboficiro de alta grado.
dinornit	恐鸟	pejvo	【古生】ディノルニス（属）;モア（絶滅した大型の走鳥類）
koncili	宗会	pejvo	公会議の,宗教会議の
cibet	灵猫香	pejvo	じゃ香
alvus	鱼苗	pejvo	（養殖した）稚魚
rung	横档	piv	【技】【PIV】Lateto ligna au^ metala kun ronda au^ ortangula se
s^al	披肩	pejvo	{Ｏ}【服】ショール,肩掛け
koriandr	香菜	pejvo	【植】コエンドロ（属）;コリアンダー
procesor	处理器	pejvo	【情】プロセッサ,処理装置,=prilaborilo
torf	泥炭	pejvo	{Ｏ}【鉱】泥炭（でいたん）
skarlatin	猩红热	pejvo	{Ｏ}【病】猩紅（しょうこう）熱
tetan	强直	pejvo	{Ｏ}【病】破傷風;【医】（筋肉の持続的）強縮,強直けいれん
akredit	信任	pejvo	［他］（外交官などに）信任状を与えて派遣する
puerper	产后	piv	【医】【PIV】Rilata al la akus^o k al la periodo, kiu tuj sekva
frakt	分形	piv	【数】【PIV】Geometria figuro kun ric^a detala strukturo je ajn
pitiat	劝愈	piv	【医】【PIV】(ark. (arkaismo, arkaisme)) Resanigebla per la per
operac	作战	pejvo	【軍】作戦,軍事行動
balan	藤壶	piv	【動】【PIV】1 G. (Genro) (Balanus) de maraj krustacoj el la su
kolazion	加餐	pejvo	［自］間食する,軽食をとる,おやつを食べる
asbest	石棉	pejvo	{Ｏ}【鉱】アスベスト
absid	后殿	pejvo	【建】アプス,（教会の）後陣（長方形の建物の一端に張り出した半円形の部分）
imagin	成虫	pejvo	【虫】成虫,成体,>>larvo,>>pupo
tini	头癣	pejvo	【医】【PIV】Grupa nomo de iaj parazitaj dermatozoj de la kapha
precedenc	先例	pejvo	先例,前例
lapil	火砾	piv	【地質】【PIV】Lafero, inter 2−60 mm (milimetro(j)) dimensia, el
imperfekt	未完	pejvo	{Ｏ}【Ｇ】半過去,未完了時制
linotip	铸排	pejvo	【印】ライノタイプ
alism	泽泻	piv	【植】【PIV】G. (Genro) (Alisma el alismacoj) de 9 sp-oj (speci
kontralt	女低	pejvo	{Ｏ}【楽】コントラルト（女声の低音域）,>>aldo,>>soprano
teorem	定理	pejvo	{Ｏ}【数】定理,>>aksiomo
ekspedici	远征	pejvo	探検隊;遠征軍
disonanc	不谐	pejvo	不協和音の;耳障りな;不調和な
ligatur	结扎	piv	【医】【PIV】1 a) Fadeno, per kiu oni ligas sangan vaskulon, ki
servic	餐具	pejvo	{Ｏ}【料】食器セット,食器ひとそろい
tektonik	构造	piv	【地質】【PIV】Scienco pri la tektonoj.
madrigal	情歌	pejvo	【文】マドリガル（叙情短詩）,恋歌;【楽】マドリガル（無伴奏の多声歌曲）;《転》恋の甘言
gej	同性	piv	【PIV】(fm (familiara, familiare)) Samseksemulo.
opilion	盲蛛	piv	【動】【PIV】G. (Genro) (Opilio) de artropodoj el la klaso de a
kopr	椰干	pejvo	【植】コプラ（ココヤシの胚乳を乾燥したもの）
stencil	蜡纸	pejvo	謄写版原紙,ステンシルペーパー
mioz	缩瞳	piv	【医】【PIV】Mallarg^ig^o de la pupilo.
kaprifoli	忍冬	pejvo	【植】スイカズラ（科）;=lonicero
metakarp	掌骨	pejvo	【解】中手,掌部;中手骨,掌骨
scil	绵枣儿	piv	【植】【PIV】G. (Genro) (Scilla el hiacintacoj) de plurjaraj he
krasul	厚叶	pejvo	【植】クラッスラ（属）（ベンケイソウ科の多肉植物）
anastigmat	无散光	pejvo	【理】【写】非点収差のない
pudend	阴部	piv	【解】【PIV】Parto, kiu etendig^as de la pubo g^is la anuso, k 
ofiur	蛇尾	piv	【動】【PIV】G. (Genro) (Ophiura) de ekinodermoj, en formo de k
celakant	矛尾鱼	pejvo	【魚】シーラカンス
resonanc	共鸣	pejvo	【理】共鳴,共振
galen	方铅矿	pejvo	【鉱】方鉛鉱
sacerdot	祭司	pejvo	{Ｏ}【キ】（カトリックなどの）司祭,>>pastro
mehar	赛驼	piv	【PIV】Kurdromedaro.
kupol	圆顶	pejvo	{Ｏ}【建】円天井,丸屋根,ドーム;【軍】砲塔
petazit	蜂斗菜	pejvo	《Ｎ》【植】フキ（蕗）（genro _Petasites_ el kompozitoj，de plurjaraj h
vodevil	歌舞剧	pejvo	【劇】ボードビル
cum	聚伞	piv	【植】【PIV】(cyma) Decentra infloresko (k finevolue infruktesk
nimfe	睡莲	pejvo	【植】スイレン（睡蓮）（属）,=akvolilio
talam	丘脑	piv	【解】【PIV】(thalamus) Nomo de du dikaj kernoj de griza substa
ureter	输尿管	pejvo	【解】尿管,=urinkanalo
seton	引流	piv	【医】【PIV】Mec^o, duloke trapasanta la hau^ton k uzata por dr
celenter	腔肠	pejvo	【動】【PIV】Interna kavo de malsuperaj bestoj, kies sakforma k
hiacint	风信子	pejvo	{Ｏ}【植】ヒアシンス（属）
tantiem	红利	pejvo	【商】利益配当,役員配当;著作権使用料,印税
fulgor	蜡蝉	piv	【動】【PIV】G. (Genro) (Fulgora) de insektoj el la ordo de hem
akumulator	蓄电	pejvo	【電】蓄電池,=akumulilo
neu^trin	中微子	pejvo	【理】ニュートリノ,中性微子
puc^	政变	pejvo	【政】政治的暴動,反乱,クーデター,=s^tatrenverso
sibarit	享乐	pejvo	軟弱な道楽者
impos^t	拱座	piv	【PIV】1 Eltranc^ita s^tonego, g^enerale iom elstaranta, sur
korsar	私掠	pejvo	{Ｏ}【史】私掠船船長,私掠船乗組員,=kaperisto,>>pirato;=korsars^ipo（私掠船）
pipet	移液	pejvo	【化】ピペット
sukijak	牛锅	pejvo	［自］すき焼きをする
j^ak	插孔	pejvo	【電】ジャック,>>s^topilo;《廃》=redingoto（フロックコート）
metoksi	甲氧	piv	【化】【PIV】La radiko CH 3-O-, tre ofta en naturaj produktoj: 
neoti	鸟巢兰	piv	【植】【PIV】G. (Genro) (Neottia el orkidacoj) de 9 sp-oj (spec
panikl	圆锥	pejvo	【解】皮下脂肪;【植】円錐花序
holoste	硬骨	piv	【PIV】= holosto.
kancelier	首相	pejvo	{Ｏ}【史】大法官,国璽尚書;【政】（ドイツの）首相;（団体の印章を管理する）事務局長
aspart	天冬	piv	【化】【PIV】Radiko de aspartata acido (en kunmetaj^oj).
kazuar	鹤鸵	pejvo	【鳥】ヒクイドリ（属）
korne	角膜	pejvo	{Ｏ}【解】角膜
fagot	大管	pejvo	{Ｏ}【楽】ファゴット,バスーン
brusk	暴躁	piv	【PIV】Malmilde, akre malg^entila pro senpacienco au^ malbon
ag^i	升水	pejvo	{Ｏ}【商】打歩（うちぶ）,（通貨の）両替差額
lukan	锹甲	pejvo	【虫】クワガタムシ（属）,=cervskarabo
garol	松鸦	pejvo	{Ｏ}【鳥】カケス（属）
spekulaci	投机	pejvo	=spekuli（投機をする）
fuzi	聚变	pejvo	【理】核融合,>>fisio
ork	虎鲸	pejvo	【動】シャチ（鯱）（種）
talk	滑石	pejvo	［他］滑石粉を塗る
kvadratur	求积	pejvo	{Ｏ}【数】求積法
angiom	血管瘤	piv	【医】【PIV】Tumorsimila formacio, konsistanta el angioj, apart
sinod	宗议	pejvo	教会会議の
kompot	糖煮	pejvo	{Ｏ}【料】コンポート（果物の砂糖煮）
paradize	极乐鸟	pejvo	【鳥】フウチョウ（風鳥）,ゴクラクチョウ（極楽鳥）（科の総称）,=paradizbirdo
pavez	船墙	pejvo	【海】舷墻（げんしょう）（上甲板舷側上の防壁）
fonem	音位	pejvo	【声】音素
ruben	红宝	pejvo	{Ｏ}【鉱】ルビー,紅玉
hepatik	肝草	pejvo	【植】スハマソウ（属）,=hepatherbo
gobius	虾虎	pejvo	【魚】ハゼ（科の総称）;ゴビウス（属）
rekvizit	道具	piv	【PIV】Objekto (meblo, ilo kc (kaj ceteraj)) necesa por plen
katgut	肠线	pejvo	【医】【楽】【PIV】1 Fadeno el organika substanco, uzata en kirurg
vrak	残船	piv	【PIV】1 Ruino de s^ipo, aviadilo au^ alia veturilo, kus^ant
elitr	硬翅	pejvo	【虫】（甲虫類の）翅鞘（ししょう）,さやばね
eritroni	猪牙花	pejvo	【植】【PIV】G. (Genro) (Erythronium el liliacoj) de herboj kun
difteri	白喉	pejvo	ジフテリアの,ジフテリア性の
likvesk	潮解	piv	【理】【化】【PIV】Ig^i likva pro ensorbado de akvovaporo el la ae
alkemi	炼金	pejvo	{Ｏ}錬金術
glikogen	糖原	piv	【化】【PIV】Polisakarido, (C 6 H 10 O 5) n, trovebla precipe e
katarakt	白内障	pejvo	{Ｏ}【病】白内障
divizor	约数	pejvo	［自］【数】約数である
ekspektor	咳痰	piv	【医】【PIV】(ntr (netransitiva)) Forj^eti tra la bus^o la muko
epifiz	骨端	pejvo	【解】骨端
katafor	下指	piv	【語】【PIV】Sintaksa procedo, per kiu ripetig^as sub alia form
brec^i	角砾岩	piv	【地質】【PIV】Sedimenta, klasta petro, konsistanta el minimume 
gulas^	煮牛	pejvo	【料】グラッシュ,グヤーシュ（ハンガリー風ビーフシチュー）
vernaliz	春化	piv	【植】【PIV】(tr (transitiva)) Kau^zi antau^ la normala tempo f
himen	处女膜	pejvo	【解】処女膜
psikedel	迷幻	piv	【医】【心】【PIV】Rilata al psikedelismo.
kolofon	松香	pejvo	{Ｏ}【化】ロジン,=rezinaj^o
siest	午睡	pejvo	［自］昼寝する,午睡する
pjel	肾盆	piv	【解】【PIV】(pelvis renalis) Rena pelveto, c^e la komenco de l
hipokondri	疑病	pejvo	【病】心気症,ヒポコンデリー
likopodi	石松	pejvo	【植】ヒカゲノカズラ（属）
alcion	翠鸟	pejvo	{Ｏ}【鳥】カワセミ
komoci	震荡	piv	【医】【PIV】Organskuo, kau^zita de bato trafinta korpoparton p
aliteraci	头韵	pejvo	【文】頭韻（法）
ekstradici	引渡	pejvo	［他］【法】（他国からの逃亡犯罪人を）引き渡す,>>transdoni
azale	杜鹃	pejvo	【植】アザレア;ツツジ（躑躅）,>>rododendro
s^malc	猪油	piv	【PIV】Fandita k mola bestograso: s^malco kun grivoj; s^malc
citronel	香茅	piv	【植】【PIV】Sp. (Specio) de cimbopogono (Cymbopogon nardus) el
pastel	含片	pejvo	{Ｏ}【菓】ドロップ;（薬用の）トローチ,糖衣錠
petiol	叶柄	pejvo	【植】葉柄,=folitigo
piore	脓漏	pejvo	【医】【PIV】Piooreo (Vd (vidu) pioo).
kreml	城堡	pejvo	【史】（中世ロシアの都市の）城砦,>>fortikaj^o
promontor	海角	pejvo	{Ｏ}【地理】岬（みさき）
skalar	标量	pejvo	【数】スカラーの
pamflet	批文	pejvo	{Ｏ}【政】批判攻撃文書,風刺攻撃文書,>>bros^uro
zip	拉链	pejvo	［他］ファスナーで閉じる
tetrark	分王	piv	【史】【PIV】Reganto de tetrarkejo: la tetrarko Herodo .
redoks	氧减	piv	【化】【PIV】Duopo, konsistanta el du atomoj, jonoj au^ molekul
tril	颤歌	pejvo	［自］【楽】トリルで歌う;《転》（鳥が）声を震わせてさえずる
ekskori	擦伤	pejvo	［他］【医】=skrapvundi（擦りむく）
milic	民兵	pejvo	民兵隊,義勇軍,国民軍
sial	硅铝	piv	【地質】【PIV】La supra parto de la kontinenta terkrusto, konsis
flau^r	植群	pejvo	【植】植物相,フロラ,=vegetaj^aro
kraks	冠鸡	piv	【動】【PIV】G. (Genro) (Crax el kraksedoj) de grandaj galinofo
lavang	雪崩	pejvo	雪崩のように
sozi	替身	pejvo	《Ｎ》ドッペルゲンガー,うり二つの人,>>duulo
tindr	火绒	pejvo	{Ｏ}ほくち（火口）
goliard	游学	piv	【史】【PIV】Unu el la migrantaj kleruloj (studentoj, klerikoj 
link	山猫	pejvo	{Ｏ}【動】オオヤマネコ（属）（大山猫）
orl	缝边	pejvo	［他］ふち縫いする,ふちをまつる
glir	睡鼠	pejvo	【動】オオヤマネ,=dormomuso
gejs^	艺妓	pejvo	【日】芸者,芸妓（げいこ）
omar	龙虾	pejvo	{Ｏ}【動】ウミザリガニ（属）,オマールエビ,ロブスター,>>palinuro
kristalin	晶体	piv	【解】【PIV】Natura lenso de la okulo, situanta malantau^ la pu
erizipel	丹毒	pejvo	{Ｏ}【病】丹毒（たんどく）
bronz	青铜	pejvo	青銅の
antiklinal	背斜	piv	【地質】【PIV】Konveksa parto de falto. Vd sinklinalo.
