char	root	gloss
差	aberaci	光行差;収差
杉	abi	モミ（樅）（属）
渊	abism	深淵（しんえん）の,底知れないほど深い;深海の
堕	abort	［他］流産する;［自］《転》中止になる
绝	absolut	絶対の,無条件の,完全な,全くの,>>senkondic^a,>>perfekta
戒	abstin	節制した,禁欲している;精進の
谬	absurd	非常識な,不合理な;ばかげた,ばかばかしい;不条理な
丰	abund	有り余るほどの,豊富な,>>ric^a
劣	ac^	粗悪な,つまらない,いやしい,下品な
买	ac^et	［他］買う,購入する;=subac^eti（買収する）
枫	acer	カエデ（楓）（属）
酸	acid	酢酸
状	adjekt	状況副詞節
佩	admir	［他］感嘆する,賛美する;敬服する,感心する
劝	admon	［他］言い聞かせる,勧告する,強く勧める;戒める,訓戒する,説諭する,叱責する
址	adres	絶対アドレス,絶対番地
涩	adstring	収斂性の;=adstringagusta（渋い）
善	afabl	愛想のよい,親切な;ものやわらかな,ていねいな;使いやすい,ユーザーフレンドリーな
岁	ag^	年齢の;年をとった,>>maljuna
搅	agit	［他］（激しく）揺り動かす,動揺させる,かきたてる;扇動する,あおり立てる;かき回す,撹拌する
蒜	ajl	にんにくを含む;にんにく臭い,にんにく味の
受	akcept	［他］受入れる,受理する;迎え入れる;容認する
祸	akcident	事故の;偶発的な
陪	akompan	［他］同行する;伴奏する
腋	aksel	腋（わき）の下;葉腋（ようえき）
演	aktor	［自］演技する
累	akumul	累積度数分布
宾	akuzativ	対格の
别	ali	ほかの,別の,その他の;もう一つの
醇	alkohol	無水アルコール
施	almoz	=almozpeti
峰	alp	ミネズオウ（峰蘇芳）（種）
柴	alumet	マッチ
铝	alumini	アルミニウム
堆	amas	大量の
两	ambau^	
踱	ambl	［自］側対歩で進む,>>galopi,>>troti
友	amik	友達の,友好的な
赦	amnesti	大赦令
氨	amoniak	アンモニア（気体）,アンモニア水
扩	amplif	［他］=amplifiki（増幅する）
娱	amuz	楽しい,余興の
鸭	anas	アヒル（家鴨）
剖	anatomi	解剖学
簧	anc^	（管楽器の）リード,簧（した）
行	andant	（速度標語）歩く速さで
闻	anekdot	逸話,ゴシップ,奇聞;小話
忧	angor	苦悶の,不安にかられた
魂	anim	魂の;=animita
也	ankau^	
锚	ankr	［他］錨をおろす;（気球を）係留する
鹅	anser	ガチョウ（鵞鳥）;《転》まぬけ者
肛	anus	肛門の
先	aprior	先天的な,演繹（えんえき）的な,><aposteriora
肯	aprob	［他］賛成する,同意する;是認する,認可する
旁	apud	かたわらの
擅	arbitr	任意の,勝手気ままな
弓	arc^	（弦楽器の）弓
逮	arest	［他］逮捕する
弧	ark	アーク放電
武	arm	武力紛争
葛	arorut	くず湯
洒	asperg	［他］（植木などに）水をやる;聖水を振りかける
祖	atav	
待	atend	［他］待つ;期待する
到	ating	［他］着く,届く,到達する
归	atribu	［他］割り当てる;（〜の）せいにする
或	au^	
敢	au^dac	大胆な,ずぶとい
晓	au^ror	曙（あけぼの）,夜明け;曙光（しょこう）;=polusa lumo（極光）
秋	au^tun	秋の
吝	avar	欲の深い,けちな
冒	aventur	冒険の,冒険的な
均	averag^	平均の
贪	avid	渇望している;むさぼるような
驴	azen	ロバの;愚かな
聊	babil	［自］雑談する,おしゃべりする
琐	bagatel	つまらない,取るに足りない
竹	bambu	竹製の
浴	ban	［他］水浴させる;（液体に）浸しておく;（水などを）浴びせかける
蕉	banan	バナナの皮
挣	barakt	［自］もがく,じたばたする;《転》苦闘する
胡	barb	（あごやほおに）ひげの生えた
蛮	barbar	未開の
舶	bark	小型船,小型帆船（s^ipoより小さく、boatoより大きい）;バーク船
爵	baron	男爵;（中世、国王から領地を与えられた）諸侯
庶	bastard	嫡出でない
棒	baston	［他］棒で叩く（たたく）
婴	beb	赤ん坊の
圃	bed	（細長い）野菜畑,花壇
憾	bedau^r	残念にも,気の毒そうに
嘴	bek	［他］（くちばしで）つつく;［自］さえずる
美	bel	美しい,きれいな;立派な,すばらしい;（天気が）晴れた
凳	benk	ベンチ
桦	betul	カバノキ（属）,シラカバ（白樺）
需	bezon	必要な,=bezonata
画	bild	絵を用いた
吠	boj	［自］（犬が）ほえる;《転》（人が）わめく,がみがみ言う
牡	bok	反すう動物の雄（雄山羊、雄鹿など）
沸	bol	［自］沸騰する,煮えたぎる;《転》荒れ狂う,激高する
菇	bolet	イグチ（アミタケ科のキノコの総称）,=tubofungo
岸	bord	岸,縁（ふち）
靴	bot	Alta leda piedvesto, kiu atingas g^is genuo au^ pli alte: le
碗	bovl	深皿,碗（わん）,丼（どんぶり）,ボウル,>>tasego
臂	brak	上腕二頭筋
苞	brakte	Folio, aksele de kiu formig^as floro, infloresko au^ alia br
糠	bran	ふすま,ぬか（糠）
刹	brems	制動力,ブレーキ力
闷	brez	(tr (transitiva)) Kuiri per milda fajro, sen elvaporig^o, po
砖	brik	れんが;れんが形のもの
绣	brod	［他］刺繍（ししゅう）する
锦	brok	［他］紋織りにする,錦織りにする
眉	brov	眉弓（びきゅう）
畜	brut	家畜の;《転》畜生のような
熏	bukan	Viando au^ fis^o fumsekigita.
培	but	［他］根に土をかける,土寄せする
店	butik	［自］小売店を営む
讹	c^antag^	［他］強請る（ゆする）,恐喝する
章	c^apitr	（本などの）章
洁	c^ast	貞節な,純潔な;清純な
在	c^e	
棺	c^erk	ひつぎの;《転》陰気な,陰鬱（いんうつ）な
舀	c^erp	［他］汲む（くむ）,くみ取る;《転》引き出す
刁	c^ikan	［他］難癖をつける,口やかましく文句を言う;詭弁（きべん）を弄（ろう）する
吗	c^u	
厘	centi	
葱	cep	玉ネギ;タマネギ
陶	ceramik	陶磁器の,セラミックスの
蝉	cikad	蝉時雨（せみしぐれ）
疤	cikatr	傷跡（きずあと）
柏	cipres	イトスギ（ヨーロッパでは喪の象徴）
函	cirkuler	回状,回覧状
池	cistern	雨水だめ,貯水池;水槽,（液体用）タンク
妃	dam	貴婦人;（中世の）身分の高い女性への尊称;（トランプ、チェスの）クイーン;（チェッカーの）成り駒,キング
俏	dand	おしゃれな,めかしこんだ,ダンディーな
谢	dank	感謝の,感謝している
宜	dec	礼儀にかなった,きちんとした,行儀のよい;ふさわしい,適切な
亏	deficit	赤字予算
融	degel	［自］（雪、氷、霜が）とける
诵	deklam	朗読コンクール
煎	dekokt	［他］（薬草などを）せんじる,煮出す;煎出する
右	dekstr	右の;右翼の,右派の
珍	delic	Delikata g^uo (gastronomia, amora k.a. (kaj aliaj)): meze de
违	delikt	違反,違犯,軽犯罪,>>krimo
辞	demisi	［自］（大臣・内閣などが）辞職する,>>abdiki
绘	desegn	［他］描く,素描する,デッサンする;デザインする,設計図をひく,製図する;《転》輪郭を示す
毁	detru	破壊的な
应	dev	（道徳上の）義務
铭	deviz	標語,モットー,座右の銘;（紋章の）題銘;外国為替
漠	dezert	砂漠の;荒れはてた;人けのない,無人の
透	diafan	半透明の,>>travidebla,>>maldiafana
言	dialekt	方言の
拦	dig	［他］（堤防などで）せき止める
消	digest	消化の
厚	dik	厚い;太い;太った
洪	diluv	ノアの洪水;《転》大洪水,=inundego
维	dimensi	次元解析
朝	dinasti	（一系統の）王朝
说	dir	［他］言う,述べる,告げる
蔑	disdegn	(tr (transitiva)) Mals^ati: alpreni tian s^ajnon, kiun disde
痢	disenteri	アメーバ赤痢
歧	diskriminaci	［他］差別する
争	disput	［自］口論する,言い争う,>>kvereli,>>konflikti
馏	distil	［他］蒸留する
甘	dolc^	甘い;心地好い;やさしい
屋	dom	公民館
惜	domag^	惜しむべき,遺憾な,残念な,>>bedau^rinda
给	don	［他］与える;渡す,もたらす;おこなう
宠	dorlot	［他］甘やかす;大事にする
呢	drap	ラシャ,>>lanaj^o,>>s^tofo,>>tuko
帷	drapir	［他］ひだのある布でおおう,垂れ幕で飾る;（衣服やカーテンに）ひだをつける
猛	drast	薬効の激しい;《転》強烈な,激烈な,徹底的な,思い切った,厳しい
驯	dres	［他］（動物を）調教する,訓練する,仕込む
漂	driv	［自］漂流する,（潮や風に）流される,>>flosi;偏流する,わきにそれる
溺	dron	［自］溺れる;沈没する;《転》没する,沈む
雇	dung	［他］雇う,採用する
可	ebl	可能な,あり得る
乌	ebon	黒たんの;漆黒の
夫	edz	夫
辉	efluv	グロー放電管
棱	eg^	（立体の）辺,稜（りょう）;刃,縁（ふち）,へり,端;稜線,尾根
吾	ego	エゴ;自我
回	eh^	反響して,こだまして
屏	ekran	スクリーングリッド,遮蔽格子
旧	eks	前任の,元の
滥	eksces	過度の,行過ぎた,並外れた,>>troa
泄	ekskreci	排泄の
鉴	ekspertiz	［他］鑑定する,査定する
爆	eksplod	［自］爆発する,破裂する;《転》激高する;《転》勃発（ぼっぱつ）する
采	ekspluat	［他］開発する,うまく利用する;搾取する;酷使する
歼	eksterm	［他］根絶する,皆殺しにする,絶滅させる,全滅させる,壊滅させる
赤	ekvator	赤道
扬	ekzalt	心を高揚させる,熱狂させる
练	ekzerc	［他］訓練する,練習させる,>>disciplini,>>hardi
象	elefant	ゾウ（象）
放	emancip	［他］親権を解除する;《転》（政治的・社会的束縛から）解放する,>>liberigi
窘	embaras	邪魔な,厄介な,煩わしい,>>g^ena
伏	embusk	待ち伏せて
须	end	［他］（無主語）〜されるべきである（不定法動詞を目的語に取る）
聘	engag^	［他］（人を）雇う,（雇用）契約する;（人をある状態に）巻き込む,引き入れる
查	enket	［自］アンケートをとる,調査する;取調べる
羡	envi	ねたみの,羨望の
纪	epok	時代;世,>>periodo（紀）,>>erao（代）,>>ag^o（期）
错	erar	ささいな誤り
勃	erekt	勃起した
猬	erinac	ハリネズミ
茅	espart	Komuna nomo de diversaj herboj Mediteraneaj (i.a. (interalie
是	est	［自］（〜）である;いる,存在する
灭	esting	［他］（火や明かりを）消す;《転》消す,消滅させる
永	etern	永遠の,永久の,不朽の,不滅の
伦	etik	倫理学の;倫理的な
乙	etil	エチル基
氛	etos	ムード音楽
易	facil	容易な,簡単な;軽やかな
专	fak	専門の,専門的な
阵	falang	（古代ギリシアの）密集方陣,ファランクス;指節骨（しせっこつ）
熔	fand	［他］（熱で）溶かす;鋳造（ちゅうぞう）する
幽	fantom	幽霊の,まぼろしのような
做	far	〜によって（行為者を示す）
咽	faring	咽頭（いんとう）
斋	fast	［他］断食する;絶食する
肥	fekund	繁殖力のある,多産な;《転》実り多い,肥沃（ひよく）な
幸	felic^	うらやましい幸福
毡	felt	フェルト帽
雌	femal	《稀》=ina（雌の）
凤	feniks	不死鳥,フェニックス;鳳凰（ほうおう）;《転》第一人者
闭	ferm	右かっこ,かっこ閉じる（）］｝〉など）
酵	ferment	［自］発酵する
驮	ferut	Transporti kamionojn au^ remorkojn sur fervojaj vagonoj.
胎	fet	胎児（妊娠３ヶ月以降）,>>embrio
骄	fier	誇り高い,自尊心のある;高慢な,尊大な
榕	fikus	G. (Genro) (Ficus el morusacoj) de laktosukohavaj arboj k ar
儿	fil	養子
滤	filtr	［他］こす,ろ過する;フィルターにかける
财	financ	赤字財政
焰	flam	炎の,炎をあげる;炎のような,激しい
侧	flank	風上側
弯	fleks	=fleksebla（曲げられる）
屈	fleksi	屈折の;屈折した,（語尾の）変化した
飘	flirt	［自］（旗などが）翻る;（蝶などが）ひらひら飛び回る;（異性と）たわむれる
絮	flok	一房の綿のような,小片状の
筏	flos	［自］浮いている
飞	flug	［自］飛ぶ,飛行する;飛ぶように進む,急ぐ
涨	flus	［自］（潮が）満ちる,差す
悄	flustr	ささやき声の,
泉	font	電源
锻	forg^	［他］鍛える,鍛造する;《転》鍛錬する,鍛え上げる
蚁	formik	アリの;《転》（アリのように）勤勉な
品	frand	美味の,おいしいそうな
敲	frap	着発信管,撃発信管,=perkuta fuzeo
兄	frat	兄弟の;大変仲のよい
频	frekvenc	累積度数分布
鲜	fres^	生き生きした,若々しい;新鮮な,生の;真新しい,最新の
削	frez	［他］フライスで削る
擦	frot	摩擦力
早	fru	早い;初期の
挫	frustr	［他］欲求不満を起こさせる
丧	funebr	哀悼の,悲嘆にくれた;喪の,葬式の
功	funkci	［自］職務を遂行する;機能を果たす
磅	funt	ポンド（約0.5kg）
饲	furag^	［自］飼料を集める
屁	furz	［自］おならをする,屁（へ）をひる
拙	fus^	仕損じの,出来損ないの
未	futur	未来（時制）,=os-tempo;《詩》=estonteco（未来）
呻	g^em	［自］うめく,うなる,嘆く
堤	g^et	防波堤,突堤
它	g^i	それの
享	g^u	［他］楽しむ,享受する
欢	gaj	陽気な,快活な,愉快な,にぎやかな,浮き浮きした
赢	gajn	（くじの）当籤番号
驰	galop	ギャロップで,全速力で
呆	gap	ぽかんと
漱	gargar	［他］すすぐ,水洗いする;うがいをする
膝	genu	［自］ひざまずいている,ひざ立ちしている
铸	gis	［他］鋳造する,=muldi
泽	glace	光沢のある,つや出しした,>>polurita
冰	glaci	氷の,氷のような;《転》冷ややかな,よそよそしい
颖	glum	包穎（ほうえい）
猩	goril	ローランドゴリラ
恩	grac	（la 〜）神の恩寵（おんちょう）
伯	graf	伯爵
禾	gramin	(evi (evitinda)) = gramineo.
串	grapol	（花や果実の）房;総状花序
抓	grat	［他］ひっかく,かき削る;かく,>>skrapi
贺	gratul	祝いの,祝賀の
蟋	gril	コオロギ
罗	groc	グロス（＝12ダース）
鹤	gru	ツル
怨	grumbl	［自］ぼやく,ぶつぶつ不平を言う,愚痴をこぼす
砾	gruz	［他］砂利を敷く
凿	gug^	Konkavaklinga c^izilo, uzata en meblofarado k kirurgio; fold
味	gust	［自］味がする
滴	gut	一滴ずつ,少しずつ
砍	hak	［他］（斧で）切る,たたき切る;（話などを）切れ切れにする;傷める
绕	haspel	1 Lata ligna au^ metala tamburo, kiu rotaciante surprenas fa
匆	hast	大急ぎの;拙速の
港	haven	港,港湾;《転》避難所,休息所
藤	heder	キヅタ（属）,ヘデラ,アイビー
篱	heg^	生け垣
霸	hegemoni	主導権を持った,支配的な
肝	hepat	肝臓の
继	hered	劣性遺伝
犹	hezit	［自］ためらう,躊躇（ちゅうちょ）する
汞	hidrarg	水銀気圧計
昨	hierau^	きのうの
嘻	hihi	Eligi tian bruon.
亚	hipo	
抵	hipotek	モーゲージ,抵当貸し,（特に）住宅ローン
燕	hirund	ツバメ（属）;=domhirundo
今	hodiau^	きょうの;今日（こんにち）の
誉	honor	名誉の,名誉ある,尊敬すべき
耻	hont	恥じて;恥ずかしそうに
蹄	huf	ひづめ（蹄）
仁	human	人間的な,人情味のある,人道的な
照	ilumin	［他］照明する,イルミネーションで飾る;天啓を与える
威	impon	印象深い,堂々とした,威厳のある
免	imun	免疫の;免除の;耐性のある
焚	incendi	火災保険
惹	incit	［他］（刺激して）怒らせる,いらだたせる;極度に興奮させる
征	indic	減衰指数,減衰定数
愤	indign	憤慨した
饶	indulg	寛大な
业	industri	産業の,工業の
惰	inert	惰性的な,無気力な,消極的な;不活性の
患	infest	(tr (transitiva)) Svarme invadi, pp (se paroli pri) ratoj ks
匿	inkognit	お忍びの,微行の
陷	insid	落とし穴の,わなのある,狡猾（こうかつ）な
唆	instig	［他］励ます,勧める;駆りたてる,そそのかす
本	instinkt	群集本能
岛	insul	無人島,=senhoma insulo
聪	inteligent	聡明な,頭のよい,利口な
烈	intens	強烈な,激しい,強度の;集中的な,集約的な,徹底的な
间	inter	間の,中間の
趣	interes	興味深い,おもしろい;関係のある,ためになる
隙	interstic	Spaco, kiu trovig^as inter la esencaj elementoj de iu organo
淹	inund	［他］氾濫する,水浸しにする;《転》あふれる
侵	invad	［他］侵入する,侵略する;押し寄せる,殺到する
邀	invit	心のこもった招待
虹	iriz	虹色の,虹色に輝く
妒	j^aluz	嫉妬深い,ねたんでいる;執着している,（失うまいと）用心している
耍	j^ongl	［自］（物を空中に投げる）曲芸をする;手品をする;《転》巧みに扱う
刚	j^us	たった今の,直前の
已	jam	既存の
年	jar	前年
这	jen	次の,次のような,以下の,下記の
碘	jod	ヨードチンキ
裙	jup	スカート
庐	kaban	（高山の）山小屋,登山小屋
粥	kac^	くず湯
尸	kadavr	死斑（しはん）
朽	kaduk	老朽の,荒廃した;老衰した,老いぼれた;消えていく,はかない;（期限切れで）無効の,失効した
笼	kag^	鳥かご;おり
舱	kajut	キャビンボーイ,船室付きの給仕
钙	kalci	塩化カルシウム
踢	kalcitr	［自］（馬などが）後脚で蹴上げる;《転》頑強に抵抗する
历	kalendar	（la 〜）グレゴリオ暦（現行の太陽暦）
钾	kali	シアン化カリウム,青酸カリ
跟	kalkan	踵（かかと）
谤	kalumni	中傷キャンペーン
秃	kalv	（頭の）はげた;《転》草木の生えていない
驼	kamel	フタコブラクダ,=dug^iba kamelo
摄	kamera	（動画撮影用）カメラ,>>fotilo
樟	kamfor	ショウノウ（樟脳）
苇	kan	《般》アシ,ヨシ,トウ,サトウキビの類,>>fragmito,>>rotango;（アシ・トウのような軽量中空の）茎,棒
渠	kanal	取水路,導水路
烛	kandel	ろうそく;カンデラ（光度の単位，cd）
候	kandidat	［自］立候補する（運動する）,志願する
州	kanton	（フランスの）郡;（スイスの）州
捕	kapt	［他］つかまえる,捕らえる;つかむ,把握する;とりこにする
牢	karcer	独房;監房,牢（ろう）;留置場;監獄,刑務所;営倉
抚	kares	愛撫するような,優しい
涯	karier	外交官の道,外交官の職
卡	kart	地図
藏	kas^	こっそり,秘密裡に
城	kastel	城,城郭;大邸宅,館（やかた）
催	kataliz	(tr (transitiva)) Plirapidigi kemian reakcion per katalizant
阴	katod	カソード,陰極,><anodo
蹲	kau^r	うずくまって,身を縮めて
灼	kau^ter	=kau^terizi（焼灼する）
窖	kel	地下室,穴倉,地下貯蔵庫;《転》（地下に貯蔵された）ワイン（全体）
些	kelk	（数について）いくつかの,何人かの;（量について）いくらかの,多少の
拐	kidnap	［他］誘拐する,=forkapti,>>infans^teli
吻	kis	そっと触れる口づけ
棍	klab	［他］こん棒で殴る
谣	klac^	［自］悪口をいいふらす,陰口をきく,悪いうわさ話をする
嘹	klarion	（声・音などが）甲高く響きわたる
屑	klast	1 Fragmento de rompita kristalo, roko au^ fosilio. 2 = detri
键	klav	エンターキー
崖	klif	（海岸の）絶壁,がけ,断崖（だんがい）
刃	kling	刃（は）,刀身,>>tranc^rando
诊	klinik	臨床の
灌	klister	［他］浣腸する
尽	klopod	骨の折れる
氯	klor	塩素（原子番号17の非金属元素）
厕	klozet	Necesejo, ordinare kun pelvo k akvos^pruco. Vd latrino.
闸	kluz	［他］（船を）開門して通過させる
郎	knab	少年の
吱	knar	［自］きしる,キイと音を立てる
焦	koaks	コークス
识	kogn	(tr (transitiva)) Rekoni, percepti, kapti (veron) helpe de l
贯	koher	（論理が）首尾一貫した,筋道の通った,まとまりのある;凝集した;（光が）干渉性の,コヒーレントな
椰	kokos	ココナッツ繊維
崩	kolaps	［自］虚脱する;崩壊する;フリーズする;《転》（急に）意気消沈する,衰弱する
梳	komb	［他］（くしで）すく,くしけずる
始	komenc	はじめの,最初の,手始めの
怜	kompat	慈悲
惠	komplez	親切な,好意的な,人を喜ばせる
逼	kompuls	(tr (transitiva)) Igi, ke iu efektive plenumu devon ks (kaj 
奏	koncert	演奏会の;生演奏の,生録音の,ライブの
件	kondic^	（〜aj 〜oj）経済的事情
佐	kondiment	［他］味付けする
凹	konkav	凹（おう）の,>>konveksa
虑	konsider	［他］考慮する,考察する;考慮に入れる;（〜と）見なす
慰	konsol	慰めの,慰めを与える
恒	konstant	誘電率,=permitivo
宪	konstituci	憲法の;立憲的な
询	konsult	［他］（専門家に）相談する,諮問する;（辞書などを）調べる,参照する
耗	konsum	［他］（少しずつ）消費する,消耗する;食べ尽くす,（炎が）焼き尽くす;やつれさせる
冥	kontempl	観想的な,瞑想にふける
陆	kontinent	アメリカ大陸
所	kontor	事務室;帳場,>>oficejo
谈	konversaci	会話の
篮	korb	かご,ざる
弦	kord	金属弦,スチール弦
贿	korupt	汚職事件
泛	kosmopolit	コスモポリタン的な;汎存種の,全世界に広く分布する
纳	kotiz	年会費
孵	kov	［他］（鳥が卵を）抱いている;《転》（こどもを）大事に保護する;《転》（計画などを）ひそかにたくらむ
盖	kovr	［他］覆う,かぶせる;覆いかくす;償う,埋め合わせる
颅	krani	頭蓋の
坠	kras^	［自］墜落する;（自動車などが）激突する,>>frakasig^i
坑	krater	火口湖,>>kaldrona lago
叫	kri	悲痛な叫び
筛	kribr	［他］ふるいにかける
晶	kristal	結晶の,結晶した;水晶のような,透きとおった;水晶でできた,クリスタルガラス製の
鳄	krokodil	［自］（Esp.で話すべき場面で）自国語で話す
肘	kubut	ひじの
烹	kuir	料理の,調理の
糕	kuk	ミルフィーユ,=tavolkuko
鹃	kukol	カッコウ（属）
栽	kultiv	コリアンダー（セリ科の香草）
铜	kupr	真鍮（しんちゅう）,黄銅,=latuno
跑	kur	突進
廷	kuri	クリア（古代ローマの社会組織の一単位／クリア集会所／元老院議場）;教皇庁
帘	kurten	鉄のカーテン
躺	kus^	横たわった
习	kutim	いつものように
堂	kuz	いとこ（男）
虽	kvankam	
如	kvazau^	見かけ上の,〜まがいの
吵	kverel	［自］口論する,口げんかする
劳	labor	《転》根気のいる仕事
疲	lac	疲れた,くたびれた;《転》飽き飽きした
湖	lag	人造湖
承	lagr	軸受
泻	laks	［自］下痢する
跛	lam	足（脚）の不自由な,びっこの;《転》釣り合いの取れていない
萤	lampir	ツチボタル（属）,>>lumvermo;（一般に）ホタル（蛍）,>>luciolo
舌	lang	チッと舌打ちをする
倦	langvor	=malviglo（無気力）
茸	lanug	綿羽のような,綿羽でできた,うぶ毛の生えた,綿毛に覆われた
泪	larm	涙の,涙にぬれた
留	las	［他］（物を）放置する,置いて去る,手放す;（人を）放す,ほうっておく;〜するに任せる
末	last	後者（の）
按	lau^	一致した,適合した
读	leg	［他］読む,音読する;読み取る,解読する;読み取る
舔	lek	［他］なめる;《転》へつらう
狮	leon	ライオンの
巧	lert	器用な,巧みな,上手な;敏捷な,すばしこい
尉	leu^tenant	中尉
荔	lic^i	1 G. (Genro) (Litchi el sapindacoj) de nur unu sp. (L. chine
脾	lien	脾臓（ひぞう）
液	likv	ボルドー液
娇	lind	Alloge plac^aspekta.
抒	lirik	叙情詩の;叙情的な
床	lit	ダブルベッド
左	liv	Maldekstra: liva g^irado; turnu liven tuj post la angulo! ->
赖	lizin	Aminacido, NH 2 -(CH 2) 4-CH(NH 2)-COOH, unu el la 20 c^efaj
迎	lof	［他］船首を風上にむける
住	log^	［自］住む,居住する;泊まる,滞在する;《転》宿る
卿	lord	卿（英国貴族への敬称）;貴族
莲	lotus	スイレン（睡蓮）,>>nimfeo
赚	lukr	(tr (transitiva)) Perlabori: li lukras dolarojn po mil en se
奢	luks	ぜいたくな,豪奢（ごうしゃ）な,華美な
搏	lukt	［自］格闘する;レスリングをする;《転》闘う
荧	luminesk	［自］冷光を発する
狼	lup	狼の;《転》残虐な
嚼	mac^	［他］かみ砕く,かむ
硕	magistr	修士論文
磁	magnet	棒磁石
介	makler	［自］仲買業をする
疟	malari	マラリア熱
捶	male	［他］槌で打つ
葵	malv	薄紫色の,ふじ色の
橘	mandarin	マンダリン,ミカン（蜜柑）,>>orang^o
锰	mangan	マンガン（原子番号２５の金属元素）
袖	manik	そで（袖）,たもと;風見用吹流し
薯	maniok	ニガキャッサバ
缺	mank	欠けている,足りない,不備の
披	mantel	ゴムひきマント
造	manufaktur	［他］（工場で）製造する,製作する
稿	manuskript	原稿;手書き文書;写本
海	mar	遠洋,外洋
沼	marc^	湖沼
疆	marki	Regiono au^ provinco, kiu konsistigis limparton de imperio: 
锤	martel	金づちの頭
殉	martir	殉教者;《転》殉難者,受難者
眼	mas^	編み目;（網の）目;（定常波の）腹,=ventro
摩	masag^	［他］マッサージする
雄	maskl	《稀》=virseksa（雄の）
砌	mason	［他］（石・レンガで）築く
席	mat	［自］（チェス・将棋で）詰む
晨	maten	今朝（けさ）
籍	matrikul	［他］登録番号を付ける;=enmatrikuligi（登録する）
芯	mec^	灯心,（ろうそくなどの）芯;火縄;導火線;（排膿用の）ガーゼ芯
牌	medal	銀メダル
里	mejl	マイル（英=1609m、仏=7422m、独=7500m）;かなりの距離
挤	melk	［他］乳を搾（しぼ）る;（金などを）搾り取る
膜	membran	膜の,膜質の,膜状の
谎	mensog	嘘の,偽りの,虚偽の,>>malvera
蛤	meretrik	《Ｎ》ハマグリ（mang^ebla duvalva konkulo，_Meretrix lusoria_）
置	met	［他］置く,入れる,備え付ける,身につける;（ある状態に）する
陨	meteor	流星雨
都	metropol	（植民地に対して）本国;（国・地方の）中心都市,大都市,メトロポリス,>>c^efurbo
咪	miau^	［自］（猫が）ニャアと鳴く
胁	minac	威嚇的な,脅しの;（状況が）険悪な
万	miria	
误	mis	間違った,失敗の,不当な
玄	mistik	神秘の,霊的象徴の;神秘主義的な
惨	mizer	悲惨な,みじめな,あわれな;貧しい,みすぼらしい;くだらない,つまらない,下劣な
嘲	mok	あざけりの
艾	moks	つぼ
软	mol	やわらかい,柔軟な;優しい,柔和な;弱々しい;軟音の
臼	molar	大臼歯,=granda mueldento;臼歯（きゅうし）,=mueldento
矩	momant	双極子モーメント
垄	monopol	独占的な;専売の
山	mont	はげ山
碑	monument	巨石記念物
咬	mord	かみつくような,辛らつな;腐食性の
桑	morus	桑（くわ）の実;=morusarbo
蛾	mote	Malgranda, malutila, grizeta papilio. Sin. (sinonimo) tineed
由	motiv	［他］（物事が）動機付ける,理由付ける
蜕	mud	S^ang^ig^o de hau^to au^ de hau^ta produktaj^o (karapaco, ha
吼	mug^	［自］（牛が）鳴く,うなる,（ライオン・虎が）ほえる;《転》うなる,怒号する,とどろく
腮	mumps	流行性耳下腺炎,おたふく風邪
邑	municip	自治体の,市町村の
蝇	mus^	=mus^fungo（ベニテングタケ）
哑	mut	唖（おし）の,口のきけない;無言の,押し黙った
邻	najbar	隣の,近所の;近くの
矮	nan	小人（こびと）の;矮性の
然	natur	ＬＮＧ（液化天然ガス）
九	nau^	第九の,九番目の
呕	nau^z	吐き気を催すような;ひどく不快な
梭	naved	シャトルバス
雾	nebul	濃霧
雪	neg^	万年雪
孙	nep	孫
躁	nervoz	神経質な,神経の細い,いらだった
巢	nest	［自］巣を構える,巣を作る;（巣に）すんでいる
侄	nev	おい（甥）
夜	nokt	昨夜,昨晩,ゆうべ
北	nord	北の;北部の,北方の,><suda
范	norm	二重基準,ダブルスタンダード
荒	noval	=senkultivejo（休閑地）
篇	novel	小説,中編小説,>>romano
裸	nud	裸の;むき出しの;飾りのない
零	nul	ゼロの;無の,無価値の
仅	nur	ただの,単なる
洋	ocean	海洋気候
常	oft	たびたびの,頻繁に起こる;いつもの,よくある
西	okcident	西の,西方の,西部の;西洋の
波	ond	水面波
叔	onkl	おじ（親の兄弟、親の兄弟の夫）,>>oc^jo
便	oportun	便利な,使いやすい;好都合な,時宜を得た
橙	orang^	オレンジの種
叙	ordin	［他］叙階する,聖職につける
耳	orel	鋭敏な耳
孤	orf	孤児の,親のない;《転》見捨てられた
矫	ortopedi	整形手術
付	pag	即時払い,現金払い
页	pag^	白い（何も書いてない）ページ
苍	pal	（顔が）青ざめた,青白い,血の気のない;色の薄い,光の弱い;《転》生気のない
轿	palanken	（中国やインドの）かご,こし
摸	palp	手探りで
慌	panik	パニック障害
胰	pankreat	すい臓
鹦	papag	オウム返しに,訳も分からずに,口まねで
纸	paper	ラシャ紙
抛	parabol	放物運動
悖	paradoks	逆説の,逆説的な
恕	pardon	［他］ゆるす,容赦する,勘弁する,大目に見る
括	parentez	かっこで囲んで;余談ながら
拼	parget	［他］寄せ木張りにする
党	parti	右派政党,右翼政党
昔	pase	《詩》=pasinteco（過去）;=pasintaj^o（昔のこと）
被	pasiv	受身の,消極的な;受動の
慨	patos	誇張した表現
父	patr	養父
歇	pau^z	［自］（一時的に）休止する,中休みする,>>ripozi,>>c^esi
迂	pedant	学者ぶった,些事に拘泥する
驱	pel	［他］追う,追いたてる;追いかける;（状態に）駆り立てる,追いやる;駆動する
努	pen	骨を折って,やっとのことで
挂	pend	［自］掛っている;ぶらさがっている;宙に浮いている
宿	pension	下宿屋,寮,寄宿舎
描	pentr	［他］（色彩画を）描く;《転》（言葉で）描写する;思い描く
卒	peon	（チェスの）ポーン,（将棋の）歩兵（歩）;（中南米の）農場労働者,ペオン
以	per	間接の;仲介の
失	perd	誘電損失
亡	pere	［自］（災害などで）死ぬ;滅びる,消える,滅亡する
完	perfekt	完全な,完璧な,申し分のない,>>senmanka,>>plena,>>kompleta
珠	perl	人造真珠,模造真珠
迫	persekut	被害妄想
桃	persik	桃の種
鹊	pig	オナガ（尾長）（種）
懒	pigr	《詩》=maldiligenta（怠惰な）
松	pin	松やに
掐	pinc^	［他］（指などで）つまむ,はさむ,つねる;（動物が草を）はむ;（芽などを）摘む;（琴などを）つま弾く
镐	pioc^	［他］つるはしで掘る
拓	pionir	精力的な開拓者
梨	pir	ナシ（梨）,洋ナシ
捣	pist	［他］（細かく）つき砕く,粉にする,粉砕する,すりつぶす
豌	piz	エンドウ（豌豆）（属）;《般》えんどう豆
皿	plad	大皿,皿,>>telero;（皿に盛った）料理
滩	plag^	（観光用の）浜辺,海水浴場,ビーチ;=strando（砂浜）
窃	plagiat	［他］盗作する,剽窃（ひょうせつ）する
扁	plat	板チョコ
溅	plau^d	［自］バシャリと音を立てる,水音を立てる;パタパタと音を立てる
最	plej	最大で;とりわけ;たいていの場合
拨	plektr	［自］（弦を）ばちでかき鳴らす,ピック演奏する,>>pinc^i
更	pli	より以上の,追加の
础	plint	（柱や彫刻台の下の四角い）柱礎,台座;根石;=plankoplinto（幅木）
哭	plor	［自］泣く,涙を流す
铅	plumb	鉛の;鉛のような,重苦しい
雨	pluv	酸性雨
腕	pojn	手首,=manradiko
掌	polm	手のひら,=manplato
尘	polv	浮遊粉じん
苹	pom	酸っぱいリンゴ
豪	pomp	豪勢な,はなやかな,壮麗な,華麗な,絢爛豪華な
匕	ponard	［他］短剣で刺す
桥	pont	橋;船橋,ブリッジ;（弦を支える）駒（こま）;《転》懸け橋,橋渡し
众	popular	人気のある,ポピュラーな;大衆的な,通俗的な,平易な
为	por	小孔のある;多孔質の
瓷	porcelan	半透明の磁器
肖	portret	［他］肖像を描く
岗	posten	［自］持ち場についている,部署を守る
势	potencial	電位
贫	povr	《詩》=kompatinda（哀れな）;=malric^a（貧しい）
践	praktik	実地の,実践的な;実際的な,実用的な;実用向きの,便利な,役に立つ
渡	pram	［他］（船で）渡す
谓	predikat	述部の,述語の
祈	preg^	［自］（神などに）祈る,祈願する
奖	premi	二等賞
拿	pren	［他］手に取る,つかむ;取りあげる,奪い取る;取る,得る,選ぶ;受け取る,受け入れる;〜を〜と見なす,取り違える
几	preskau^	ほとんどの,同然の;おおよその
呈	prezent	［他］差し出す,見せる,提示する,提出する;紹介する;思い描く;描き出す;上演する,上映する;（様相を）呈する,示す
于	pri	それについて
则	princip	指導原理
春	printemp	早春
慷	prodig	《稀》=malavara（気前のよい）
深	profund	焦点深度
延	prokrast	時限爆弾
诺	promes	空約束
俯	pron	(tr (transitiva)) Turni la antau^brakon tiel, ke la polmo ri
播	propag	伝搬指数,伝搬定数
丙	propil	La radiko CH 3-CH 2-CH 2 -.
试	prov	（新薬などの）臨床試験
谚	proverb	ことわざの,ことわざ風の;よく知られた,周知の
粮	proviant	［他］（軍隊に）食糧を補給する,=provizumi
佑	providenc	摂理の,神意による
暂	provizor	仮の,臨時の,一時的な,暫定的な
挑	provok	挑発の;挑発する
慎	prudent	良識的な,賢明な,分別のある;慎重な,用心深い,思慮深い
借	prunt	貸し借りで
羞	pudor	恥じらいのある,慎み深い
拳	pugn	［他］こぶしでなぐる
蚤	pul	ヒトノミ（人蚤）（種）
瓤	pulp	歯髄（しずい）
砰	pum	ピューマ
泵	pump	［他］（ポンプで）吸い上げる,くみ上げる;（ポンプで）送り込む,入れる
瞳	pupil	瞳孔,ひとみ;《転》大切なかわいいもの
纯	pur	混じりけのない,純粋な,澄んだ;清らかな,清潔な,きれいな;純真な,純潔な;清められた,清浄な
紫	purpur	紫色の,赤紫色の,>>viola,>>skarlata
井	put	掘抜き井戸
抢	rab	［他］奪う,奪い取る,強奪する,（強制的に）取り上げる
刨	rabot	［他］かんなをかける,平らに削る
彻	radikal	根本的な,徹底的な;急進的な,急進派の,過激な
锄	rastr	Fosilo kun triangula ferplato fiksita akutangule al la tenil
饺	raviol	水餃子（すいぎょうざ）
冗	redund	Estanta pluroble au^ ripete, au^ aldonita por sekurigi kontr
制	reg^im	独裁制
宗	religi	宗教上の,宗教的な;信心深い,敬虔（けいけん）な;細心な,きちょうめんな
垒	rempar	城壁,塁壁;《転》防御物
遇	renkont	〜に会いに;〜に向かって
各	respektiv	それぞれの,各自の
答	respond	明確な返答
取	retrat	［他］（預金を）引き出す,>>repreni
顾	retrospektiv	回顧的な,過去を振り返る
刊	revu	みだらな雑誌
驻	rezid	常駐の
顺	rezignaci	甘受して,あきらめきって
礁	rif	礁（しょう）,岩礁,暗礁;《転》暗礁（危険な障害物）
拒	rifuz	きっぱりした拒絶
看	rigard	いぶかしげな目つき
拴	rigl	［他］差し錠をかける,かんぬきをかける
讥	rikan	［自］冷笑する,せせら笑う,にやにや笑う,>>mokridi,>>ridac^i
犀	rinocer	サイ（犀）（属・科）
肋	rip	肋骨（ろっこつ）,あばら骨;葉脈,=nervuro;うね;リブ,補強材;肋材
修	ripar	［他］修理する,修繕する;《転》回復する,償う,>>rebonigi
休	ripoz	（天国での）永遠の休息;永眠（死）
险	risk	危険な,一か八かの
仪	rit	（宗教的）儀式の,典礼の
河	river	幅の広い川
溪	roj	Mallarg^a k malprofunda rivereto. Vd lirli.
玫	roz	シャクナゲ（石楠花）,>>rododendro
舵	rudr	水平舵,（飛行機の）昇降舵,（潜水艦の）横舵
乡	rur	《詩》=kamparo（田園）
狡	ruz	邪悪な策略
棋	s^ak	将棋
沐	s^ampu	［他］（頭髪を）シャンプーで洗う
载	s^arg^	積荷の;《転》重荷の
鲨	s^ark	サメ（鮫）,フカ（鱶）（の類）;《転》強欲な人
沫	s^au^m	泡の,泡立つ
她	s^i	彼女の
帅	s^ik	シックな,いきな,しゃれた,趣味の良い,>>eleganta,>>bongusta
盾	s^ild	人間の盾
霉	s^im	《般》アオカビ（青黴）,>>verda s^imo
船	s^ip	漂流船
绳	s^nur	［他］（なわで）しばる,くくる
枕	s^pal	（窓などの）横木;枕木（まくらぎ）
纺	s^pin	［他］紡ぐ;（クモ・カイコが糸を）吐く,（巣・繭を）つくる;《転》織りなす,作り上げる
柜	s^rank	聖櫃（せいひつ）,=tabernaklo
钢	s^tal	鉄鋼
袜	s^trump	長靴下,ストッキング
鞋	s^u	靴（片方）,短靴;《転》靴状のもの
撒	s^ut	［他］（粉粒を）まく,ばらまく;《転》ぶちまける
翔	s^veb	［自］（空中に）浮かぶ,ただよう,舞う,滑空する;すべるように動く;（水中で）漂う,>>flosi,>>sinki;《転
肿	s^vel	［自］ふくれる,ふくらむ,膨張する,はれる;（過度に）増大する,ふくれあがる,（川が）増水する
沙	sabl	砂上の楼閣
刀	sabr	［他］サーベルで切る,切りつける
矢	sag	［自］矢のように飛ぶ
蔗	sakar	G. (Genro) (Saccharum el poacoj) de plurjaraj, altaj herboj 
骂	sakr	［自］ののしる,悪態をつく,>>blasfemi
盐	sal	［他］塩漬けにして保存する
薪	salajr	出来高賃金,>>lau^tempa salajro
硝	salpetr	チリ硝石,=natria nitrato
皂	sap	薬用せっけん
耘	sark	［他］（土地を）除草する,（雑草を）取り除く
蔓	sarment	1 Ligna, tamen fleksebla tigo, kiun vito kreskigas c^iun jar
酱	sau^c	ベシャメルソース
救	sav	救いの,救助の
烁	scintil	シンチレーション計数管
脱	secesi	(pp (se paroli pri) grupo, societo, s^tato) Apartig^o disde 
但	sed	(ntr (netransitiva)) Kontrau^diri, obj^eti: en mi la intelek
锯	seg	［他］のこぎりで引く
椅	seg^	折りたたみ椅子（いす）
泌	sekreci	［他］分泌する
域	sektor	金融分野
秒	sekund	メートル毎秒（速度の単位，m/s）
安	sekur	安全な,安心できる,危険のない,><dang^era;（攻撃や災害に対して）確固とした,安定した
随	sekv	当然の帰結,自然の成り行き
鞍	sel	［他］鞍（くら）を置く
周	semajn	今週
七	sep	第七の,七番目の
葬	sepult	［他］葬る,埋葬する,>>entombigi
居	setl	(ntr (netransitiva)) (pp (se paroli pri) homgrupo) Eklog^i, 
季	sezon	雨季,雨期
坐	sid	［自］座っている;腰掛けている;止まっている,じっとしている;（ある状態に）ある;（ある場所に）いる,位置する;（服など
著	signifik	(ntr (netransitiva)) Havi alian kau^zon ol la hazardo.
默	silent	修道院の静けさ
莺	silvi	ズグロムシクイ（種）
猿	simi	［他］猿まねする
怀	sin	胸部;懐（ふところ）;胎内;《転》内奥;《転》胸の内
君	sinjor	封建領主
癣	skabi	かいせん（疥癬）,ひぜん（皮癬）
奴	sklav	奴隷の,奴隷的な;卑屈な,言いなりの
斥	skold	(tr (transitiva)) Riproc^e admoni: la patro skoldis la knabo
侦	skolt	［自］ボーイスカウト活動をする;偵察する
蝎	skorpi	サソリ（蠍）（目の総称）;さそり鞭（むち）
鳞	skvam	うろこで覆われた
砂	smirg	紙やすり
槛	sojl	窓台,窓敷居
墩	sokl	（円柱・彫像などの）台座,台石（比較的平たい）,>>piedestalo;（持ち運べる）台,台座;（電球の）口金;島棚
唯	sol	唯一の,ただ一つの;ひとりきりの,単独の
兵	soldat	無名戦士
固	solid	回転体
夏	somer	初夏
眠	somnol	Stato transig^a inter dormo k maldormo.
梦	song^	夢の,夢のような
慕	sopir	あこがれの,憧憬に満ちた
腾	sor	［自］（気流に乗って）上昇する,舞い上がる,=suprenglisi
野	sovag^	野生の;未開の;野蛮な;《転》粗野な,粗暴な
戏	spektakl	見世物,興行,ショー;見もの,スペクタクル
谱	spektr	連続スペクトル
兑	spez	［他］出納する
谍	spion	二重スパイ（人）
息	spir	［自］呼吸する,息をする;ひと息つく;《転》発散する,表す,=elspiri
灿	splend	Pompe brila, bele k lukse impresanta.
辐	spok	（車輪の）スポーク,=radradio,=dratradio
援	sponsor	［他］〜のスポンサーになる
迹	spur	［他］足跡をたどる;トレースする
站	staci	中継局
锡	stan	スズの,スズ製の
杆	stang	キャプスタンバー
立	star	［自］立っている;ある,いる;立ち止まっている,静止している;（ある状態に）ある
起	start	［自］スタートする;始動する,=ekfunkcii
态	stat	（戸籍上の）身分（配偶者の有無など）
撑	steg	Peco, kiu kunligas du flankojn de objekto, du metalajn plato
痕	stigmat	（消すことのできない）傷跡,>>cikatro;聖痕
估	stim	Taksi per stokastika procedo; kalkuli stimon.
茬	stopl	（穀物を刈り取った後の）切株,刈株
街	strat	静まり返った通り
略	strategi	戦略上の,戦略的な
奋	streb	［自］全力をつくす,懸命に努力する,奮闘する
紧	strec^	電気応力;=>tensio（電圧）
窄	stret	《詩》=mallarg^a（幅の狭い）
罢	strik	ゼネスト
研	stud	聖書研究
绊	stumbl	［自］つまずく,よろめく,=faleti;《転》とちる,言い間違える
崇	sublim	崇高な,至高の,気高い,高尚な
够	sufic^	十分な,かなりの,相当な
阳	sun	朝日,日の出
汤	sup	スープ
仰	supin	(tr (transitiva)) Turni la antau^brakon tiel, ke la polmo, s
聋	surd	耳の聞こえない,耳の不自由な,聾（ろう）の;《転》耳を貸さない,聞こうとしない;《転》聞き取りにくい,かすかな
悬	suspensi	1 Tuto de la arang^o, kiu ebligas al korpo, aparato, parto d
叹	suspir	［自］嘆息する,=vespiri
拥	svarm	［自］うようよしている,群がっている,ひしめき合う,雲集する
挥	sving	［他］振る,振り動かす,ぶらぶらさせる,振り回す,振り上げる;《転》勢いづける
桌	tabl	サイドテーブル
潮	tajd	満潮,=altmaro
术	taktik	戦術的な,戦術上の
却	tamen	
锣	tamtam	［自］タムタムを打ち鳴らす;《転》鳴り物入りで宣伝する
毯	tapis^	［他］絨毯を敷く;タペストリーを掛ける
迟	tard	《詩》=malfrua（遅い）
禀	temperament	気質,気性,性分;（古代西洋医学で）体質
庙	templ	仏教寺院,寺
持	ten	［他］手に持っている,つかんでいる,腕に抱えている;支える,つなぎとめる;保有する,保管する,取っておく;（〜の状態に）
帐	tend	小脳テント
畸	terat	Grava fizika au^ fiziologia anomalio; monstraj^o.
领	teritori	委任統治領
恐	terur	恐ろしい,怖い;《転》ひどい,ものすごい,激しい
嘱	testament	［他］遺言する,遺贈する;《転》残し伝える
虎	tigr	トラ（虎）
拉	tir	［他］引く,引っ張る,引き寄せる;引き出す,取り出す;引き伸ばす;引いて行く,引きずる
茄	tomat	トマトの
墓	tomb	墓の,墓のような
雷	tondr	雷の,雷のような
张	toni	1 Stato de malforta kontrahig^o de la muskoloj, ne estiganta
炬	torc^	（オリンピックでリレーされる）聖火
击	traf	的を射た,的確な
输	transfuz	輸血する
移	translaci	並進運動
蒸	transpir	(ntr (netransitiva)) 1 Elimini akvovaporon el sia korpo: la 
很	tre	Ekstrema.
颤	trem	［自］震える,身震いする;揺れる,揺れ動く,震動する;恐れる,びくびくする
踏	tret	［他］踏む,踏みつける;踏みつぶす
肚	trip	（動物の）はらわた,臓物;（反芻動物の）胃;トライプ（牛の胃を刻んで煮込んだもの）
凯	triumf	凱旋の;大勝利の,大成功の;勝ち誇った
太	tro	余りの,余分な,過度の
找	trov	［他］見つける,見いだす,発見する;認める,気づく,感じる;（〜と）思う,評価する
穴	tru	抜け穴
隆	tuber	甲状腺結節
巾	tuk	（用途に合わせて切った）布,布切れ
闹	tumult	大騒動の,騒然とした,騒がしい
隧	tunel	道路トンネル
塔	tur	傾いた塔
浊	turbid	Mara au^ laga detrito, suspensie transportata (-ita) de desu
碧	turkis	トルコ玉の;青緑色の
咳	tus	［自］せきをする,>>terni;せき払いをする
尺	uln	尺骨;腕尺（尺骨の長さに由来する昔の長さの単位、国により約50〜120cm）
脐	umbilik	へその
梅	ume	梅干
一	unu	電気単位,>>ampero,>>farado,>>j^ulo,>>volto,>>vatto
急	urg^	緊急の,火急の,差し迫った,切迫した
缸	urn	骨つぼ
熊	urs	シロクマ（白熊）,=polusa urso
歌	uta	短歌,和歌,>>tankao
篡	uzurp	［他］（領地・権力・地位などを）不当に奪う,簒奪（さんだつ）する,横領する,（称号を）詐称する
厢	vagon	一等車
蜡	vaks	ろう製の,ろうのような
阀	valv	吸い込み弁
颊	vang	ほお;側板
汽	vapor	水蒸気
暖	varm	潜熱
茂	veget	植生の;《転》無為の,無気力な
杠	vekt	てんびん（天秤）
枯	velk	枯れた,しおれた
来	ven	［自］来る,やって来る;到着する,行き着く;達する
卖	vend	売却の,販売の
仇	veng^	報復の,復讐の
胜	venk	決定的な勝利
绿	verd	緑の,緑色の;草木の茂った,青々とした;生の,未成熟の,青い;エスペラントの;環境保護の
浇	vers^	［他］（液体・光を）注ぐ;流す,こぼす
椎	vertebr	椎骨の,脊椎の;脊椎のある
竖	vertikal	鉛直の;（地面に）垂直な,縦の,>>horizontala
劲	verv	熱のこもった,気合の入った,活気あふれた
坎	ves^t	ベスト,チョッキ
晚	vesper	昨夕,昨晩,ゆうべ
衣	vest	（〜aj 〜oj）（軍服や僧服ではない）私服,平服
赌	vet	賭をして;競争で
见	vid	側面図
牺	viktim	いけにえ,>>oferaj^o;《転》犠牲,犠牲者,被害者
村	vilag^	村の,いなか風の
裹	vind	［他］（細長い）布で巻く,おむつでくるむ,包帯を巻く
冬	vintr	初冬
男	vir	雲つくような大男
贞	virg	純潔な,童貞の,処女の;《転》人手に触れたことのない,未開発の;《転》無垢の
脏	viscer	内臓,=internaj^o
葡	vit	ブドウ（葡萄）（属）,=vinberarbo
呼	vok	呼び声の,呼びかけの
拱	volb	アーチ形天井の
狐	vulp	ホッキョクギツネ（北極狐）,=izatiso
禅	zen	禅（ぜん）
姜	zingibr	ショウガの;ショウガ入りの
锌	zink	亜鉛の
嗡	zum	［自］（虫などが）ブンブンいう,（低い振動音で）うなる;［他］ハミングする
