char	nRoots	roots_with_gloss
歼	1	eksterm({Ｏ}［他］根絶する,皆殺しにする,絶滅させる,全滅させる,壊滅させ)
起	1	start({Ｂ}［自］【運】スタートする;【機】始動する,=ekfunkcii)
狸	1	kastor({Ｏ}【動】ビーバー（属）;ビーバーの毛皮)
枫	1	acer({Ｏ}【植】カエデ（楓）（属）)
洪	1	diluv({Ｏ}【聖】ノアの洪水;《転》大洪水,=inundego)
劫	1	kaper(［他］（敵船を）私掠（しりゃく）する,捕獲する)
赦	1	amnesti(［他］大赦する)
溪	1	roj(【地理】【PIV】Mallarg^a k malprofunda r)
凤	1	feniks({Ｏ}不死鳥,フェニックス;鳳凰（ほうおう）;《転》第一人者)
霍	1	h^oler({Ｏ}【病】コレラ)
劳	1	labor(労働の,仕事の,作業の)
呈	1	prezent({Ｂ}［他］差し出す,見せる,提示する,提出する;紹介する;思い描く)
桦	1	betul({Ｂ}【植】カバノキ（属）,シラカバ（白樺）)
承	1	lagr(【機】軸受)
敲	1	frap({Ｂ}［他］たたく,打つ;たたいて音を出す;はっとさせる,驚かす)
瘦	1	aken(【植】【PIV】1 (ss (striktasence)) Seka)
煎	1	dekokt(［他］（薬草などを）せんじる,煮出す;【化】煎出する)
吝	1	avar({Ｂ}欲の深い,けちな)
仇	1	venĝ()
窃	1	plagiat(［他］盗作する,剽窃（ひょうせつ）する)
炬	1	torc^({Ｏ}たいまつ（松明）,トーチ;《転》光明)
抢	1	rab({Ｂ}［他］奪う,奪い取る,強奪する,（強制的に）取り上げる)
榄	1	oliv({Ｂ}【果】オリーブ)
阀	1	valv(【機】弁,バルブ;（タイヤの）チューブバルブ;【電】整流管;【生】弁)
挣	1	barakt({Ｂ}［自］もがく,じたばたする;《転》苦闘する)
芋	1	amorfofal(【植】コンニャク（蒟蒻）)
鸭	1	anas({Ｂ}【鳥】アヒル（家鴨）)
惑	1	perpleks(当惑した,途方にくれた,まごついた,>>konfuzita)
弧	1	ark({Ｂ}弓形;弓,=pafarko;【数】弧;【建】アーチ;【理】電弧)
灼	1	kau^ter(【医】=kau^terizi（焼灼する）)
穴	1	tru(穴の;穴のあいた)
拴	1	rigl({Ｏ}［他］差し錠をかける,かんぬきをかける)
靴	1	bot(【PIV】Alta leda piedvesto, kiu atin)
矫	1	ortopedi(【医】整形外科)
刹	1	brems(［他］ブレーキをかける;《転》歯止めをかける,抑制する)
叙	1	ordin(［他］【キ】叙階する,聖職につける)
毁	1	detru(破壊的な)
哈	1	ranc({Ｏ}（油脂が）酸敗した,すえた,悪臭のする,嫌な味のする)
永	1	etern({Ｂ}永遠の,永久の,不朽の,不滅の)
铭	1	deviz({Ｏ}標語,モットー,座右の銘;（紋章の）題銘;【経】外国為替)
拦	1	dig(［他］（堤防などで）せき止める)
肋	1	rip({Ｂ}【解】肋骨（ろっこつ）,あばら骨;【植】葉脈,=nervuro)
赠	1	legac(【法】遺贈,遺贈物)
她	1	ŝi()
估	1	stim(【PIV】Taksi per stokastika procedo;)
戒	1	abstin(節制した,禁欲している;精進の)
功	1	funkci(［自］職務を遂行する;機能を果たす)
匙	1	kuret(【医】【PIV】Speco de akra kulero, uzat)
蔗	1	sakar(【植】【PIV】G. (Genro) (Saccharum el p)
裙	1	jup({Ｂ}【服】スカート)
兑	1	spez({Ｂ}［他］出納する)
蹲	1	kaŭr()
冥	1	kontempl(観想的な,瞑想にふける)
庶	1	bastard(嫡出でない)
饺	1	raviol()
悄	1	flustr(ささやき声の,)
篱	1	heĝ()
蜕	1	mud(【動】【PIV】S^ang^ig^o de hau^to au^ d)
伏	1	embusk(待ち伏せて)
是	1	est({Ｂ}［自］（〜）である;いる,存在する)
凯	1	triumf(凱旋の;大勝利の,大成功の;勝ち誇った)
局	1	instanc({Ｂ}裁決機関,当局,官公庁;【法】審級)
持	1	ten({Ｂ}［他］手に持っている,つかんでいる,腕に抱えている;支える,つ)
练	1	ekzerc({Ｂ}［他］訓練する,練習させる,>>disciplini,>>ha)
嘻	1	hihi(【PIV】Eligi tian bruon.)
翘	1	pau^t(［自］口をとがらす,ふくれ面をする,=lipmieni)
吵	1	kverel({Ｏ}［自］口論する,口げんかする)
剖	1	anatomi({Ｏ}解剖学)
梭	1	naved(【織】ひ（杼）,シャトル)
橄	1	oliv({Ｂ}【果】オリーブ)
砍	1	hak({Ｂ}［他］（斧で）切る,たたき切る;（話などを）切れ切れにする;傷)
患	1	infest(【PIV】(tr (transitiva)) Svarme inva)
绳	1	ŝnur()
它	1	ĝi()
付	1	pag({Ｂ}［他］払う,支払う;《転》仕返しする;《転》償いをする)
溅	1	plau^d({Ｏ}［自］バシャリと音を立てる,水音を立てる;パタパタと音を立てる)
拙	1	fuŝ()
扎	1	ligatur(【医】【PIV】1 a) Fadeno, per kiu oni l)
宿	1	pension({Ｏ}下宿屋,寮,寄宿舎)
僵	1	muskardin(【PIV】Mortiga malsano de la rau^poj)
毫	1	milimetr()
誉	1	honor(名誉の,名誉ある,尊敬すべき)
虽	1	kvankam()
姓	1	kast({Ｏ}（インドの）カースト;《転》世襲的社会階級,身分)
篇	1	novel({Ｏ}小説,中編小説,>>romano)
从	1	de()
谱	1	spektr(スペクトルの)
锹	1	lukan(【虫】クワガタムシ（属）,=cervskarabo)
站	1	staci({Ｂ}駅,停車場;保養地,滞在地;放送局,電話局,観測所;局,署,所)
灿	1	splend(【PIV】Pompe brila, bele k lukse imp)
取	1	retrat(［他］（預金を）引き出す,>>repreni)
趣	1	interes(興味深い,おもしろい;関係のある,ためになる)
临	1	krit(【理】臨界の,=sojla)
泄	1	ekskreci(【生】排泄の)
苏	1	staki(【植】【PIV】G. (Genro) (Stachys el lam)
迟	1	tard(《詩》=malfrua（遅い）)
篮	1	korb({Ｂ}かご,ざる)
沮	1	deprim(意気消沈させる)
唯	1	sol({Ｂ}唯一の,ただ一つの;ひとりきりの,単独の)
缸	1	urn({Ｏ}（古代の）つぼ（壺）,かめ（瓶）;骨つぼ;投票箱)
桨	1	galer({Ｏ}【史】ガレー船;《転》苦役)
锄	1	rastr(【PIV】Fosilo kun triangula ferplato)
踱	1	ambl(［自］【馬】側対歩で進む,>>galopi,>>troti)
怨	1	grumbl({Ｂ}［自］ぼやく,ぶつぶつ不平を言う,愚痴をこぼす)
涯	1	karier({Ｏ}（一生涯のものとしての）職業,道;経歴,生涯)
啄	1	peg({Ｏ}【鳥】キツツキ（啄木鳥）（科の総称）;アオゲラ（緑啄木鳥）（属)
培	1	but(［他］【農】根に土をかける,土寄せする)
匿	1	inkognit(お忍びの,微行の)
厕	1	klozet(【PIV】Necesejo, ordinare kun pelvo )
谤	1	kalumni({Ｂ}［他］中傷する,誹謗（ひぼう）する,名誉を毀損（きそん）する)
堕	1	abort({Ｏ}［他］【医】流産する;［自］《転》中止になる)
焰	1	flam(炎の,炎をあげる;炎のような,激しい)
樟	1	kamfor({Ｏ}【化】ショウノウ（樟脳）)
骂	1	sakr(［自］ののしる,悪態をつく,>>blasfemi)
诵	1	deklam({Ｏ}［他］朗読する,朗々と読む;［自］美辞麗句を並べる,大げさに言)
掠	1	korsar({Ｏ}【史】私掠船船長,私掠船乗組員,=kaperisto,>>pi)
庸	1	banal({Ｏ}平凡な,ありふれた,>>triviala,>>vulgara)
际	1	tenar(【解】【PIV】(thenar) Elstaraj^o en la )
肯	1	aprob({Ｂ}［他］賛成する,同意する;是認する,認可する)
疟	1	malari({Ｏ}【病】マラリア)
慕	1	sopir(あこがれの,憧憬に満ちた)
臂	1	brak({Ｂ}腕)
朽	1	kaduk({Ｂ}老朽の,荒廃した;老衰した,老いぼれた;消えていく,はかない;)
涨	1	flus(［自］（潮が）満ちる,差す)
卯	1	mortez(［他］【建】ほぞ穴をくる)
兄	1	frat(兄弟の;大変仲のよい)
侵	1	invad({Ｏ}［他］侵入する,侵略する;押し寄せる,殺到する)
萎	1	kloroz(萎黄病の)
遇	1	renkont({Ｂ}［他］出会う,行き会う,遭遇する;経験する;反応する,対応する)
桑	1	morus({Ｏ}【果】桑（くわ）の実;【植】=morusarbo)
舵	1	rudr(【空】【海】かじ（舵）)
零	1	nul(ゼロの;無の,無価値の)
俯	1	pron(【PIV】(tr (transitiva)) Turni la an)
捣	1	pist({Ｏ}［他］（細かく）つき砕く,粉にする,粉砕する,すりつぶす)
贿	1	korupt({Ｏ}［他］（賄賂で）買収する,=subac^eti;堕落させる,腐)
泵	1	pump({Ｂ}［他］（ポンプで）吸い上げる,くみ上げる;（ポンプで）送り込む)
赖	1	lizin(【化】【PIV】Aminacido, NH 2 -(CH 2) 4-)
憾	1	bedaŭr()
仅	1	nur(ただの,単なる)
件	1	kondiĉ()
劈	1	kliv(［他］石目にそって割る,劈開（へきかい）させる)
冒	1	aventur(冒険の,冒険的な)
漱	1	gargar({Ｏ}［他］すすぐ,水洗いする;うがいをする)
撑	1	steg(【技】【PIV】Peco, kiu kunligas du flan)
薄	1	ment({Ｏ}【植】ハッカ（属）（薄荷）,ミント)
都	1	metropol({Ｏ}（植民地に対して）本国;（国・地方の）中心都市,大都市,メトロ)
殉	1	martir({Ｏ}【宗】殉教者;《転》殉難者,受難者)
妃	1	dam({Ｏ}貴婦人;（中世の）身分の高い女性への尊称;【遊】（トランプ、チ)
袭	1	razi(【史】【PIV】1 En arabaj landoj, eksped)
址	1	adres(［他］（〜あてに）送る;（言葉を）かける,向ける;あて名を書く)
蒂	1	klitor({Ｏ}【解】陰核,クリトリス)
恩	1	grac(【宗】恩寵,神の恵み,=difavoro)
拥	1	svarm({Ｏ}［自］うようよしている,群がっている,ひしめき合う,雲集する)
脾	1	lien({Ｏ}【解】脾臓（ひぞう）)
描	1	pentr({Ｂ}［他］（色彩画を）描く;《転》（言葉で）描写する;思い描く)
钢	1	ŝtal()
陷	1	insid(落とし穴の,わなのある,狡猾（こうかつ）な)
雨	1	pluv(雨の)
键	1	klav(［他］打鍵する)
瑙	1	oniks({Ｏ}【鉱】シマメノウ（縞瑪瑙）,オニックス)
到	1	ating({Ｂ}［他］着く,届く,到達する)
妖	1	fe(妖精の;《転》夢のように美しい)
薪	1	salajr(［他］給料を払う)
姜	1	zingibr(ショウガの;ショウガ入りの)
唾	1	saliv(［自］つばが出る)
狐	1	vulp(キツネの;《転》ずるがしこい)
爷	1	av({Ｂ}祖父;おじいさん)
彻	1	radikal({Ｏ}根本的な,徹底的な;【政】急進的な,急進派の,過激な)
脐	1	umbilik(へその)
今	1	hodiaŭ()
慨	1	patos(熱情的な,感動的な)
丰	1	abund({Ｂ}有り余るほどの,豊富な,>>ric^a)
乡	1	rur(《詩》=kamparo（田園）)
玄	1	mistik({Ｏ}【宗】神秘の,霊的象徴の;神秘主義的な)
蛀	1	kari(カリエスの;虫歯の)
昔	1	pase(《詩》=pasinteco（過去）;=pasintaj^o（昔のこと)
颗	1	kokolit(【植】【PIV】1 G. (Genro) Coccolithus e)
念	1	rozari({Ｏ}【宗】ロザリオ,数珠（じゅず）;《転》数珠つなぎになったもの)
耘	1	sark({Ｂ}［他］（土地を）除草する,（雑草を）取り除く)
绣	1	brod({Ｏ}［他］刺繍（ししゅう）する)
楼	1	top(【海】トップ,檣楼（しょうろう）)
绕	1	haspel(【服】【PIV】1 Lata ligna au^ metala ta)
愤	1	indign(憤慨した)
灭	1	esting({Ｂ}［他］（火や明かりを）消す;《転》消す,消滅させる)
矩	1	momant(【理】モーメント)
辐	1	spok(【機】（車輪の）スポーク,=radradio,=dratradio)
绝	1	absolut({Ｂ}絶対の,無条件の,完全な,全くの,>>senkondic^a,)
锰	1	mangan({Ｏ}【化】マンガン（原子番号２５の金属元素）)
坑	1	krater({Ｏ}【地質】火口,噴火口;【天】クレーター;【史】クラテル（ワイン)
洒	1	asperg({Ｏ}［他］（植木などに）水をやる;【カ】聖水を振りかける)
呕	1	naŭz()
尺	1	uln({Ｏ}【解】尺骨;【史】腕尺（尺骨の長さに由来する昔の長さの単位、国)
每	1	po(【植】【PIV】G. (Genro) (Poa el poacoj))
试	1	prov(試みの,試験的な)
痕	1	stigmat(（消すことのできない）傷跡,>>cikatro;【キ】聖痕)
圾	1	spam(《Ｎ》【情】スパム（迷惑メールなど）)
疏	1	evaku(［他］【軍】撤退する,撤兵する;立ち退かせる,引き揚げさせる)
豪	1	pomp(豪勢な,はなやかな,壮麗な,華麗な,絢爛豪華な)
诺	1	promes({Ｂ}［他］約束する,（物を）与えることを約束する;期待させる,請け)
均	1	averag^(【数】平均の)
叽	1	pep({Ｏ}［自］（小鳥が）さえずる,ピィピィ鳴く;《転》ペチャクチャしゃ)
鹉	1	psitak(【動】【PIV】Papago (unuspecia g. (genr)
芙	1	hibisk(【植】ハイビスカス,フヨウ（属）)
摸	1	palp(手探りで)
芒	1	mang({Ｏ}【果】マンゴー（の実）)
胜	1	venk(勝利の)
玫	1	roz(バラの,バラのような;バラ色の;《転》バラ色の,楽観的な)
犀	1	rinocer({Ｏ}【動】サイ（犀）（属・科）)
跛	1	lam({Ｂ}足（脚）の不自由な,びっこの;《転》釣り合いの取れていない)
街	1	strat({Ｂ}街路,通り)
闷	1	brez(【PIV】(tr (transitiva)) Kuiri per m)
扩	1	amplif(［他］【理】=amplifiki（増幅する）)
塔	1	tur({Ｂ}塔,やぐら,鐘楼;【運】（高飛び込みの）飛び込み台;【遊】（チ)
怜	1	kompat(慈悲の,哀れみの)
慌	1	panik(［他］おびえさせる,動転させる,恐慌を引き起こす)
烁	1	scintil(【PIV】(ntr (netransitiva)) 1 (pri f)
棺	1	ĉerk()
如	1	kvazaŭ()
芯	1	mec^({Ｏ}灯心,（ろうそくなどの）芯;火縄;導火線;【医】（排膿用の）ガ)
蚤	1	pul({Ｏ}【動】ノミ（蚤）（ノミ目の総称）,>>cimo,>>pedik)
或	1	aŭ()
蕉	1	banan({Ｂ}【果】バナナ)
筛	1	kribr({Ｏ}［他］ふるいにかける)
刃	1	kling({Ｂ}刃（は）,刀身,>>tranc^rando)
融	1	degel({Ｂ}［自］（雪、氷、霜が）とける)
鬼	1	vampir({Ｏ}吸血鬼;【動】チスイコウモリモドキ,>>desmodo;《転》)
衍	1	difrakt(［他］（光や波を）回折させる)
更	1	pli(より以上の,追加の)
这	1	jen(次の,次のような,以下の,下記の)
恕	1	pardon({Ｂ}［他］ゆるす,容赦する,勘弁する,大目に見る)
太	1	tro(余りの,余分な,過度の)
喇	1	ranc({Ｏ}（油脂が）酸敗した,すえた,悪臭のする,嫌な味のする)
但	1	sed(【PIV】(ntr (netransitiva)) Kontrau^)
牺	1	viktim({Ｂ}【宗】いけにえ,>>oferaj^o;《転》犠牲,犠牲者,被害)
磅	1	funt({Ｂ}【単】ポンド（約0.5kg）)
吼	1	muĝ()
沸	1	bol({Ｂ}［自］沸騰する,煮えたぎる;《転》荒れ狂う,激高する)
锡	1	stan(スズの,スズ製の)
呻	1	ĝem()
孵	1	kov({Ｏ}［他］（鳥が卵を）抱いている;《転》（こどもを）大事に保護する)
搏	1	lukt({Ｂ}［自］格闘する;【運】レスリングをする;《転》闘う)
辉	1	efluv(【電】グロー放電)
迹	1	spur(［他］足跡をたどる;【情】トレースする)
猿	1	simi(［他］猿まねする)
蔑	1	disdegn(【PIV】(tr (transitiva)) Mals^ati: a)
给	1	don({Ｂ}［他］与える;渡す,もたらす;おこなう)
贷	1	kredit()
烛	1	kandel({Ｂ}ろうそく;【理】カンデラ（光度の単位，cd）)
殿	1	absid(【建】アプス,（教会の）後陣（長方形の建物の一端に張り出した半円形の)
耗	1	konsum({Ｂ}［他］（少しずつ）消費する,消耗する;食べ尽くす,（炎が）焼き)
邀	1	invit({Ｂ}［他］招待する,招く;勧誘する)
锌	1	zink(亜鉛の)
抚	1	kares(愛撫するような,優しい)
帅	1	s^ik(シックな,いきな,しゃれた,趣味の良い,>>eleganta,>>b)
沐	1	ŝampu()
倦	1	langvor(【詩】=malviglo（無気力）)
罢	1	strik({Ｂ}［自］ストライキをする)
已	1	jam(既存の)
施	1	almoz(=almozpeti)
慰	1	konsol(慰めの,慰めを与える)
羡	1	envi(ねたみの,羨望の)
叹	1	suspir(［自］嘆息する,=vespiri)
妥	1	kompromis(［自］妥協する,和解する)
昨	1	hieraŭ()
欣	1	eu^fori(【医】【PIV】Sento de bonfarto, jen rea)
宜	1	dec(礼儀にかなった,きちんとした,行儀のよい;ふさわしい,適切な)
岸	1	bord({Ｂ}岸,縁（ふち）)
司	1	sacerdot({Ｏ}【キ】（カトリックなどの）司祭,>>pastro)
暂	1	provizor({Ｏ}仮の,臨時の,一時的な,暫定的な)
顷	1	hektar({Ｂ}【単】ヘクタール,=cent aroj)
贸	1	negoc(取引の,商談の;実務的な,ビジネスライクな)
闸	1	kluz(［他］（船を）開門して通過させる)
吱	1	knar({Ｏ}［自］きしる,キイと音を立てる)
枯	1	velk(枯れた,しおれた)
抒	1	lirik(叙情詩の;叙情的な)
颓	1	dekadenc(衰退の,退廃の;【文】デカダン派の)
凿	1	gug^(【PIV】Konkavaklinga c^izilo, uzata )
幸	1	feliĉ()
众	1	popular({Ｂ}人気のある,ポピュラーな;大衆的な,通俗的な,平易な)
玛	1	oniks({Ｏ}【鉱】シマメノウ（縞瑪瑙）,オニックス)
留	1	las({Ｂ}［他］（物を）放置する,置いて去る,手放す;（人を）放す,ほう)
聊	1	babil({Ｂ}［自］雑談する,おしゃべりする)
巩	1	sklerot(【解】【植】【PIV】1 (sclera) Fibreca memb)
奖	1	premi(［他］賞を与える)
痰	1	ekspektor(【医】【PIV】(ntr (netransitiva)) Forj^)
瞪	1	gazel({Ｏ}【動】ガゼル（属）,>>antilopo)
驮	1	ferut(【PIV】Transporti kamionojn au^ remo)
珍	1	delic(【PIV】Delikata g^uo (gastronomia, a)
逼	1	kompuls(【PIV】(tr (transitiva)) Igi, ke iu )
尽	1	klopod(骨の折れる)
卡	1	kart({Ｂ}カード,（紙の）札;はがき;地図;（トランプの）札;【電】基板)
粱	1	sorg({Ｂ}【植】モロコシ（蜀黍）（属）;《般》コウリャン（高粱）)
夏	1	somer(夏の,夏季の)
茬	1	stopl({Ｏ}【農】（穀物を刈り取った後の）切株,刈株)
以	1	per(間接の;仲介の)
荒	1	noval(【農】=senkultivejo（休閑地）)
劣	1	aĉ()
挤	1	melk({Ｂ}［他］乳を搾（しぼ）る;（金などを）搾り取る)
削	1	frez(［他］【機】フライスで削る)
惠	1	komplez(親切な,好意的な,人を喜ばせる)
别	1	ali({Ｂ}ほかの,別の,その他の;もう一つの)
范	1	norm(基準の,標準の,規格の;規格に準処した)
碑	1	monument(記念碑の;《転》記念碑的な,壮大な,不朽の)
误	1	mis(間違った,失敗の,不当な)
川	1	glac^er(【地理】【地質】【PIV】Grandega eterna maso )
雾	1	nebul(霧の,霧のかかった;かすんだ,不明瞭な,曖昧（あいまい）な)
溺	1	dron({Ｂ}［自］溺れる;【海】沈没する;《転》没する,沈む)
胁	1	minac(威嚇的な,脅しの;（状況が）険悪な)
迂	1	pedant(学者ぶった,些事に拘泥する)
庐	1	kaban({Ｂ}小屋,掘立て小屋,あばら屋)
来	1	ven({Ｂ}［自］来る,やって来る;到着する,行き着く;達する)
默	1	silent(沈黙した,無言の;静かな,音を立てない)
腻	1	mastik(［他］【建】パテで接合する,パテをつめる)
弯	1	fleks(=fleksebla（曲げられる）)
碧	1	turkis(トルコ玉の;青緑色の)
拓	1	pionir(先駆的な,草分け的な)
侄	1	nev({Ｂ}おい（甥）)
锚	1	ankr(［他］錨をおろす;【空】（気球を）係留する)
括	1	parentez(かっこで囲んで;余談ながら)
荷	1	ment({Ｏ}【植】ハッカ（属）（薄荷）,ミント)
抛	1	parabol({Ｏ}【数】放物線;【宗】（宗教的・道徳的な）たとえ話,>>aleg)
哭	1	plor({Ｂ}［自］泣く,涙を流す)
险	1	risk(危険な,一か八かの)
鞍	1	sel(［他］鞍（くら）を置く)
锣	1	tamtam(［自］タムタムを打ち鳴らす;《転》鳴り物入りで宣伝する)
滩	1	plag^(（観光用の）浜辺,海水浴場,ビーチ;=strando（砂浜）)
劲	1	verv(熱のこもった,気合の入った,活気あふれた)
熏	1	bukan(【PIV】Viando au^ fis^o fumsekigita.)
轿	1	palanken({Ｏ}（中国やインドの）かご,こし)
页	1	paĝ()
英	1	kvarc(石英の,水晶の,クオーツの)
廷	1	kuri(【史】クリア（古代ローマの社会組織の一単位／クリア集会所／元老院議場)
亿	1	miliard({Ｂ}十億)
瑞	1	dafn(【植】ジンチョウゲ（属）)
衷	1	eklektik(取捨選択する,良いとこどりの;折衷的な)
礁	1	rif({Ｏ}【海】礁（しょう）,岩礁,暗礁;《転》暗礁（危険な障害物）)
略	1	strategi(戦略上の,戦略的な)
掐	1	pinĉ()
泛	1	kosmopolit(コスモポリタン的な;【環】汎存種の,全世界に広く分布する)
帐	1	tend({Ｂ}テント,天幕)
唆	1	instig({Ｂ}［他］励ます,勧める;駆りたてる,そそのかす)
佑	1	providenc(摂理の,神意による)
奉	1	kaj^ol(へつらいの,おもねるような,甘い)
夫	1	edz({Ｂ}夫)
识	1	kogn(【哲】【PIV】(tr (transitiva)) Rekoni, )
佃	1	sep:peon()
些	1	kelk({Ｂ}（数について）いくつかの,何人かの;（量について）いくらかの,)
氛	1	etos({Ｏ}（精神的）雰囲気,ムード,趣き,情調;【芸】エートス（作品の持)
齐	1	amalgam(［他］（〜の）アマルガムを作る)
泊	1	sep:rod()
各	1	respektiv({Ｏ}それぞれの,各自の)
坠	1	kras^(［自］【空】墜落する;（自動車などが）激突する,>>frakasig)
惜	1	domaĝ()
聘	1	engag^(［他］（人を）雇う,（雇用）契約する;（人をある状態に）巻き込む,引)
盗	1	pirat(海賊の)
茂	1	veget(植生の;《転》無為の,無気力な)
舀	1	ĉerp()
腾	1	sor(［自］【空】（気流に乗って）上昇する,舞い上がる,=suprengl)
勃	1	erekt(【医】勃起した)
沫	1	ŝaŭm()
奢	1	luks(ぜいたくな,豪奢（ごうしゃ）な,華美な)
筒	1	kalejdoskop(万華鏡のような,千変万化する)
遣	1	tac^ment(［他］分遣する,派遣する)
嘲	1	mok(あざけりの)
援	1	sponsor(［他］〜のスポンサーになる)
做	1	far({Ｂ}［他］する,遂行する;作る,つくり出す)
饶	1	indulg(寛大な)
熊	1	urs(クマの,クマのような;《転》不器用な,武骨な)
置	1	met({Ｂ}［他］置く,入れる,備え付ける,身につける;（ある状態に）する)
采	1	ekspluat({Ｂ}［他］開発する,うまく利用する;搾取する;酷使する)
疯	1	frenez({Ｂ}気の狂った;気違いじみた,無分別な;我を忘れた)
殷	1	galant(（女性に）親切な)
轻	1	frivol({Ｏ}軽はずみな,不まじめな;くだらない,つまらない)
港	1	haven({Ｂ}港,港湾;《転》避難所,休息所)
钙	1	kalci({Ｏ}【化】カルシウム（元素，Ｃａ）)
犹	1	hezit({Ｂ}［自］ためらう,躊躇（ちゅうちょ）する)
佩	1	admir({Ｂ}［他］感嘆する,賛美する;敬服する,感心する)
椎	1	vertebr(椎骨の,脊椎の;脊椎のある)
擅	1	arbitr({Ｂ}任意の,勝手気ままな)
谬	1	absurd({Ｂ}非常識な,不合理な;ばかげた,ばかばかしい;【哲】不条理な)
畜	1	brut(家畜の;《転》畜生のような)
贺	1	gratul(祝いの,祝賀の)
你	1	vi(あなたの;あなたがたの)
村	1	vilaĝ()
墩	1	sokl({Ｏ}【建】（円柱・彫像などの）台座,台石（比較的平たい）,>>pi)
枕	1	s^pal(（窓などの）横木;【鉄】枕木（まくらぎ）)
绎	1	dedukt(【哲】演繹的)
绸	1	krep({Ｏ}【織】クレープ,縮緬（ちりめん）,縮み)
腋	1	aksel({Ｏ}【解】腋（わき）の下;【植】葉腋（ようえき）)
拒	1	rifuz({Ｂ}［他］拒絶する,拒否する,拒む,断る,辞退する,〜しようとしな)
姻	1	bo()
佐	1	kondiment(［他］【料】味付けする)
鳞	1	skvam(うろこで覆われた)
嘹	1	klarion(（声・音などが）甲高く響きわたる)
帘	1	kurten(［他］カーテンをつける,カーテンで覆う)
篡	1	uzurp({Ｏ}［他］（領地・権力・地位などを）不当に奪う,簒奪（さんだつ）す)
葱	1	cep({Ｂ}【料】玉ネギ;【植】タマネギ)
为	1	por(小孔のある;多孔質の)
嘿	1	nu()
亡	1	pere({Ｂ}［自］（災害などで）死ぬ;滅びる,消える,滅亡する)
袖	1	manik({Ｂ}【服】そで（袖）,たもと;風見用吹流し)
故	1	do()
奋	1	streb({Ｏ}［自］全力をつくす,懸命に努力する,奮闘する)
邑	1	municip(自治体の,市町村の)
呆	1	gap(ぽかんと)
栽	1	kultiv(［他］（土地を）耕作する,（植物を）栽培する;（生きものなどを）育て)
祷	1	sep:prim()
拐	1	kidnap(［他］誘拐する,=forkapti,>>infans^teli)
粥	1	kaĉ()
很	1	tre(【PIV】Ekstrema.)
踢	1	kalcitr(［自］（馬などが）後脚で蹴上げる;《転》頑強に抵抗する)
禀	1	temperament({Ｏ}気質,気性,性分;（古代西洋医学で）体質)
旱	1	viadukt({Ｂ}（谷などに渡された）陸橋,高架橋,=valponto)
州	1	kanton({Ｏ}（フランスの）郡;（スイスの）州)
拿	1	pren({Ｂ}［他］手に取る,つかむ;取りあげる,奪い取る;取る,得る,選ぶ)
俏	1	dand(おしゃれな,めかしこんだ,ダンディーな)
裹	1	vind(［他］（細長い）布で巻く,おむつでくるむ,包帯を巻く)
闲	1	sinekur(（待遇のよい）閑職,名誉職,楽な地位)
窄	1	stret(《詩》=mallarg^a（幅の狭い）)
看	1	rigard({Ｂ}［他］見る,眺める,注目する,目を向ける;確かめる,注意を向け)
纳	1	kotiz({Ｏ}［自］（会費・分担金などを）払う)
挽	1	elegi(哀歌の,悲歌の;哀愁をおびた,物悲しい)
粮	1	proviant(［他］（軍隊に）食糧を補給する,=provizumi)
宠	1	dorlot({Ｂ}［他］甘やかす;大事にする)
隧	1	tunel(［他］トンネルをつける)
鹊	1	pig(カササギの;《転》白黒まだらの)
敢	1	aŭdac()
谓	1	predikat(述部の,述語の)
脆	1	bigarel(【植】【PIV】Rug^a k blanka c^erizo, ku)
困	1	sep:pat()
迭	1	iteraci(【数】【PIV】1 (pp (se paroli pri) komp)
却	1	tamen()
刊	1	revu(［他］評論する;【軍】閲兵する)
匆	1	hast(大急ぎの;拙速の)
诞	1	jul(【PIV】Forta remilo, kiun oni uzas p)
氏	1	celsius(【理】セ氏の,摂氏の,=celsia)
梳	1	komb({Ｂ}［他］（くしで）すく,くしけずる)
漂	1	driv({Ｏ}［自］【海】漂流する,（潮や風に）流される,>>flosi;偏)
截	1	amput({Ｏ}［他］【医】（手術で手足を）切断する)
芦	1	kalabas(【植】ヒョウタンノキ,フクベノキ;【植】ヒョウタン;【果】ヒョウタン)
谈	1	konversaci(会話の)
按	1	laŭ()
频	1	frekvenc(【理】振動数;【電】周波数;【統】度数)
刨	1	rabot({Ｏ}［他］かんなをかける,平らに削る)
闻	1	anekdot({Ｂ}逸話,ゴシップ,奇聞;小話)
递	1	rikur(【数】【情】【PIV】(pp (se paroli pri) dif)
叔	1	onkl({Ｂ}おじ（親の兄弟、親の兄弟の夫）,>>oc^jo)
池	1	cistern({Ｏ}雨水だめ,貯水池;水槽,（液体用）タンク)
摹	1	pau^s(［他］敷き写しする,トレースする;《転》丸写しする,模倣する)
往	1	ir({Ｂ}［自］行く,行き着く,向かう;（物事が）運ぶ;（機械が）動く)
番	1	barbaden(【植】【PIV】1 Sp. (Specio) de pasiflor)
浇	1	verŝ()
走	1	kontraband(［他］密輸入する;密輸する)
渊	1	abism(深淵（しんえん）の,底知れないほど深い;【地理】深海の)
卿	1	lord({Ｏ}卿（英国貴族への敬称）;貴族)
嚼	1	maĉ()
啰	1	rasl(【医】【PIV】Nenormala bruo, au^debla c)
润	1	lubrik({Ｂ}［他］（機械に）油をさす,注油する)
亏	1	deficit({Ｂ}【商】欠損,赤字)
妇	1	meger(性悪女,意地悪女)
皿	1	plad({Ｂ}大皿,皿,>>telero;（皿に盛った）料理)
肖	1	portret(［他］肖像を描く)
陆	1	kontinent(大陸の,大陸性の)
纲	1	platform(【PIV】1 Plialtigita ebena maso el t)
萤	1	lampir({Ｏ}【虫】ツチボタル（属）,>>lumvermo;（一般に）ホタル)
浅	1	neritik(【地理】【地質】【PIV】La parto de maro, kus)
禅	1	zen(【仏】禅（ぜん）)
惨	1	mizer(悲惨な,みじめな,あわれな;貧しい,みすぼらしい;くだらない,つまら)
盖	1	kovr({Ｂ}［他］覆う,かぶせる;覆いかくす;償う,埋め合わせる)
北	1	nord(北の;北部の,北方の,><suda)
亩	1	sep:ar()
骄	1	fier({Ｂ}誇り高い,自尊心のある;高慢な,尊大な)
尘	1	polv(ちりでできた;ほこりだらけの)
孙	1	nep({Ｂ}孫)
聋	1	surd({Ｂ}耳の聞こえない,耳の不自由な,聾（ろう）の;《転》耳を貸さない)
溶	1	sep:sol()
抓	1	grat({Ｂ}［他］ひっかく,かき削る;かく,>>skrapi)
躺	1	kuŝ()
吠	1	boj({Ｂ}［自］（犬が）ほえる;《転》（人が）わめく,がみがみ言う)
蒜	1	ajl(にんにくを含む;にんにく臭い,にんにく味の)
圃	1	bed({Ｏ}【園】（細長い）野菜畑,花壇)
嗜	1	letargi(嗜眠（しみん）性の;無気力な,無感動な)
痢	1	disenteri({Ｏ}【病】赤痢)
惰	1	inert({Ｏ}惰性的な,無気力な,消極的な;【化】不活性の)
吗	1	ĉu()
凳	1	benk({Ｂ}ベンチ)
宾	1	akuzativ(対格の)
于	1	pri(それについて)
谚	1	proverb(ことわざの,ことわざ風の;よく知られた,周知の)
够	1	sufiĉ()
术	1	taktik(戦術的な,戦術上の)
茄	1	tomat(トマトの)
赚	1	lukr(【PIV】(tr (transitiva)) Perlabori: )
暖	1	varm({Ｂ}暖かい,熱い,暑い;熱のある;《転》熱心な,熱気のある)
邻	1	najbar(隣の,近所の;近くの)
崇	1	sublim(崇高な,至高の,気高い,高尚な)
橘	1	mandarin({Ｏ}【果】マンダリン,ミカン（蜜柑）,>>orang^o)
苇	1	kan({Ｏ}《般》アシ,ヨシ,トウ,サトウキビの類,>>fragmito,)
慷	1	prodig(《稀》=malavara（気前のよい）)
函	1	cirkuler({Ｂ}回状,回覧状)
皂	1	sap(=sapumi（石けんをぬる）)
窘	1	embaras(邪魔な,厄介な,煩わしい,>>g^ena)
恒	1	konstant({Ｂ}不変の,一定の,常置の,絶え間ない;（人が）志操堅固な)
赌	1	vet(賭をして;競争で)
孤	1	orf(孤児の,親のない;《転》見捨てられた)
砰	1	pum(【動】ピューマ)
张	1	toni(【生】【化】【PIV】1 Stato de malforta kon)
晨	1	maten(朝の)
禾	1	gramin(【PIV】(evi (evitinda)) = gramineo.)
碗	1	bovl({Ｂ}【料】深皿,碗（わん）,丼（どんぶり）,ボウル,>>taseg)
欧	1	eu^roparlament()
硕	1	magistr(（学位の）修士（日英米）,学士（フランス）)
疲	1	lac({Ｂ}疲れた,くたびれた;《転》飽き飽きした)
刁	1	c^ikan({Ｏ}［他］難癖をつける,口やかましく文句を言う;詭弁（きべん）を弄)
咪	1	miaŭ()
毡	1	felt(［他］フェルト状にする)
洁	1	c^ast({Ｏ}貞節な,純潔な;清純な)
婴	1	beb(赤ん坊の)
冗	1	redund(【PIV】Estanta pluroble au^ ripete, )
滤	1	filtr({Ｏ}［他］こす,ろ過する;【写】フィルターにかける)
础	1	plint(【建】（柱や彫刻台の下の四角い）柱礎,台座;【建】根石;【建】=pl)
葛	1	arorut(【植】クズウコン;【料】アロールートデンプン;（一般に）くず粉)
侦	1	skolt(［自］ボーイスカウト活動をする;【軍】偵察する)
幅	1	amplifik(［他］【理】増幅する)
谣	1	klaĉ()
悖	1	paradoks(逆説の,逆説的な)
稿	1	manuskript({Ｏ}原稿;手書き文書;写本)
察	1	prokuror(【法】検事,検察官)
刚	1	ĵus()
祖	1	atav()
驴	1	azen(ロバの;愚かな)
秧	1	ral(【動】【PIV】G. (Genro) (Rallus) de mal)
杨	1	buks({Ｏ}【植】ツゲ（黄楊）)
紧	1	streĉ()
捕	1	kapt({Ｂ}［他］つかまえる,捕らえる;つかむ,把握する;とりこにする)
班	1	skip(（作業などの）班,チーム)
播	1	propag(［他］【理】（光・波動を）伝搬させる,伝える;【医】（細菌などを）繁)
垒	1	rempar({Ｏ}【軍】城壁,塁壁;《転》防御物)
崖	1	klif(（海岸の）絶壁,がけ,断崖（だんがい）)
扑	1	sumo(【運】相撲;>>lukto)
肘	1	kubut(ひじの)
桌	1	tabl({Ｂ}テーブル,机,卓,台;食卓;《転》食事,食卓を囲む人々)
慎	1	prudent({Ｂ}良識的な,賢明な,分別のある;慎重な,用心深い,思慮深い)
棋	1	ŝak()
锻	1	forĝ()
乙	1	etil(【化】エチル基)
颖	1	glum(【植】包穎（ほうえい）)
颊	1	vang({Ｂ}【解】ほお;【機】側板)
户	1	pic^(《俗》=vulvo（陰門）)
隙	1	interstic(【解】【PIV】Spaco, kiu trovig^as inter)
累	1	akumul(［他］蓄積する)
陨	1	meteor({Ｏ}【天】流星,=falstelo;【気】大気現象,=atmosf)
蟋	1	gril({Ｏ}【虫】コオロギ)
拨	1	plektr(［自］【楽】（弦を）ばちでかき鳴らす,ピック演奏する,>>pinc^)
娱	1	amuz(楽しい,余興の)
驰	1	galop(ギャロップで,全速力で)
撒	1	ŝut()
瓤	1	pulp(果肉の,果肉状の;髄の,髄状の;パルプの,パルプ状の)
蒸	1	transpir(【PIV】(ntr (netransitiva)) 1 Elimin)
枢	1	kardinal({Ｏ}【カ】枢機卿)
挖	1	drag(［他］浚渫（しゅんせつ）する)
嗡	1	zum({Ｂ}［自］（虫などが）ブンブンいう,（低い振動音で）うなる;［他］)
荆	1	ekvizet(【植】スギナ（属）,>>mang^ebla ekvizeto,>>p)
砌	1	mason({Ｂ}［他］（石・レンガで）築く)
妒	1	ĵaluz()
尔	1	ci(おまえの)
丙	1	propil(【化】【PIV】La radiko CH 3-CH 2-CH 2 -)
旁	1	apud(かたわらの)
坎	1	veŝt()
柏	1	cipres({Ｏ}【植】イトスギ（ヨーロッパでは喪の象徴）)
疾	1	invalid({Ｂ}廃疾者,（傷病による）就労不能者)
歇	1	paŭz()
店	1	butik(［自］小売店を営む)
晓	1	aŭror()
跟	1	kalkan({Ｂ}【解】踵（かかと）)
屏	1	ekran(［自］ついたてでさえぎる,ついたてを立てる)
雇	1	dung({Ｂ}［他］雇う,採用する)
垃	1	spam(《Ｎ》【情】スパム（迷惑メールなど）)
滥	1	eksces(過度の,行過ぎた,並外れた,>>troa)
槛	1	sojl(【理】臨界の)
荔	1	lic^i(【植】【PIV】1 G. (Genro) (Litchi el sa)
几	1	preskaŭ()
碘	1	jod({Ｏ}【化】ヨウ素（原子番号５３の非金属元素）;ヨード)
葫	1	kalabas(【植】ヒョウタンノキ,フクベノキ;【植】ヒョウタン;【果】ヒョウタン)
聪	1	inteligent({Ｂ}聡明な,頭のよい,利口な)
呢	1	drap({Ｂ}【織】ラシャ,>>lanaj^o,>>s^tofo,>>tuk)
秒	1	sekund({Ｂ}秒（時間・角度の単位）)
嘱	1	testament(［他］【法】遺言する,遺贈する;《転》残し伝える)
晚	1	vesper(夕方の,夕べの,宵の,晩の)
父	1	patr(父の)
扶	1	fotel({Ｂ}肘掛け椅子,=brakseg^o)
继	1	hered(相続の,世襲の;遺伝の)
漫	1	romantik({Ｏ}ロマン主義の,ロマン派の;ロマンチックな)
蓄	1	akumulator(【電】蓄電池,=akumulilo)
阵	1	falang({Ｏ}【軍】（古代ギリシアの）密集方陣,ファランクス;【解】指節骨（)
拷	1	tortur({Ｏ}［他］拷問する)
锯	1	seg({Ｂ}［他］のこぎりで引く)
斥	1	skold(【PIV】(tr (transitiva)) Riproc^e ad)
霸	1	hegemoni(主導権を持った,支配的な)
祸	1	akcident(事故の;偶発的な)
豚	1	delfen({Ｏ}【動】イルカ)
氢	1	hidrid()
吓	1	hu(【PIV】(ntr (netransitiva)) Krii hu!)
找	1	trov({Ｂ}［他］見つける,見いだす,発見する;認める,気づく,感じる;（)
帷	1	drapir({Ｏ}［他］ひだのある布でおおう,垂れ幕で飾る;（衣服やカーテンに）)
飘	1	flirt({Ｂ}［自］（旗などが）翻る;（蝶などが）ひらひら飛び回る;（異性と)
茸	1	lanug(綿羽のような,綿羽でできた,うぶ毛の生えた,綿毛に覆われた)
匕	1	ponard(［他］短剣で刺す)
琐	1	bagatel(つまらない,取るに足りない)
斋	1	fast({Ｂ}［他］【宗】断食する;絶食する)
眉	1	brov({Ｂ}眉（まゆ）)
迫	1	persekut({Ｂ}［他］追いまわす,追跡する;迫害する,虐待する;【法】起訴する)
狡	1	ruz({Ｂ}ずるい,悪賢い,狡猾な,抜け目ない)
阻	1	obstrukc(［他］（通路・管を）ふさぐ,詰まらせる;【政】（議事進行を）妨害する)
域	1	sektor({Ｏ}【数】扇形;【軍】防衛区域;【経】（産業）部門)
猛	1	drast({Ｏ}【薬】薬効の激しい;《転》強烈な,激烈な,徹底的な,思い切った)
盾	1	s^ild({Ｏ}【軍】盾（たて）;遮蔽物,シールド;看板;【地質】楯状地)
堤	1	g^et(【海】防波堤,突堤)
牢	1	karcer({Ｏ}独房;監房,牢（ろう）;留置場;監獄,刑務所;【軍】営倉)
闹	1	tumult(大騒動の,騒然とした,騒がしい)
践	1	praktik(実地の,実践的な;実際的な,実用的な;実用向きの,便利な,役に立つ)
抄	1	epitom(（作品の）抜粋,要約,梗概（こうがい）,概要,>>resumo)
淹	1	inund({Ｂ}［他］氾濫する,水浸しにする;《転》あふれる)
绊	1	stumbl(［自］つまずく,よろめく,=faleti;《転》とちる,言い間違える)
纯	1	pur({Ｂ}混じりけのない,純粋な,澄んだ;清らかな,清潔な,きれいな;純)
友	1	amik(友達の,友好的な)
厢	1	vagon({Ｂ}【鉄】車両,>>lokomotivo)
讥	1	rikan({Ｏ}［自］冷笑する,せせら笑う,にやにや笑う,>>mokridi,)
娇	1	lind(【PIV】Alloge plac^aspekta.)
趋	1	tendenc(傾向をおびた,かたよった,偏向的な,>>partieca)
早	1	fru({Ｂ}早い;初期の)
菇	1	bolet(【菌】イグチ（アミタケ科のキノコの総称）,=tubofungo)
仰	1	supin(【PIV】(tr (transitiva)) Turni la an)
脏	1	viscer(【解】内臓,=internaj^o)
捶	1	male(［他］槌で打つ)
屋	1	dom(家の)
啊	1	ha()
苍	1	pal({Ｂ}（顔が）青ざめた,青白い,血の気のない;色の薄い,光の弱い;《)
摩	1	masaĝ()
常	1	oft(たびたびの,頻繁に起こる;いつもの,よくある)
糠	1	bran({Ｏ}【農】ふすま,ぬか（糠）)
肆	1	impertinent({Ｏ}無礼な,厚かましい,生意気な)
郎	1	knab(少年の)
猬	1	erinac({Ｏ}【動】ハリネズミ)
惹	1	incit({Ｂ}［他］（刺激して）怒らせる,いらだたせる;極度に興奮させる)
贯	1	koher({Ｏ}（論理が）首尾一貫した,筋道の通った,まとまりのある;【理】凝)
榕	1	fikus(【植】【PIV】G. (Genro) (Ficus el morus)
饲	1	furaĝ()
屁	1	furz({Ｏ}［自］おならをする,屁（へ）をひる)
筏	1	flos(［自］浮いている)
冶	1	metalurgi({Ｂ}冶金（やきん）業,冶金術;冶金学)
鲜	1	freŝ()
吾	1	ego(【心】エゴ;【哲】自我)
柜	1	ŝrank()
招	1	nekromanci(（死者の霊を呼び出して未来を占う）降霊占い,降霊術,口寄せ,>>sp)
絮	1	flok(一房の綿のような,小片状の)
镐	1	pioĉ()
谍	1	spion(［他］スパイする,ひそかに探る;《転》監視する,=gvati)
谎	1	mensog(嘘の,偽りの,虚偽の,>>malvera)
蛮	1	barbar(未開の)
错	1	erar(誤った,間違った)
去	1	kastr({Ｏ}［他］去勢する)
碍	1	obstakl(［自］障害となる)
畸	1	terat(【医】【PIV】Grava fizika au^ fiziologi)
浴	1	ban({Ｂ}［他］水浴させる;（液体に）浸しておく;（水などを）浴びせかけ)
讨	1	seminari({Ｏ}ゼミナール,セミナー,研究会;神学校)
诡	1	sofism(詭弁の)
漠	1	dezert(砂漠の;荒れはてた;人けのない,無人の)
翠	1	alcion({Ｏ}【鳥】カワセミ)
肢	1	protez(【医】人工装具の,補綴した)
争	1	disput({Ｂ}［自］口論する,言い争う,>>kvereli,>>konfli)
维	1	dimensi({Ｂ}寸法;【数】次元;【理】（物理量の）次元;《転》規模,広がり)
赢	1	gajn({Ｂ}［他］（運や偶然によって）得る;勝ち取る;もうける,>>aki)
味	1	gust(［自］味がする)
努	1	pen(骨を折って,やっとのことで)
业	1	industri(産業の,工業の)
买	1	aĉet()
若	1	se()
悍	1	meger(性悪女,意地悪女)
缚	1	jug(［他］くびきにつける;束縛する;隷属させる)
毯	1	tapiŝ()
逮	1	arest({Ｏ}［他］逮捕する)
没	1	konfisk({Ｏ}［他］没収する,押収する,取りあげる)
墙	1	pavez(【海】舷墻（げんしょう）（上甲板舷側上の防壁）)
唬	1	bluf({Ｏ}［自］はったりをかける,虚勢を張ってだます)
免	1	imun({Ｂ}【医】免疫の;【法】免除の;【機】耐性のある)
蓉	1	hibisk(【植】ハイビスカス,フヨウ（属）)
锦	1	brok(［他］紋織りにする,錦織りにする)
少	1	minoritat(少数派,マイノリティー,=malplimulto,><majorit)
则	1	princip(原則的な)
讹	1	c^antag^(［他］強請る（ゆする）,恐喝する)
鉴	1	ekspertiz(［他］鑑定する,査定する)
浊	1	turbid(【地質】【PIV】Mara au^ laga detrito, su)
辙	1	frog(【PIV】Centra parto de trakforko au^)
疆	1	marki(【史】【PIV】Regiono au^ provinco, kiu )
坪	1	gazon(芝生（しばふ）,=razeno,=herbotapis^o)
诈	2	artifik(策略による,ごまかしの) | frau^d(［他］詐取する,ごまかす,不正行為を働く,>>trompi)
住	2	domicil(【法】（登録された）住所;本籍) | loĝ()
缀	2	prefiks({Ｏ}【Ｇ】接頭辞,>>sufikso) | sufiks(接尾辞の)
罗	2	groc(【単】グロス（＝12ダース）) | kompas({Ｏ}【海】羅針盤,コンパス)
借	2	pretekst(［他］口実にする,かこつける) | prunt(貸し借りで)
克	2	gram({Ｂ}【単】グラム（g）) | konker({Ｏ}［他］征服する,戦い取る;《転》（努力して）勝ち取る,克服する)
衫	2	bluz({Ｂ}【服】ブラウス;上っ張り,仕事着;ジャンパー,ブルゾン) | ĉemiz()
挫	2	frustr({Ｏ}［他］【心】欲求不満を起こさせる) | kontuz({Ｏ}［他］打撲傷を与える)
涩	2	adstring(【医】収斂性の;=adstringagusta（渋い）) | s^ibu(【PIV】Bruna, taninoric^a, strange o)
越	2	ju() | trans(向こうの,向こう側の;【情】遠隔の,リモートの)
乘	2	multiplik(【数】掛け算の,乗法の) | vetur({Ｂ}［自］（乗り物で）行く;（乗り物が）行く,運行する)
纺	2	ŝpin() | spindel(【機】スピンドル)
尊	2	dign(威厳のある,堂々とした) | estim({Ｂ}［他］尊敬する,尊重する,高く評価する,>>s^ati,>>r)
本	2	duplikat(副本,写し;【法】謄本) | instinkt(本能の,本能的な;直観的な)
泪	2	dakriocist(【解】【PIV】Larmosako.) | larm(涙の,涙にぬれた)
储	2	rezerv(保留の;予備の) | stok(［他］【商】ストックする,仕入れる;蓄える)
勇	2	brav({Ｂ}勇敢な,勇ましい,りりしい;実直な,律義な;りっぱな) | kuraĝ()
祝	2	ben({Ｂ}［他］祝福する) | tost(［自］乾杯する,祝杯をあげる)
荣	2	glor(栄光ある,輝かしい) | prosper(栄えている,隆盛な)
拼	2	ortografi() | parget(［他］【建】寄せ木張りにする)
忘	2	amnezi(【病】健忘症) | forges({Ｂ}［他］忘れる,失念する;なおざりにする,おろそかにする)
举	2	kondut({Ｂ}［自］ふるまう,態度をとる) | lev({Ｂ}［他］上げる,持ち上げる,拾い上げる;立てる,起こす;《転》高)
汽	2	benzin({Ｂ}ガソリン;【化】ベンジン) | vapor(蒸気の;蒸気のたちこめた,おぼろにかすんだ;（布地が）透けるように薄)
品	2	frand(美味の,おいしいそうな) | sortiment(［他］（各種商品を）取り揃える;取り合わせる)
账	2	faktur(［他］【商】仕切状を作成する;請求する) | kont({Ｏ}【商】勘定口座,貸借勘定;【情】アカウント)
泽	2	alism(【植】【PIV】G. (Genro) (Alisma el alis) | glace(光沢のある,つや出しした,>>polurita)
巾	2	tuk({Ｂ}（用途に合わせて切った）布,布切れ) | turban({Ｏ}【服】ターバン)
奏	2	koncert(演奏会の;生演奏の,生録音の,ライブの) | prelud(［自］前奏曲を演奏する)
焊	2	lut({Ｏ}［他］ハンダ付けする,鑞付けする,>>veldi) | veld(［他］【機】溶接する,>>luti)
移	2	pipet(【化】ピペット) | translaci(［他］【理】並進させる;【数】平行移動させる)
放	2	emancip({Ｏ}［他］【法】親権を解除する;《転》（政治的・社会的束縛から）解) | impertinent({Ｏ}無礼な,厚かましい,生意気な)
运	2	fortun(幸運,>>destino,>>hazardo,>>fato) | port({Ｂ}［他］持っている,抱えている;持ち運ぶ,持って行く;身につけて)
爵	2	baron({Ｏ}男爵;【史】（中世、国王から領地を与えられた）諸侯) | duk({Ｏ}公爵,>>markizo,>>princo)
羞	2	mimoz({Ｏ}【植】ミモザ,オジギソウ（属）,>>akacio) | pudor(恥じらいのある,慎み深い)
颁	2	dekret(［他］【政】（政令を）発令する,布告する) | promulg(【法】【PIV】(tr (transitiva)) Oficiale)
倍	2	obl(【数】倍数) | ploid(【生】【PIV】Nombro de homologaj serioj)
汤	2	buljon({Ｏ}【料】ブイヨン) | sup({Ｂ}【料】スープ)
臼	2	luksaci(【医】脱臼（だっきゅう）,=elartikig^o) | molar(【解】大臼歯,=granda mueldento;臼歯（きゅうし）,)
也	2	ankaŭ() | nek()
菱	2	lozang^({Ｏ}（紋章の）菱形紋;（宝石の）菱形面;（ひし形の）糖衣錠,=pa) | romb({Ｏ}【数】菱形（ひしがた）;【魚】=rombofis^o（ヒラメの)
跳	2	kapriol(［自］跳ね回る,跳躍する) | salt({Ｂ}［自］跳ぶ,跳び上がる,跳躍する;飛び移る,飛びのく;《転》飛)
败	2	defet(【PIV】(ntr (netransitiva)) Kredi si) | fiask(［自］大失敗する,完全にしくじる)
檐	2	kornic({Ｏ}【建】コーニス,軒蛇腹（のきじゃばら）;【地理】岩棚,雪庇（せ) | vizier({Ｏ}（帽子の）ひさし;（かぶとの）まびさし（眉庇）;（洋式かぶとの)
并	2	aneks({Ｏ}［他］【政】併合する;添付する) | paralel(【数】平行の;並列の,平行する;【電】並列の;【情】パラレルの,>>)
训	2	instrukci(［他］指令を与える,訓令を発する) | trejn(訓練の,練習の;養成の)
罐	2	amfor({Ｏ}アンフォラ（つぼ）) | bokal(（首の短い）広口びん,ジャー)
烦	2	agac(神経を刺激する,いらだたせるような) | ted(うんざりするような,くどい,つまらない,退屈な)
满	2	kontent({Ｂ}満足した,甘んじた) | plen({Ｂ}いっぱいの,満ちた;十分な,完全な,全部の)
税	2	akciz(［他］【経】消費税を課す) | impost(［他］課税する)
听	2	aŭd() | aŭskult()
腮	2	mumps(【病】流行性耳下腺炎,おたふく風邪) | parotid(【解】【PIV】La plej granda el la saliv)
芝	2	lami(【植】オドリコソウ（属）;【神】ラミア（ギリシア神話の魔女，人を食い) | sezam(【植】ゴマ（胡麻）（属）;【料】ごま（ゴマの種子）;《転》（成功へ導)
咏	2	c^ant(【楽】【PIV】Formo de kantado uzata por) | psalm(［他］【カ】（詩篇を）詠唱する;単調に歌う)
份	2	da() | porci({Ｂ}分け前,割当て,配給量;（料理の）一人前)
飞	2	flug({Ｂ}［自］飛ぶ,飛行する;飛ぶように進む,急ぐ) | zepelin(【空】ツェッペリン飛行船,硬式飛行船,>>aers^ipo)
凹	2	konkav({Ｏ}【理】【数】凹（おう）の,>>konveksa) | nic^({Ｏ}【建】壁がん,ニッチ;【環】生態的地位)
籍	2	katastr(［他］地籍調査する,土地台帳に記載する) | matrikul(［他］登録番号を付ける;=enmatrikuligi（登録する）)
廓	2	kontur(［他］輪郭を描く,かたどる) | profil(横顔の;縦断面の;輪郭の)
隆	2	epiornit(【鳥】エピオルニス（絶滅した大型の走鳥類の鳥）) | tuber(こぶの,こぶのある)
鹤	2	gru({Ｂ}【鳥】ツル) | kazuar(【鳥】ヒクイドリ（属）)
蔓	2	sarment(【PIV】1 Ligna, tamen fleksebla tigo) | vink({Ｏ}【植】ツルニチニチソウ（蔓日々草）（属）)
见	2	adiaŭ() | vid({Ｂ}［他］見る,見える,目にうつる;会う,面会する;見て気づく,認)
刀	2	bajonet({Ｏ}【軍】銃剣) | sabr(［他］サーベルで切る,切りつける)
辱	2	blasfem({Ｂ}［自］【宗】不敬なことを言う,冒涜的な言葉を吐く;［他］ののし) | sakrilegi(冒涜的な,神聖を汚す;無礼な,罰当たりな)
炫	2	bravur(【楽】【PIV】Tre brila stilo au^ ludman) | parad(閲兵式の;パレードの;誇示の,見せびらかしの)
券	2	bil(【経】証券,手形) | kupon({Ｂ}クーポン（券）,切符の半券;【経】利札（りさつ）)
污	2	makul(しみのついた;斑点のある) | polu(［他］【環】（環境を）汚染する)
鲤	2	ciprin(【動】コイ（属）,>>karpo) | karp({Ｂ}【魚】コイ（鯉）)
鸥	2	lar(【鳥】カモメ（属）,>>mevo) | mev({Ｏ}【鳥】カモメ（鴎）（科）)
卒	2	apopleksi({Ｏ}【病】卒中,脳卒中,=cerbatako) | peon(【遊】（チェスの）ポーン,（将棋の）歩兵（歩）;（中南米の）農場労働)
夸	2	bombast(誇張した,大げさな) | fanfaron({Ｂ}［自］空威張りする,大言壮語する,ほらを吹く,>>bombas)
酥	2	sufle(【菓】スフレ) | volovan(【料】ボロバン（肉・魚のクリーム煮を詰めたパイ）,>>pastec^)
竖	2	s^akt(【鉱】立て坑;（井戸のような）縦穴;【建】エレベーター通路) | vertikal(【数】【理】鉛直の;（地面に）垂直な,縦の,>>horizontal)
垫	2	kusen({Ｂ}クッション,座布団) | matrac({Ｂ}マットレス（寝床用の厚い敷物）)
谨	2	diskret({Ｏ}口の堅い;控え目な,慎み深い;目立たない) | skrupul(良心的な,気の小さい,慎重な;細心の,綿密な,きちょうめんな)
吻	2	anastomoz(【解】【植】【PIV】Kunig^a punkto de du va) | kis({Ｂ}［他］キスする,口づけする;《転》そっと触れる)
露	2	ekshibici(【PIV】Emo sin montri, aparte en ero) | ros(［自］（無主語）露がおりる)
醒	2	sobr({Ｂ}（飲食を）節制した,しらふの;節度ある,落ち着いた) | vek(目覚めさせる)
串	2	grapol(（花や果実の）房;【植】総状花序) | tandem(タンデム式に,縦列につないで)
企	2	pingven({Ｏ}【鳥】ペンギン（科の総称）) | sfenisk(【動】【PIV】G. (Genro) (Spheniscus) de)
峰	2	alp(【地理】【PIV】Alta monto, kun pas^tejoj) | dromedar({Ｏ}【動】ヒトコブラクダ,=unug^iba kamelo)
周	2	periferi(【数】周囲の;《般》周辺の,) | semajn(一週間の;毎週の,週一回の)
刑	2	kriminal({Ｏ}【法】刑事上の) | linc^(［他］リンチを加える,私刑にする)
叫	2	kri({Ｂ}［自］叫ぶ,泣き叫ぶ;［他］大声で言う) | kric^(［自］金切り声を上げる,キーッと鳴く,キーキー鳴る)
映	2	enantio() | kin({Ｂ}映画,映画制作,>>filmo)
缎	2	damask({Ｏ}【織】ダマスク織,どんす（緞子）) | saten({Ｏ}【織】サテン,繻子（しゅす）)
挥	2	sving({Ｂ}［他］振る,振り動かす,ぶらぶらさせる,振り回す,振り上げる;) | volatil(【化】揮発性の,=vaporig^ema)
盔	2	helm(【史】【PIV】Kasko mezepoka.) | kask({Ｏ}ヘルメット,鉄帽;【史】兜（かぶと）)
顽	2	bub({Ｂ}いたずらっ子;【遊】（トランプの）ジャック,=fanto) | obstin({Ｂ}頑固な,強情な;不屈の,粘り強い,>>persista)
杀	2	icid() | murd({Ｏ}［他］殺害する,（故意に）殺す)
河	2	kastor({Ｏ}【動】ビーバー（属）;ビーバーの毛皮) | river({Ｂ}川,河川;流れ)
硝	2	salpetr({Ｏ}【化】硝石,=kalia nitrato) | trinitr()
七	2	juli(７月の) | sep(第七の,七番目の)
茧	2	kal(たこのできた,ごつごつした) | kokon({Ｏ}【虫】繭（まゆ）;（クモの）卵嚢（らんのう）)
荧	2	fluoresk(蛍光の) | luminesk(［自］【理】冷光を発する)
斑	2	porfir({Ｏ}【鉱】斑岩（はんがん）) | zebr({Ｏ}【動】シマウマ（縞馬）)
赏	2	aprez(［他］真価を認める,高く評価する,>>s^ati;鑑賞する,>>gu) | gratifik(［他］（特別手当として）与える)
懒	2	ake(【PIV】= bradip(od)o.) | pigr(《詩》=maldiligenta（怠惰な）)
皇	2	pap(教皇の,法王の) | rota(【キ】【PIV】Eklezia tribunalo de la pa)
蚊	2	kul({Ｏ}【虫】カ（蚊）;（特に）イエカ（属）,>>moskito) | moskit({Ｂ}《般》【虫】蚊（か）,>>kulo)
被	2	at() | pasiv({Ｏ}受身の,消極的な;【Ｇ】受動の)
邮	2	filatel(切手収集,郵趣) | poŝt()
轧	2	grinc({Ｂ}［自］きしむ) | laminat(［他］【機】（金属を）圧延する)
侧	2	flank(側面の;副次的な) | tempi({Ｏ}【解】側頭,こめかみ)
止	2	apne(【医】無呼吸,（一時的な）呼吸停止) | ĉes()
贡	2	kontribu({Ｏ}［自］寄与する,貢献する;［他］寄付する,寄稿する) | tribut(［他］貢ぐ,貢納する,朝貢する)
歧	2	ambigu(【PIV】Tia, ke g^ia signifo estas du) | diskriminaci({Ｏ}［他］差別する)
镑	2	pund({Ｏ}【貨】ポンド（イギリス）,=100 pencoj;ポンド（エジ) | sterling(【貨】英ポンドの)
仪	2	rit(（宗教的）儀式の,典礼の) | sekstant(【海】六分儀)
东	2	orient(東の,東方の,東部の;東洋の) | oriental()
广	2	ampleks(広大な,広範囲の,包括的な) | vast({Ｂ}広い,広々とした;（衣服が）ゆったりした;《転》広範な;【声】)
泌	2	endokrin(【医】内分泌の,=sendukta) | sekreci(［他］分泌する)
玩	2	lud({Ｂ}［自］遊ぶ,たわむれる,自由に動く;［他］（ゲームなどを）する) | petol(たわむれる,いたずらな,ふざけた)
获	2	akir({Ｂ}［他］手に入れる,獲得する,習得する,>>gajni) | rikolt({Ｂ}［他］収穫する,刈り入れる,採取する;《転》（報いとして）得る)
窒	2	asfiksi(［他］【医】窒息させる) | sufok(窒息するような,息苦しい,息詰まる)
谦	2	humil({Ｂ}謙虚な,控えめな;卑下した) | modest({Ｂ}控えめな,謙虚な,慎み深い;質素な,地味な,ささやかな)
缠	2	implik(込み入った,複雑な) | obsed(（観念が）頭から離れない)
读	2	aleksi(【医】【PIV】Organika perturbo de la ka) | leg({Ｂ}［他］読む,音読する;読み取る,解読する;【情】読み取る)
雅	2	elegant({Ｂ}上品な,趣味のよい,優美な) | graci({Ｂ}優雅な,優美な,上品な)
难	2	kalvari(【キ】キリストはりつけの像;【解】頭蓋冠) | kazu(【キ】（判断が難しい）信仰上の問題)
窟	2	slum(【PIV】Urbokvartalo kadukig^inta k a) | spele(【PIV】Natura subtera kavo, i.a. (in)
纪	2	epok({Ｂ}時代;【地質】世,>>periodo（紀）,>>erao（代）) | sep:er()
雌	2	androgin(【植】（同一花序に）雌雄両花のある) | femal(《稀》=ina（雌の）)
费	2	kost(高価な) | premium(【PIV】Monsumo, difinita en la polis)
悦	2	delekt(【PIV】(tr (transitiva)) Tre plezuri) | plaĉ()
由	2	liber({Ｂ}自由な;独立の,束縛されない,免れた;ひまな,空いている,広々) | motiv(［他］（物事が）動機付ける,理由付ける)
颤	2	trem({Ｂ}［自］震える,身震いする;揺れる,揺れ動く,震動する;恐れる,) | tril(［自］【楽】トリルで歌う;《転》（鳥が）声を震わせてさえずる)
垄	2	monopol(独占的な;専売の) | trust(［他］【経】トラストで独占する)
贪	2	avid({Ｂ}渇望している;むさぼるような) | vor(=mang^egi（むさぼり食う）)
完	2	imperfekt({Ｏ}【Ｇ】半過去,未完了時制) | perfekt({Ｂ}完全な,完璧な,申し分のない,>>senmanka,>>ple)
波	2	muar(波形模様のついた) | ond(波の,波状の)
糕	2	benjet(【PIV】Pastobulo, fritita k entenant) | kuk({Ｂ}菓子（一般）;【菓】焼菓子,ケーキ)
此	2	c^i() | cis()
侯	2	markiz({Ｏ}侯爵) | princ(君主の;君主にふさわしい)
佛	2	buda() | budh(【仏】仏陀（ぶっだ）,正覚者,>>tatagato)
棱	2	eg^(【数】（立体の）辺,稜（りょう）;【機】刃,縁（ふち）,へり,端;【) | prism(角柱の;プリズムの)
披	2	mantel({Ｂ}【服】マント,外套,コート,ケープ;【建】マントルピース;《転) | s^al({Ｏ}【服】ショール,肩掛け)
摘	2	enukle(［他］【医】（腫瘍・眼球などを）摘出する) | pluk(［他］（花や実を）摘む,摘みとる,>>des^iri;つまみ上げる;)
朱	2	cinabr(朱の;朱色の) | vermiljon(朱の,朱色の)
席	2	kontumac(【法】【PIV】Vola foresto de akuzito fo) | mat(［自］【遊】（チェス・将棋で）詰む)
习	2	kutim(いつもの) | stag^(研修（実習）期間)
杏	2	abrikot(アンズの) | anzu(【植】【PIV】1 Var. (Vari(aj^)o) de abr)
呼	2	aklam(歓呼して,喝采して) | vok(呼び声の,呼びかけの)
陪	2	akompan({Ｂ}［他］同行する;【楽】伴奏する) | j^uri(【法】陪審;《転》（コンテストなどの）審査員団,=jug^antar)
易	2	facil({Ｂ}容易な,簡単な;軽やかな) | labil(【理】不安定な,=nestabila)
啼	2	grak(［自］（カラスなどが）カアカア鳴く,>>bleki;（痰を出そうとし) | kokerik(［自］（雄鶏が）コケコッコと鳴く)
章	2	ĉapitr() | statut(会則の)
驱	2	ekzorc(［他］【宗】（悪魔・悪霊を）追い払う) | pel({Ｂ}［他］追う,追いたてる;追いかける;（状態に）駆り立てる,追い)
颅	2	krani(頭蓋の) | trepan(［他］【医】（頭骨を）穿孔する)
旧	2	eks(前任の,元の) | nostalgi(郷愁に満ちた)
诲	2	kateh^iz({Ｏ}［他］=katekizi（問答で教える）) | katekiz({Ｏ}［他］【キ】（教理を）問答で教える)
梨	2	avokad({Ｏ}【果】アボカド（の実）) | pir({Ｂ}【果】ナシ（梨）,洋ナシ)
徒	2	adept({Ｏ}（学説・教義の）信奉者;（思想・運動の）支持者,仲間,同志) | van({Ｂ}実りのない,むだな;むなしい,実質を伴わない)
巧	2	koincid({Ｏ}［自］同時に起こる;一致する,符合する;【数】一致する) | lert({Ｂ}器用な,巧みな,上手な;敏捷な,すばしこい)
煽	2	demagog({Ｏ}デマゴーグ,扇動政治家,民衆扇動家) | demagogi(デマの,扇動的な)
笼	2	kaĝ() | lantern({Ｂ}角灯,ランタン,カンテラ,ちょうちん;【建】（明かり採りの）頂)
栖	2	amfibi(両生類の;水陸両用の) | bent(【生態】【PIV】Vivularo de la fundo de m)
蠕	2	helmint(【動】【PIV】Kn (Kolektiva nomo) de ver) | peristalt(【生】【PIV】Nevola muskola kontrahig^o)
丧	2	deprim(意気消沈させる) | funebr(哀悼の,悲嘆にくれた;喪の,葬式の)
巫	2	mag(【史】マギ（古代ペルシャの祭司）;（古代の）占星術師) | s^aman(【宗】シャーマン)
宇	2	kosm(宇宙の) | univers(宇宙の)
颠	2	atrop(【植】【PIV】G. (Genro) (Atropa el sola) | tang(［自］【海】縦揺れ（ピッチング）する,>>rulig^i;【楽】タン)
茅	2	citronel(【植】【PIV】Sp. (Specio) de cimbopogon) | espart(【植】【PIV】Komuna nomo de diversaj he)
罚	2	penal(【運】ペナルティー,反則に対する罰) | pun(罰の,懲罰の,刑罰の)
巴	2	balbut({Ｂ}［自］どもる) | menton(下あごの)
善	2	afabl({Ｂ}愛想のよい,親切な;ものやわらかな,ていねいな;【情】使いやす) | hipokrit(偽善の)
殖	2	koloni(植民地の,植民の) | prolifer(【PIV】(ntr (netransitiva)) 1 (pp (s)
次	2	foj(一度,ある時) | sekundar(【学】第二の,二次の,>>primara;《古》第二紀の,=mezo)
吊	2	j^artel(【服】（サスペンダー式の）靴下留め,ガーター,=s^trumpos^) | suspensori(【医】【PIV】Bandag^o, uzata por subten)
间	2	inter(間の,中間の) | interval(【楽】音程;【数】区間)
驻	2	rezid(【情】常駐の) | rezident(【政】【PIV】Altranga funkciulo, komisi)
纬	2	latitud({Ｂ}【地理】緯度,>>longitudo) | veft(［他］横糸を通す)
近	2	miop({Ｏ}【医】近視の,近眼の,>>hipermetropa,>>pre) | proksim({Ｂ}（空間的・時間的に）近い,近接した)
爪	2	klik(【機】歯止め,爪（つめ）;（排他的な）徒党,一味,派閥) | ung(［他］つめを立てる,ひっかく,>>ungograti,>>ungov)
橙	2	bigarad(【植】【PIV】1 Subsp. de citruso (Citru) | oranĝ()
咒	2	anatem(［他］【宗】（教会が公式に）のろう,破門する) | envult(［他］（相手をかたどった人形で）呪いをかける)
翔	2	glis({Ｏ}［自］【空】滑空する) | ŝveb()
居	2	sep:kuri() | setl(【PIV】(ntr (netransitiva)) (pp (se )
垛	2	krenel(銃眼のついた;【植】（葉の縁が）鈍鋸歯状の) | stak(いなむら（稲叢）;（物を積んだ）山;【情】スタック)
棒	2	basbal(【運】野球,=bazopilko) | baston(［他］棒で叩く（たたく）)
威	2	impon(印象深い,堂々とした,威厳のある) | prestig^(威信のある,信望のある;名高い)
嫁	2	dot(持参金の) | greft(［他］【園】接ぎ木する;【医】移植する)
馏	2	distil({Ｏ}［他］【化】蒸留する) | kreozot(［他］クレオソートを注入する)
弦	2	kord(【楽】弦のある) | sep:sinus()
在	2	ant() | ĉe()
覆	2	mulc^(［他］【農】（作物に）敷き藁を敷く,マルチングする) | teg({Ｂ}［他］（布・皮などで）上張りする,覆いをする)
躁	2	brusk(【PIV】Malmilde, akre malg^entila pr) | nervoz({Ｂ}神経質な,神経の細い,いらだった)
订	2	abon(予約の) | mend({Ｂ}［他］注文する,あつらえる,予約する)
拭	2	s^vabr(［他］モップで拭く) | viŝ()
拧	2	tord(撚った,曲がりくねった,=tordita) | vring(［他］=premtordi（絞る）)
幕	2	akt({Ｂ}【劇】幕;【法】証書) | kulis({Ｏ}【劇】舞台裏;舞台の袖（そで）;《転》内幕,舞台裏)
庙	2	hierodul(【宗】【PIV】Junulo au^ junulino, kiu d) | templ({Ｏ}【史】（古代ギリシア・ローマなどの）神殿;【宗】寺院,聖堂,礼)
厚	2	dik({Ｂ}厚い;太い;太った) | krasul(【植】クラッスラ（属）（ベンケイソウ科の多肉植物）)
匠	2	sep:prot() | virtuoz({Ｏ}（演奏の）名手,巨匠;（一般に）名人,達人,>>majstro)
陡	2	abrupt({Ｂ}唐突な,突然の,不意の;ぶっきらぼうな;（崖などが）険しい) | krut({Ｂ}切り立った,険しい)
癌	2	kancer({Ｏ}【病】がん（癌）,>>tumoro;【植】腫瘍（しゅよう）;【) | karcinom(【医】【PIV】Epitelia kancera variaj^o.)
危	2	danĝer() | kriz(危機的な;=sojla（臨界の）)
较	2	kompar(比較の) | komparativ({Ｏ}【Ｇ】比較級)
蚁	2	formik(アリの;《転》（アリのように）勤勉な) | termit({Ｏ}【虫】シロアリ（白蟻）（目の総称）)
载	2	ŝarĝ() | vehikl(【化】【PIV】1 Substanco, en kiun oni m)
舒	2	diastol(【医】心拡張期,><sistolo) | komfort({Ｂ}快適な,心地よい,安楽な)
需	2	bezon(必要な,=bezonata) | furier(【軍】食糧・宿舎係下士官)
矮	2	nan(小人（こびと）の;【生】矮性の) | pone(【PIV】C^evalo de malgranda raso (ne)
膝	2	genu(［自］ひざまずいている,ひざ立ちしている) | poplit(【解】膝窩（しっか）,ひかがみ)
钾	2	kali({Ｏ}【化】カリウム（元素，Ｋ）) | potas({Ｏ}【化】灰汁（あく）,カリ（炭酸カルシウムの俗称）;=kau^s)
闭	2	ferm({Ｂ}［他］閉める,閉じる,閉ざす;《転》終える) | klejstogam(【植】【PIV】(pp (se paroli pri) floro )
霉	2	penicilin({Ｏ}【薬】ペニシリン) | s^im(カビの;かびた,カビの生えた)
候	2	kandidat(［自］立候補する（運動する）,志願する) | klimat({Ｂ}気候;風土)
肝	2	hepat(肝臓の) | hepatik(【植】スハマソウ（属）,=hepatherbo)
诊	2	diagnoz(［他］【医】診断する) | klinik(【医】臨床の)
袜	2	j^artel(【服】（サスペンダー式の）靴下留め,ガーター,=s^trumpos^) | ŝtrump()
铝	2	alumini({Ｂ}【化】アルミニウム) | sial(【地質】【PIV】La supra parto de la kont)
搅	2	agit({Ｂ}［他］（激しく）揺り動かす,動揺させる,かきたてる;扇動する,) | pudl(【PIV】(tr (transitiva)) Pritrakti k)
材	2	material(材料の;物質的な,実質的な;功利的な) | statur({Ｂ}身長,背丈)
裸	2	gimnosperm(【植】裸子の,裸子植物の) | nud({Ｂ}裸の;むき出しの;飾りのない)
咽	2	angin({Ｏ}【病】アンギナ（口峡炎）) | faring({Ｏ}【解】咽頭（いんとう）)
矢	2	sag(［自］矢のように飛ぶ) | vektor(【数】ベクトル,>>skalaro)
丁	2	kariofil({Ｏ}【料】チョウジ（丁子）,クローブ) | siring({Ｏ}【植】ライラック,ハシドイ（属）)
态	2	ekologi() | stat(【理】定位の,><astata)
怯	2	poltron(《詩》=malkurag^a（臆病な）) | timid(《詩》=sing^ena（内気な）)
饮	2	drink({Ｏ}［他］（酒を）飲む,>>trinki) | trink({Ｂ}［他］飲む,>>drinki)
拟	2	mimik(［他］身ぶりや表情で表現する;まねをする) | simul(［他］【医】（病気の）ふりをする;【学】シミュレートする,模擬実験を)
糊	2	amel(［他］糊付けする) | past({Ｂ}【料】ペースト,ねり粉,生地;ペースト状のもの)
筑	2	arkitekt({Ｏ}建築家) | arkitektur({Ｏ}建築術,建築学;建築様式)
据	2	daten(【情】データ,=datumo) | datum(【情】データ,=dateno)
砂	2	silt(【地質】【PIV】Detrita sedimento, el ero) | smirg(［他］金剛砂で磨く)
洲	2	delt({Ｏ}【地理】三角洲;デルタ（ギリシア文字Δ，δ）) | rea(【動】【PIV】G. (Genro) (Rhea) de S-Ame)
誓	2	ĵur() | vot(誓いの,誓願の)
桂	2	cinam({Ｂ}【料】桂皮,シナモン) | lau^r({Ｏ}【植】ゲッケイジュ（属）（月桂樹）)
志	2	ambici(野心的な) | grafi()
雹	2	grajl(［自］（無主語）あられが降る) | hajl(［自］（無主語）あられが降る,ひょうが降る)
痘	2	akn({Ｂ}にきび,吹き出物（ふきでもの）) | variol({Ｏ}【病】天然痘,痘瘡（とうそう）)
思	2	medit({Ｂ}［自］考え込む,思索する,黙想する;瞑想する) | pens({Ｂ}［自］思う,考える)
享	2	ĝu() | sibarit(軟弱な道楽者)
耍	2	j^ongl({Ｏ}［自］（物を空中に投げる）曲芸をする;手品をする;《転》巧みに) | variete(バラエティーの,寄席の)
锐	2	akr({Ｂ}鋭い) | akut({Ｏ}【数】鋭角の;【病】急性の,><kronika;【楽】高音の)
答	2	respond(答えの,返答の;一致する,対応する;責任のある) | tiktak(［自］（時計が）チクタク鳴る,カチカチ鳴る)
蓬	2	hirt({Ｏ}（毛の）逆立った,（髪の）乱れた) | vil(毛で覆われた,毛むくじゃらの,けば立った)
德	2	moral(道徳の,道義上の;道徳的な,道義にかなった;心の,精神的な) | virt(徳の高い,有徳の)
卖	2	au^kci(［他］競売にかける) | vend(売却の,販売の)
型	2	muld({Ｏ}［他］型に入れて作る,鋳造する;型を取る,鋳型をとる) | tip(典型的な,代表的な;特有の,いかにも〜らしい;類型的な,型にはまった)
墓	2	kript(地下墓室の) | tomb(墓の,墓のような)
浪	2	romantik({Ｏ}ロマン主義の,ロマン派の;ロマンチックな) | surf(［自］波乗りをする,サーフィンをする)
违	2	delikt(【法】違反,違犯,軽犯罪,>>krimo) | fau^l(［自］【運】反則する)
哼	2	grunt(［自］（ブタのように）ブーブー鳴く,>>bleki) | ronk({Ｂ}［自］いびきをかく;ごうごううなる,>>grunti)
啪	2	knal(【PIV】(ntr (netransitiva)) Brui kie) | krak({Ｏ}［自］（ぱちぱち・ぴしり・ぽきん・めりめり）乾いた音を立てる)
归	2	atribu({Ｏ}［他］割り当てる;（〜の）せいにする) | rikur(【数】【情】【PIV】(pp (se paroli pri) dif)
输	2	transfuz(【医】【PIV】(tr (transitiva)) Intravej) | ureter(【解】尿管,=urinkanalo)
腊	2	kasi(【植】【PIV】G. (Genro) (Cassia el faba) | salam(【料】サラミソーセージ,>>kolbaso)
况	2	cirkonstanc({Ｂ}周囲の事情,状況) | situaci(［自］《古》=situi（位置する）)
酪	2	fromaĝ() | krem(クリーム入りの;クリーム状の)
魂	2	anim(魂の;=animita) | nekromanci(（死者の霊を呼び出して未来を占う）降霊占い,降霊術,口寄せ,>>sp)
隐	2	ermit({Ｏ}【宗】隠者,隠修士;《転》世捨て人) | marabut(【イスラム】【PIV】Asketa ermito.)
喜	2	ĝoj() | ŝat()
兆	2	bilion(（米英で）十億,=miliardo;（独仏で）一兆,=duilion) | megom(【電】=megaomo（メガオーム）)
岁	2	aĝ() | hura(［自］歓呼する,万歳を叫ぶ)
酬	2	honorari(［他］謝礼金を払う) | rekompenc(お返しに,褒美として)
堵	2	obtur(［他］（穴や開口部を）ふさぐ,密閉する;【医】（虫歯を）充填する) | ŝtop()
胰	2	insulin({Ｏ}【生】インシュリン,インスリン) | pankreat({Ｏ}【解】すい臓)
询	2	interpelaci({Ｂ}［他］【政】（議会で大臣に）質問する,説明を求める) | konsult({Ｏ}［他］（専門家に）相談する,諮問する;（辞書などを）調べる,参)
嚎	2	hurl(［自］（オオカミ・犬が）ほえる,遠吠えする,>>ululi) | ulul(［自］（狼のように長く不吉な）遠吠えをする;（梟などが）ほうほうと鳴)
宏	2	grandioz({Ｂ}雄大な,堂々たる,荘厳な) | makro(【情】マクロ)
蝉	2	cikad({Ｂ}【虫】セミ（蝉）) | fulgor(【動】【PIV】G. (Genro) (Fulgora) de in)
祈	2	kapel({Ｏ}【キ】チャペル,礼拝堂;礼拝室) | preĝ()
绘	2	desegn({Ｂ}［他］描く,素描する,デッサンする;デザインする,設計図をひく) | ukij(【美】浮世絵)
然	2	natur(自然の,天然の;本来の,自然な,天性の,生まれつきの;当然の,当たり) | natural()
焚	2	fen(【気】フェーン（山から吹きおろす暖かく乾燥した風）) | incendi(火災の,=brulega;放火の,=bruliga)
延	2	duktil(【理】可延性の,>>dratigebla,>>etendebla) | prokrast({Ｂ}［他］延期する,延ばす,遅らせる)
啃	2	rod(［他］=>rong^i（かじる）) | rong^({Ｏ}［他］かじる,=mordeti)
掘	2	fos({Ｂ}［他］掘る;発掘する;《転》（問題などを）掘り下げる) | sape(［他］（城壁などを土台から）掘り崩す;対壕を掘る)
莺	2	najtingal({Ｂ}【鳥】ナイチンゲール,サヨナキドリ（小夜鳴鳥）) | silvi({Ｏ}【鳥】オナガムシクイ（尾長虫喰）（属）)
固	2	solid(固体の;固い,頑丈な;確固とした,確実な;堅実な,しっかりした) | sterol(【化】【PIV】(kn (kolektiva nomo)) Ster)
燃	2	brul(燃えるような,燃焼の) | fuel(【技】【PIV】Solida, likva au^ gasa sub)
跑	2	kur({Ｂ}［自］走る,駆ける;急いで行く;（水などが）流れる) | trot({Ｏ}［自］（馬などが）速歩（はやあし）で駆ける,だくを踏む,>>a)
惯	2	inerci(【理】慣性の;《転》惰性の) | rutin(型どおりの,慣例に従った,旧弊な)
耙	2	erp({Ｏ}［他］【農】まぐわでならす) | rast({Ｏ}［他］（熊手などで）かく,かき集める;かきならす;【軍】徹底的)
课	2	kurs({Ｂ}講座,講習会,課程;コース,道順,路線;=kurzo（相場）) | lecion({Ｂ}授業,けいこ,レッスン;学課,課業;（教科書の）課;教訓,戒め)
案	2	projekt(［他］計画する,企画する,立案する) | pupitr({Ｏ}（傾斜した）見台,書見台,記帳台,立ち机;【楽】譜面台)
荐	2	rekomend(推薦の) | sep:sakr()
奴	2	hierodul(【宗】【PIV】Junulo au^ junulino, kiu d) | sklav(奴隷の,奴隷的な;卑屈な,言いなりの)
言	2	dialekt(方言の) | maksim({Ｏ}金言,格言,座右の銘)
簧	2	anc^({Ｏ}【楽】（管楽器の）リード,簧（した）) | risort(ばね仕掛けの,ばねの利いた)
侮	2	insult(侮辱的な,ののしりの) | ofend(侮辱的な,感情を害する,無礼な)
恼	2	ĉagren() | irit(［他］いらだたせる;【医】刺激する)
蝗	2	akrid({Ｂ}（一般に）バッタ（蝗虫）;【虫】ショウリョウバッタ（属）,>>) | lokust(【虫】トノサマバッタ（属）,>>akrido;飛蝗（ひこう）)
邪	2	pervers(邪悪な,よこしまな,倒錯した,>>malica) | perversi(【医】異常;《般》性的倒錯)
沼	2	marĉ() | metan(【化】メタン)
蹄	2	huf({Ｂ}【動】ひづめ（蹄）) | prokavi(【動】【PIV】G. (Genro) (Procavia) de h)
丹	2	erizipel({Ｏ}【病】丹毒（たんどく）) | peoni({Ｏ}【植】ボタン（牡丹）（属）,シャクヤク（芍薬）)
党	2	karbonar(【史】【PIV】Ano de karbonarismo.) | parti(党の;=partieca（党派的な）)
年	2	jar(年間の,=unujara;年次の,毎年の,=c^iujara) | mileni(【PIV】1 Miljara dau^ro au^ datreven)
肺	2	pneu^mon(【医】【PIV】Pulmo (en kunmetaj^oj).) | pulm(肺の)
姿	2	gest(身ぶりで) | poz({Ｏ}［自］【美】ポーズをとる;《転》気取る)
乌	2	ebon(黒たんの;漆黒の) | niel(［他］ニエロ象眼を施す)
限	2	fini(【数】【PIV】a) (pp (se paroli pri) aro) | restrikt(【PIV】(tr (transitiva)) Malvastigi:)
谜	2	enigm(謎の,謎めいた,不可解な) | mister(神秘的な,不可解な,なぞの)
宴	2	banked(［自］宴会に参加する;会食する) | festen({Ｂ}［自］ごちそうを食べる;宴会に参加する;祝宴を催す)
吨	2	tonel({Ｏ}【海】（船の）容積トン（2.83ｍ3）) | tun({Ｂ}【単】トン（1t=1000kg）)
卑	2	fi(下劣な,いやらしい) | trivial({Ｏ}野卑な,下卑た,卑俗な,低俗な,>>banala,>>vulg)
研	2	seminari({Ｏ}ゼミナール,セミナー,研究会;神学校) | stud({Ｂ}［他］研究する,調べる,>>esplori;（学問を）勉強する)
悔	2	pent({Ｂ}［他］後悔する,悔悟する,改悛する) | rimors(【PIV】Konsciencriproc^o: vermo la h)
矾	2	alun({Ｏ}【化】ミョウバン) | vitriol({Ｏ}《古》【化】礬（ばん）（重金属の硫酸塩）,=sulfato;《)
熟	2	familiar({Ｂ}親しい,慣れ親しんだ,心安い,くだけた,平俗な,>>intim) | matur({Ｂ}熟した,成熟した;《転》熟慮した,練られた;【商】（手形などが)
秋	2	aŭtun() | kolc^ik(【植】コルチカム（属）,イヌサフラン)
稳	2	aplomb(自信に満ちて,落ち着き払って,沈着冷静に;図々しく) | stabil({Ｏ}安定した,永続する;【理】安定な,>>metastabila,)
深	2	karmezin(深紅色の) | profund({Ｂ}深い,底の深い,奥深い;深部に達する,深々とした;《転》深遠な)
葬	2	kremaci(［他］火葬する,>>cindrigi) | sepult(［他］葬る,埋葬する,>>entombigi)
述	2	dikt({Ｂ}［他］口述筆記させる;指図する) | rakont({Ｂ}［他］物語る,語る,話をする)
橡	2	glan({Ｏ}【植】カシの実,どんぐり;【解】亀頭) | kverk({Ｂ}【植】ナラ（楢）,カシ（樫）,オーク;【植】コナラ属)
博	2	doktor(博士の) | erudici(学識豊かな,博識の)
吹	2	blag(［自］でたらめをいう,ほらを吹く) | blov({Ｂ}［自］（風が）吹く,息を吐く;［他］吹く,吹き鳴らす)
栅	2	hurd(［他］すのこを張る) | krad(格子の;格子の付いた)
朴	2	naiv({Ｂ}素朴な,無邪気な;うぶな,世間知らずの,愚直な) | rustik(【建】【PIV】Prezentanta simplan, ec^ k)
囤	2	akapar({Ｏ}［他］買占める,=forac^eti;独占する) | stapl(［他］倉庫に集積する,置場に積む)
者	2	reporter(《稀》=raportisto（レポーター）) | ul(人,者)
钝	2	hebet(【医】【PIV】Trafita de hebeteco.) | obtuz({Ｏ}（音・痛みなどが）鈍い,はっきりしない;【数】鈍角の)
钠	2	natr(【化】ナトロン,ソーダ石（炭酸ナトリウムを含む）,>>sodo) | natri({Ｏ}【化】ナトリウム（原子番号11のアルカリ金属元素，Na）)
哲	2	filozof(［自］=filozofii（哲学する）;達観する) | filozofi(哲学的な)
蝇	2	muŝ() | silen(【植】【PIV】G. (Genro) (Silene el kari)
始	2	ek(［自］=komencig^i（始まる）) | komenc(はじめの,最初の,手始めの)
魅	2	ĉarm() | fascin(魅惑的な,魅了する)
个	2	individu(個人の,個人的な;個々の,個別的な) | individual()
灌	2	arbust({Ｏ}低木,小低木;【植】小低木) | klister(［他］【医】浣腸する)
贬	2	deprec(【PIV】(tr (transitiva)) Redukti la ) | devalut(［他］【経】（通貨の）平価を切下げる)
城	2	kastel({Ｂ}城,城郭;大邸宅,館（やかた）) | kreml(【史】（中世ロシアの都市の）城砦,>>fortikaj^o)
仁	2	human({Ｂ}人間的な,人情味のある,人道的な) | pralin(【PIV】Sukeraj^o, farita el amandoj )
瓣	2	klap({Ｏ}片開きの弁状のもの;【機】弁;（片側を蝶番で固定した）はね板;) | petal({Ｏ}【植】花弁,花びら,=korolfolio)
蝎	2	skorpen(【動】【PIV】G. (Genro) (Scorpaena) de ) | skorpi({Ｂ}【動】サソリ（蠍）（目の総称）;【聖】さそり鞭（むち）)
蟆	2	buf({Ｏ}【動】ヒキガエル（蟇蛙）（属）,ガマ（蝦蟇）) | lofi(【動】【PIV】G. (Genro) (Lophius) de ma)
厂	2	fabrik(［他］製造する,製作する,生産する) | uzin(（大規模な）冶金工場,>>fabriko)
抵	2	bojkot({Ｏ}［他］ボイコットする) | hipotek(［他］抵当に入れる,担保に入れる)
眠	2	hipnot(催眠性の;催眠術の) | somnol(【PIV】Stato transig^a inter dormo k)
益	2	benefic(慈善興行;【法】（法律で認められた）特典,特権) | util({Ｂ}有用な,有益な,役に立つ;便利な,実用的な)
宪	2	ĝendarm() | konstituci(憲法の;立憲的な)
午	2	meridian({Ｏ}【天】子午線) | siest(［自］昼寝する,午睡する)
鳄	2	avokad({Ｏ}【果】アボカド（の実）) | krokodil(［自］【Ｅ】（Esp.で話すべき場面で）自国語で話す)
勺	2	kuler({Ｂ}【料】さじ,スプーン) | s^kop(【PIV】Ujo el ligno au^ lado, uzata )
锈	2	rust(［自］さびている;さびる) | ured(【植】【PIV】1 Eksa formgenro (Uredo), )
烹	2	gastronomi() | kuir(料理の,調理の)
椰	2	kokos({Ｂ}【果】ヤシの実,ココナッツ;【植】=kokosarbo) | kopr(【植】コプラ（ココヤシの胚乳を乾燥したもの）)
淤	2	aluvi(【地理】沖積土（ちゅうせきど）) | kongest(鬱血した)
们	2	ili(彼らの,彼女らの,それらの) | ni(私たちの,われわれの)
狼	2	lup(狼の;《転》残虐な) | ŝakal()
怖	2	horor(身の毛もよだつ,戦慄すべき) | teror(【政】テロル,テロ,組織的暴力)
柳	2	salik({Ｂ}【植】ヤナギ（柳）（属）) | vimen(【植】タイリクキヌヤナギ（大陸絹柳）（種）;《般》（柔らかい）柳の枝)
历	2	almanak({Ｏ}暦（こよみ）,暦書,>>kalendaro;年鑑,>>jarl) | kalendar(暦の上の)
迎	2	board(［自］【海】まぎる,ジグザグに帆走する;《転》回り道をする,遠回しの) | lof(［他］【海】船首を風上にむける)
伸	2	ekstens(【解】【PIV】(tr (transitiva)) Malfaldi) | etend({Ｂ}［他］伸ばす;（手を伸ばして）差し出す;（金属を）延ばす;広げ)
辣	2	kajen() | kapsik({Ｏ}【植】トウガラシ（唐辛子）（属）,>>papriko;=kap)
最	2	minimum(最小の,最少の,最低の) | plej(最大で;とりわけ;たいていの場合)
砖	2	brik({Ｂ}れんが;れんが形のもの) | kahel(［他］タイルを張る)
忠	2	fidel({Ｂ}忠実な,誠実な;節操の堅い,貞節な;事実を曲げない) | lojal({Ｂ}忠義な,忠実な;誠実な,公正な)
湾	2	golf({Ｂ}【地理】湾) | sinu(【PIV】C^iu el la kurbaj^oj, fleksoj)
悬	2	platan({Ｂ}【植】プラタナス,スズカケノキ（篠懸の木）（属）) | suspensi(【技】【PIV】1 Tuto de la arang^o, kiu )
冰	2	glac^er(【地理】【地質】【PIV】Grandega eterna maso ) | glaci(氷の,氷のような;《転》冷ややかな,よそよそしい)
休	2	emeritur(退職年金,=emerita pensio) | ripoz({Ｂ}［自］休息する,休憩する;静かに横たわる,横になって休む;（死)
屎	2	kak(《Ｎ》［自］うんちをする（幼児語）,>>feki) | merd(【PIV】(fm (familiara, familiare)) 1)
烈	2	flameng(【動】【PIV】Fenikoptero. -> flamengofl) | intens({Ｏ}強烈な,激しい,強度の;集中的な,集約的な,徹底的な)
饱	2	sat({Ｂ}満腹した,食い足りた;《転》満ち足りた) | satur({Ｏ}［他］【理】【化】飽和させる;充満させる,たっぷり満たす)
销	2	debit(［他］売りさばく,小売りする) | stift(［他］くさび栓で留める)
床	2	ambos({Ｏ}鉄床（かなとこ）;【解】きぬた骨) | lit({Ｂ}ベッド,寝台;寝床;（動物の）ねぐら)
怕	2	fob() | tim(恐怖の;不安の)
拉	2	tir({Ｂ}［他］引く,引っ張る,引き寄せる;引き出す,取り出す;引き伸ば) | zip(［他］ファスナーで閉じる)
钳	2	h^elicer(【動】【PIV】La unua para membro c^e me) | tenajl(［他］ペンチではさむ)
崩	2	kolaps(［自］【病】虚脱する;【天】崩壊する;【情】フリーズする;《転》（急) | lavang(雪崩のように)
伯	2	palatin(【史】【PIV】Grafo, havanta en sia graf) | sep:graf()
末	2	apokalips(黙示録の;《転》難解な) | last({Ｂ}最後の,最終の,後者の;最近の,最新の,直前の,この前の;最下)
氯	2	klor({Ｏ}【化】塩素（原子番号17の非金属元素）) | kloroform()
顾	2	malgraŭ() | retrospektiv(回顧的な,過去を振り返る)
井	2	put(井戸の) | s^akt(【鉱】立て坑;（井戸のような）縦穴;【建】エレベーター通路)
椭	2	elips({Ｏ}【Ｇ】（語の）省略;【数】楕円（だえん）) | oval({Ｏ}卵形線の;卵形の,=ovoforma)
辨	2	diskrimin(【PIV】(ntr (netransitiva)) 1 Distin) | disting(他との区別を示す,特有の;示差的な)
肥	2	fekund(繁殖力のある,多産な;《転》実り多い,肥沃（ひよく）な) | kompos^t(［他］【農】堆肥を施す)
框	2	fram({Ｏ}【機】フレーム,枠;【建】骨組,>>c^asio,>>kadr) | kadr(［他］縁取る,（額縁のように）囲む;枠にはめる,>>enkadrig)
担	2	bazidi(【植】【PIV】Cilindra, klabforma au^ ro) | brankard(【医】担架)
湖	2	lag(湖の;湖畔の) | lagun({Ｏ}【地理】潟（かた）,潟湖（せきこ）;（環礁で囲まれた）礁湖)
肚	2	anduj(【PIV】Porka tripkolbaso: fumaj^ita ) | trip({Ｏ}（動物の）はらわた,臓物;（反芻動物の）胃;【料】トライプ（牛)
蝠	2	filostom(【動】【PIV】G. (Genro) (Phyllostomus) ) | vespertilion(【動】【PIV】G. (Genro) (Vespertilio) d)
增	2	amplifik(［他］【理】増幅する) | koopt(【PIV】(tr (transitiva)) Aldoni kiel)
岗	2	granit(花崗岩の,御影石でできた;《転》固い) | posten(［自］持ち場についている,部署を守る)
武	2	arm({Ｂ}［他］武装させる;装甲する) | samuraj(【日】武士,侍（さむらい）)
粟	2	mili({Ｏ}【植】雑穀（アワ，キビ，ヒエ，モロコシなど）,>>setari) | panic(《Ｎ》【植】キビ（黍）（属）,>>mileo)
噪	2	bru(騒がしい) | kakofoni(【PIV】1 Kunmeto de sonoj, silaboj a)
蚌	2	mitul({Ｏ}【貝】イガイ（貽貝）（属）,ムール貝) | ostr({Ｏ}《般》カキ（牡蠣）;【貝】イタボガキ（板甫牡蠣）（属）)
尉	2	adjudant(【軍】【PIV】En pluraj armeoj, subofici) | leŭtenant()
世	2	mesi() | ukij(【美】浮世絵)
苹	2	mancinel(【植】マンチニール（有毒な樹液を分泌する熱帯アメリカ産低木）) | pom(リンゴの)
峡	2	istm({Ｏ}【地理】地峡;【解】峡部) | ravin(【地理】峡谷,渓谷)
洋	2	karmin(洋紅色の) | ocean({Ｂ}【地理】大洋,大海,海洋)
箭	2	kurar(【PIV】Drasta vegetaj^a veneno, esti) | raket(［自］（ロケットのように）飛び出す;噴き出る,わき出る)
鲨	2	s^agrin(粒起革の;さめ皮の;さめ肌の) | ŝark()
责	2	respons(=respondeca（責任のある）) | riproĉ()
烫	2	brog({Ｏ}［他］熱湯をかける;【料】湯がく,湯引く;（熱湯で）やけどさせ) | glad({Ｂ}［他］アイロンをかける)
蕊	2	lakmus(【化】リトマス) | stamen({Ｂ}【植】おしべ,雄蕊（ゆうずい）,>>pistilo)
绵	2	scil(【植】【PIV】G. (Genro) (Scilla el hiac) | spong(［他］スポンジでふく)
辅	2	asist(補佐の) | konsonant(子音の,子音的な)
急	2	sukur(【医】【PIV】(tr (transitiva)) Doni la ) | urĝ()
九	2	naŭ() | septembr({Ｂ}９月)
虐	2	molest(《稀》［他］いじめる,虐待する,苦しめる,>>mistrakti,>) | turment(苦しめる,悩ます)
泉	2	font(［自］涌き出る;《転》源を発する) | fontan({Ｂ}噴水;噴水装置)
爆	2	eksplod({Ｂ}［自］爆発する,破裂する;《転》激高する;《転》勃発（ぼっぱつ) | prajm(［他］雷管を装着する;《転》口火を切る)
属	2	aparten({Ｂ}［自］（〜 al）〜のものである;〜に所属する) | genr({Ｏ}【Ｇ】性;【生】（分類学上の）属)
嗅	2	flar({Ｂ}［他］（においを）感じる;嗅ぐ;嗅ぎ分ける) | olfakt(【生】【PIV】Flarsenso.)
屑	2	detrit(【地質】【PIV】Mineralo au^ fragmento de) | klast(【地質】【PIV】1 Fragmento de rompita kr)
守	2	gard(番をして;用心深く) | garnizon(［自］【軍】駐屯する)
右	2	dekstr({Ｂ}右の;【政】右翼の,右派の) | tribord(右舷に)
迁	2	emigr(【PIV】(ntr (netransitiva)) Elmigri ) | migr(移動の,遍歴の;移動性の)
艾	2	absint({Ｏ}【植】ニガヨモギ（苦艾）（種）;=absinta likvor) | moks(【医】灸（きゅう）;もぐさ（sekigita artemizio）)
健	2	salubr(【医】【PIV】Favora por la sano: salubr) | san({Ｂ}健康な,健やかな,丈夫な,元気な;《転》健全な)
央	2	centr(中心の,中央の) | central({Ｂ}中央施設,本部,=centrejo;【電】発電所;【通】電話交)
蛾	2	mote(【動】【PIV】Malgranda, malutila, grize) | sfing(【動】【PIV】1 G. (Genro) (Sphinx k par)
慢	2	adag^(【楽】（速度標語）ゆるやかに) | kronik(【医】慢性の,><akuta)
贞	2	ligustr(【植】イボタノキ（属）) | virg({Ｂ}純潔な,童貞の,処女の;《転》人手に触れたことのない,未開発の)
逐	2	ekzil({Ｏ}［他］祖国から追放する,>>proskribi,>>elpel) | proskrib(［他］追放する,=ekzili;=malpermesi;=ekste)
避	2	evit({Ｂ}［他］避ける,回避する,) | rifuĝ()
舶	2	bark({Ｂ}小型船,小型帆船（s^ipoより小さく、boatoより大きい）) | karak(【PIV】Granda mezepoka komercos^ipo.)
逗	2	kom({Ｂ}コンマ,読点;【数】小数点;【情】コンマ（，）) | ŝerc()
挑	2	defi({Ｏ}［他］挑戦する,いどむ;公然と反抗する,平然と無視する,ものと) | provok(挑発の;挑発する)
授	2	inic(［他］（人に）秘伝を授ける;手ほどきをする) | profesor({Ｂ}（大学・高等教育機関の）教授（人）)
臀	2	grop(【動】【PIV】1 La posta parto de c^eval) | pug(=postaj^o（尻）)
诚	2	honest({Ｂ}正直な,誠実な,実直な;公正な,正当な,まともな,いつわりのな) | sincer({Ｂ}誠実な,率直な;真心のこもった,本心からの)
衰	2	atenu(［他］【理】（距離とともに）減衰させる,>>amortizi) | kah^eksi(【医】【PIV】Grava perturbo de c^iuj fu)
坛	2	altar({Ｏ}祭壇) | forum({Ｏ}フォーラム（公開討論の場）;【史】フォーラム（古代ローマの公共)
可	2	agnostik(【哲】【PIV】Rilata al agnostikismo.) | ebl(可能な,あり得る)
兴	2	improviz(即興で,即席で,アドリブで,>>senprepare) | renesanc(ルネサンスの,ルネサンス様式の)
膨	2	dilat(［他］【理】膨張させる,>>ekspansii) | ekspansi(［自］【理】（気体が）膨張する,>>dilati)
锁	2	serur({Ｂ}錠,錠前,>>s^losilo) | ŝlos()
厘	2	centi() | centimetr()
踏	2	pedal(［他］（〜の）ペダルを踏む) | tret({Ｏ}［他］踏む,踏みつける;踏みつぶす)
赤	2	ekvator({Ｂ}【地理】赤道) | ruf(《詩》=flavrug^a（赤褐色の）)
幽	2	fantom(幽霊の,まぼろしのような) | pilor(【解】【PIV】(pylorus) Duodena orifico )
汗	2	h^an(【史】ハーン,カン（汗）（中央アジア遊牧民の族長・君主の称号）) | ŝvit()
必	2	neces({Ｂ}必要な,不可欠の;【論】必然の,必然的な) | nepr(絶対必要な,不可欠の,必然の)
劝	2	admon({Ｂ}［他］言い聞かせる,勧告する,強く勧める;戒める,訓戒する,説) | pitiat(【医】【PIV】(ark. (arkaismo, arkaisme))
汞	2	amalgam(［他］（〜の）アマルガムを作る) | hidrarg({Ｏ}【化】水銀)
骑	2	kavaleri({Ｏ}【軍】騎兵隊;【経】融通手形) | rajd(馬に乗って;馬乗りに)
孕	2	graved({Ｂ}妊娠した;《転》はらんだ) | koncip(［他］（子を）はらむ,妊娠する,>>gravedig^i)
寡	2	oligo() | vidv(配偶者を失った,やもめの)
虑	2	anksi(【医】【PIV】Stato de psika perturbo k ) | konsider({Ｂ}［他］考慮する,考察する;考慮に入れる;（〜と）見なす)
摆	2	bask({Ｂ}【服】（衣服の）すそ,たれ) | pendol(振り子の)
稀	2	dilu(［他］【化】希釈する;薄める,=malkoncentri) | rar(まれな,希少な,珍しい,=malofta)
宁	2	prefer(むしろ,なるべく,好んで) | seren({Ｂ}晴朗な,晴れ晴れした;おだやかな,うららかな,のどかな)
檬	2	limon(【果】レモン,>>citrono) | limonad({Ｏ}【料】レモネード)
铺	2	pavim(［他］【建】舗装する) | stern({Ｂ}［他］敷く,敷き広げる;横たえる,なぎ倒す;《転》広げる,繰り)
蜗	2	kokle(【解】【PIV】(cochlea) Spiralforma osta) | limak(ナメクジの;《転》のろのろした)
怒	2	koler(怒りの,立腹した,怒っている) | kolerik(【医】【PIV】Apartenanta al unu el la k)
寻	2	klaft({Ｏ}【史】両手を広げた長さの単位（約1.8〜2.1m）,尋（ひろ）) | serĉ()
未	2	futur(【Ｇ】未来（時制）,=os-tempo;《詩》=estonteco（) | imperfekt({Ｏ}【Ｇ】半過去,未完了時制)
梗	2	infarkt(【医】【PIV】Nomo donata al vaskula ter) | pedunkl(【植】花柄;【解】脳脚)
揭	2	denunc({Ｂ}［他］告発する;密告する) | rivel({Ｂ}［他］（秘密などを）あかす,暴露する;【写】現像する)
怀	2	nostalgi(郷愁に満ちた) | sin({Ｂ}胸部;懐（ふところ）;胎内;《転》内奥;《転》胸の内)
喻	2	metafor(隠喩の,比喩の) | trop({Ｏ}【修】言葉のあや,（語の）転用,比喩,=vortfiguro)
跷	2	baskul(シーソー式の,はね構えの) | stilz(（〜j）竹馬,=pas^stango,=stangirilo)
辞	2	demisi(［自］（大臣・内閣などが）辞職する,>>abdiki) | retorik(修辞の,修辞上の)
左	2	babord(左舷に) | liv(【PIV】Maldekstra: liva g^irado; tur)
媒	2	medium(霊媒の) | svat({Ｂ}［他］（職業的に）結婚を仲介する,仲人する)
勒	2	brid(［他］（馬に）馬勒（ばろく）をつける;《転》手綱を締める,抑制する) | string(［他］締めつける,握りしめる,抱きしめる,=c^irkau^prem)
涂	2	ŝmir() | stuk({Ｏ}［他］漆喰（しっくい）を塗る)
谢	2	dank(感謝の,感謝している) | metabol(【生】物質代謝,物質交代)
朝	2	dinasti({Ｏ}【史】（一系統の）王朝) | hag^(【イ】メッカ巡礼,ハッジ)
季	2	sezon(季節の,季節的な) | trimestr(四半期に一度の,季刊の,>>trimonata)
揉	2	kned({Ｂ}［他］（穀粉・粘土を）こねる,練る;もむ;《転》（性格などを）) | tau^z(［他］（髪など）かき乱す,かきむしる,かき回す,もみくしゃにする;《)
吞	2	glut({Ｂ}［他］飲み込む,飲み下す;《転》飲み込む,むさぼる) | sep:fag()
棕	2	arek(【植】【PIV】G. (Genro) (Areca el areka) | palm({Ｂ}【植】ヤシ（椰子）,シュロ（棕櫚）（ヤシ科の植物の総称）)
缺	2	kontumac(【法】【PIV】Vola foresto de akuzito fo) | mank(欠けている,足りない,不備の)
薯	2	batat(【植】サツマイモ（薩摩芋）（種）,甘藷（かんしょ）) | maniok({Ｏ}【植】キャッサバ,マニオク,>>tapioko)
秃	2	kalv({Ｏ}（頭の）はげた;《転》草木の生えていない) | vultur({Ｂ}【鳥】コンドル（種）,=kondoro;《般》ハゲタカ（禿鷹）)
役	2	kampanj(［自］キャンペーンを張る) | servut(賦役の,農奴労働の)
画	2	bild(絵を用いた) | enkau^stik(【史】【PIV】1 Farbo varme diluita en v)
胖	2	korpulent(太った,肥満体の) | obez(【医】【PIV】Dikventra, trafita de obez)
猩	2	goril({Ｏ}【動】ゴリラ) | skarlatin({Ｏ}【病】猩紅（しょうこう）熱)
腔	2	celenter(【動】【PIV】Interna kavo de malsuperaj) | celom(【動】【PIV】Korpa kavo c^e la plimulto)
促	2	akcel({Ｂ}［他］加速する,促進する,>>plirapidigi) | forc(［他］【農】促成栽培する)
杠	2	rek(【運】鉄棒) | vekt({Ｏ}天秤棒,（はかりの）さお)
忧	2	angor(苦悶の,不安にかられた) | anksi(【医】【PIV】Stato de psika perturbo k )
回	2	askarid(【動】回虫) | eĥ()
还	2	ankoraŭ() | plu(なおその上の,さらなる,その後の)
查	2	enket(［自］アンケートをとる,調査する;取調べる) | sekvestr(［他］【法】（係争物を第三者に）供託する,強制管理する,仮処分する)
忽	2	ignor({Ｂ}［他］（意図的に）無視する,見ないふりをする,知らないふりをす) | neglekt({Ｂ}［他］（不注意などから）なおざりにする,おろそかにする,軽視す)
拳	2	boks({Ｏ}［自］【運】拳闘する) | pugn(［他］こぶしでなぐる)
碳	2	karbon({Ｏ}【化】炭素（元素，Ｃ）) | karbur(［他］（内燃機関の燃料を）気化する;【化】（金属を）浸炭処理する)
瓦	2	sep:vat() | tegol(［他］屋根がわらでふく)
