char	root	band	fullKanji	gloss
鞍	sel	pejvo	鞍	［他］鞍（くら）を置く
慰	konsol	basic	慰	慰めの,慰めを与える
域	sektor	pejvo	域	{Ｏ}【数】扇形;【軍】防衛区域;【経】（産業）部門
迂	pedant	pejvo	迂	学者ぶった,些事に拘泥する
雨	pluv	basic	雨	雨の
永	etern	basic	永	{Ｂ}永遠の,永久の,不朽の,不滅の
怨	grumbl	basic	怨	{Ｂ}［自］ぼやく,ぶつぶつ不平を言う,愚痴をこぼす
援	sponsor	pejvo	援	［他］〜のスポンサーになる
猿	simi	basic	猿	［他］猿まねする
往	ir	basic	往	{Ｂ}［自］行く,行き着く,向かう;（物事が）運ぶ;（機械が）動く
屋	dom	basic	屋	家の
乙	etil	pejvo	乙	【化】エチル基
恩	grac	pejvo	恩	【宗】恩寵,神の恵み,=difavoro
夏	somer	basic	夏	夏の,夏季の
禾	gramin	pejvo	禾	【PIV】(evi (evitinda)) = gramineo.
苛	drakon	pejvo	苛	過酷な,厳格な
茄	tomat	basic	茄	トマトの
戒	abstin	basic	戒	節制した,禁欲している;精進の
拐	kidnap	pejvo	拐	［他］誘拐する,=forkapti,>>infans^teli
崖	klif	pejvo	崖	（海岸の）絶壁,がけ,断崖（だんがい）
慨	patos	pejvo	慨	熱情的な,感動的な
涯	karier	basic	涯	{Ｏ}（一生涯のものとしての）職業,道;経歴,生涯
碍	obstakl	basic	碍	［自］障害となる
街	strat	basic	街	{Ｂ}街路,通り
各	respektiv	basic	各	{Ｏ}それぞれの,各自の
括	parentez	basic	括	かっこで囲んで;余談ながら
葛	arorut	pejvo	葛	【植】クズウコン;【料】アロールートデンプン;（一般に）くず粉
粥	kaĉ	basic	粥	(gloss無)
瓦	tegol	basic	瓦	［他］屋根がわらでふく
刊	revu	basic	刊	［他］評論する;【軍】閲兵する
憾	bedaŭr	basic	憾	(gloss無)
敢	aŭdac	basic	敢	(gloss無)
棺	ĉerk	basic	棺	(gloss無)
看	rigard	basic	看	{Ｂ}［他］見る,眺める,注目する,目を向ける;確かめる,注意を向ける;考える,みなす;
岸	bord	basic	岸	{Ｂ}岸,縁（ふち）
棋	ŝak	basic	棋	(gloss無)
起	start	basic	起	{Ｂ}［自］【運】スタートする;【機】始動する,=ekfunkcii
宜	dec	basic	宜	礼儀にかなった,きちんとした,行儀のよい;ふさわしい,適切な
橘	mandarin	pejvo	橘	{Ｏ}【果】マンダリン,ミカン（蜜柑）,>>orang^o
仇	venĝ	basic	仇	(gloss無)
朽	kaduk	basic	朽	{Ｂ}老朽の,荒廃した;老衰した,老いぼれた;消えていく,はかない;【法】（期限切れで）
拒	rifuz	basic	拒	{Ｂ}［他］拒絶する,拒否する,拒む,断る,辞退する,〜しようとしない
卿	lord	pejvo	卿	{Ｏ}卿（英国貴族への敬称）;貴族
均	averag^	pejvo	均	【数】平均の
矩	momant	pejvo	矩	【理】モーメント
遇	renkont	basic	遇	{Ｂ}［他］出会う,行き会う,遭遇する;経験する;反応する,対応する
靴	bot	basic	靴	【PIV】Alta leda piedvesto, kiu atingas g^is g
熊	urs	basic	熊	クマの,クマのような;《転》不器用な,武骨な
桑	morus	pejvo	桑	{Ｏ}【果】桑（くわ）の実;【植】=morusarbo
兄	frat	basic	兄	兄弟の;大変仲のよい
穴	tru	basic	穴	穴の;穴のあいた
件	kondiĉ	basic	件	(gloss無)
倦	langvor	pejvo	倦	【詩】=malviglo（無気力）
遣	tac^ment	pejvo	遣	［他］分遣する,派遣する
弦	kord	basic	弦	【楽】弦のある
玄	mistik	pejvo	玄	{Ｏ}【宗】神秘の,霊的象徴の;神秘主義的な
孤	orf	basic	孤	孤児の,親のない;《転》見捨てられた
弧	ark	basic	弧	{Ｂ}弓形;弓,=pafarko;【数】弧;【建】アーチ;【理】電弧,=lumarko;
枯	velk	basic	枯	枯れた,しおれた
狐	vulp	basic	狐	キツネの;《転》ずるがしこい
雇	dung	basic	雇	{Ｂ}［他］雇う,採用する
吾	ego	pejvo	吾	【心】エゴ;【哲】自我
功	funkci	basic	功	［自］職務を遂行する;機能を果たす
坑	krater	pejvo	坑	{Ｏ}【地質】火口,噴火口;【天】クレーター;【史】クラテル（ワインを水で割るための広口
幸	feliĉ	basic	幸	(gloss無)
恒	konstant	basic	恒	{Ｂ}不変の,一定の,常置の,絶え間ない;（人が）志操堅固な
慌	panik	basic	慌	［他］おびえさせる,動転させる,恐慌を引き起こす
洪	diluv	pejvo	洪	{Ｏ}【聖】ノアの洪水;《転》大洪水,=inundego
港	haven	basic	港	{Ｂ}港,港湾;《転》避難所,休息所
稿	manuskript	basic	稿	{Ｏ}原稿;手書き文書;写本
糠	bran	pejvo	糠	{Ｏ}【農】ふすま,ぬか（糠）
肯	aprob	basic	肯	{Ｂ}［他］賛成する,同意する;是認する,認可する
荒	noval	pejvo	荒	【農】=senkultivejo（休閑地）
劫	kaper	pejvo	劫	［他］（敵船を）私掠（しりゃく）する,捕獲する
拷	tortur	pejvo	拷	{Ｏ}［他］拷問する
豪	pomp	pejvo	豪	豪勢な,はなやかな,壮麗な,華麗な,絢爛豪華な
痕	stigmat	pejvo	痕	（消すことのできない）傷跡,>>cikatro;【キ】聖痕
些	kelk	basic	些	{Ｂ}（数について）いくつかの,何人かの;（量について）いくらかの,多少の
佐	kondiment	pejvo	佐	［他］【料】味付けする
唆	instig	basic	唆	{Ｂ}［他］励ます,勧める;駆りたてる,そそのかす
栽	kultiv	pejvo	栽	［他］（土地を）耕作する,（植物を）栽培する;（生きものなどを）育てる,>>kultur
采	ekspluat	basic	采	{Ｂ}［他］開発する,うまく利用する;搾取する;酷使する
犀	rinocer	pejvo	犀	{Ｏ}【動】サイ（犀）（属・科）
削	frez	pejvo	削	［他］【機】フライスで削る
窄	stret	pejvo	窄	《詩》=mallarg^a（幅の狭い）
皿	plad	basic	皿	{Ｂ}大皿,皿,>>telero;（皿に盛った）料理
惨	mizer	basic	惨	悲惨な,みじめな,あわれな;貧しい,みすぼらしい;くだらない,つまらない,下劣な
撒	ŝut	basic	撒	(gloss無)
施	almoz	basic	施	=almozpeti
持	ten	basic	持	{Ｂ}［他］手に持っている,つかんでいる,腕に抱えている;支える,つなぎとめる;保有する
赦	amnesti	pejvo	赦	［他］大赦する
尺	uln	pejvo	尺	{Ｏ}【解】尺骨;【史】腕尺（尺骨の長さに由来する昔の長さの単位、国により約50〜120
灼	kau^ter	pejvo	灼	【医】=kau^terizi（焼灼する）
惹	incit	basic	惹	{Ｂ}［他］（刺激して）怒らせる,いらだたせる;極度に興奮させる
取	retrat	pejvo	取	［他］（預金を）引き出す,>>repreni
趣	interes	basic	趣	興味深い,おもしろい;関係のある,ためになる
州	kanton	pejvo	州	{Ｏ}（フランスの）郡;（スイスの）州
叔	onkl	basic	叔	{Ｂ}おじ（親の兄弟、親の兄弟の夫）,>>oc^jo
宿	pension	basic	宿	{Ｏ}下宿屋,寮,寄宿舎
殉	martir	pejvo	殉	{Ｏ}【宗】殉教者;《転》殉難者,受難者
盾	s^ild	pejvo	盾	{Ｏ}【軍】盾（たて）;遮蔽物,シールド;看板;【地質】楯状地
庶	bastard	pejvo	庶	嫡出でない
叙	ordin	pejvo	叙	［他］【キ】叙階する,聖職につける
恕	pardon	basic	恕	{Ｂ}［他］ゆるす,容赦する,勘弁する,大目に見る
匠	virtuoz	pejvo	匠	{Ｏ}（演奏の）名手,巨匠;（一般に）名人,達人,>>majstro
承	lagr	pejvo	承	【機】軸受
抄	epitom	pejvo	抄	（作品の）抜粋,要約,梗概（こうがい）,概要,>>resumo
樟	kamfor	pejvo	樟	{Ｏ}【化】ショウノウ（樟脳）
礁	rif	pejvo	礁	{Ｏ}【海】礁（しょう）,岩礁,暗礁;《転》暗礁（危険な障害物）
肖	portret	basic	肖	［他］肖像を描く
蕉	banan	basic	蕉	{Ｂ}【果】バナナ
常	oft	basic	常	たびたびの,頻繁に起こる;いつもの,よくある
嘱	testament	basic	嘱	［他］【法】遺言する,遺贈する;《転》残し伝える
侵	invad	pejvo	侵	{Ｏ}［他］侵入する,侵略する;押し寄せる,殺到する
慎	prudent	basic	慎	{Ｂ}良識的な,賢明な,分別のある;慎重な,用心深い,思慮深い
芯	mec^	pejvo	芯	{Ｏ}灯心,（ろうそくなどの）芯;火縄;導火線;【医】（排膿用の）ガーゼ芯
薪	salajr	basic	薪	［他］給料を払う
刃	kling	basic	刃	{Ｂ}刃（は）,刀身,>>tranc^rando
尽	klopod	basic	尽	骨の折れる
崇	sublim	pejvo	崇	崇高な,至高の,気高い,高尚な
是	est	basic	是	{Ｂ}［自］（〜）である;いる,存在する
惜	domaĝ	basic	惜	(gloss無)
昔	pase	pejvo	昔	《詩》=pasinteco（過去）;=pasintaj^o（昔のこと）
拙	fuŝ	basic	拙	(gloss無)
窃	plagiat	pejvo	窃	［他］盗作する,剽窃（ひょうせつ）する
煎	dekokt	pejvo	煎	［他］（薬草などを）せんじる,煮出す;【化】煎出する
践	praktik	basic	践	実地の,実践的な;実際的な,実用的な;実用向きの,便利な,役に立つ
禅	zen	pejvo	禅	【仏】禅（ぜん）
祖	atav	pejvo	祖	(gloss無)
阻	obstrukc	pejvo	阻	［他］（通路・管を）ふさぐ,詰まらせる;【政】（議事進行を）妨害する
早	fru	basic	早	{Ｂ}早い;初期の
争	disput	basic	争	{Ｂ}［自］口論する,言い争う,>>kvereli,>>konflikti
袖	manik	basic	袖	{Ｂ}【服】そで（袖）,たもと;風見用吹流し
村	vilaĝ	basic	村	(gloss無)
唾	saliv	pejvo	唾	［自］つばが出る
堕	abort	pejvo	堕	{Ｏ}［他］【医】流産する;［自］《転》中止になる
惰	inert	pejvo	惰	{Ｏ}惰性的な,無気力な,消極的な;【化】不活性の
舵	rudr	pejvo	舵	【空】【海】かじ（舵）
逮	arest	basic	逮	{Ｏ}［他］逮捕する
拓	pionir	basic	拓	先駆的な,草分け的な
茸	lanug	pejvo	茸	綿羽のような,綿羽でできた,うぶ毛の生えた,綿毛に覆われた
暖	varm	basic	暖	{Ｂ}暖かい,熱い,暑い;熱のある;《転》熱心な,熱気のある
池	cistern	pejvo	池	{Ｏ}雨水だめ,貯水池;水槽,（液体用）タンク
置	met	basic	置	{Ｂ}［他］置く,入れる,備え付ける,身につける;（ある状態に）する
畜	brut	basic	畜	家畜の;《転》畜生のような
椎	vertebr	pejvo	椎	椎骨の,脊椎の;脊椎のある
呈	prezent	basic	呈	{Ｂ}［他］差し出す,見せる,提示する,提出する;紹介する;思い描く;描き出す;上演する
堤	g^et	pejvo	堤	【海】防波堤,突堤
廷	kuri	pejvo	廷	【史】クリア（古代ローマの社会組織の一単位／クリア集会所／元老院議場）;【カ】教皇庁
溺	dron	basic	溺	{Ｂ}［自］溺れる;【海】沈没する;《転》没する,沈む
迭	iteraci	pejvo	迭	【数】【PIV】1 (pp (se paroli pri) komputa proced
店	butik	basic	店	［自］小売店を営む
都	metropol	pejvo	都	{Ｏ}（植民地に対して）本国;（国・地方の）中心都市,大都市,メトロポリス,>>c^ef
努	pen	basic	努	骨を折って,やっとのことで
塔	tur	basic	塔	{Ｂ}塔,やぐら,鐘楼;【運】（高飛び込みの）飛び込み台;【遊】（チェスの）ルーク,（将
到	ating	basic	到	{Ｂ}［他］着く,届く,到達する
匿	inkognit	pejvo	匿	お忍びの,微行の
葱	cep	basic	葱	{Ｂ}【料】玉ネギ;【植】タマネギ
蚤	pul	pejvo	蚤	{Ｏ}【動】ノミ（蚤）（ノミ目の総称）,>>cimo,>>pediko,>>lau^so
播	propag	pejvo	播	［他］【理】（光・波動を）伝搬させる,伝える;【医】（細菌などを）繁殖させる,（病気を）
培	but	pejvo	培	［他］【農】根に土をかける,土寄せする
柏	cipres	pejvo	柏	{Ｏ}【植】イトスギ（ヨーロッパでは喪の象徴）
迫	persekut	basic	迫	{Ｂ}［他］追いまわす,追跡する;迫害する,虐待する;【法】起訴する,訴追する
漠	dezert	basic	漠	砂漠の;荒れはてた;人けのない,無人の
函	cirkuler	basic	函	{Ｂ}回状,回覧状
筏	flos	basic	筏	［自］浮いている
班	skip	pejvo	班	（作業などの）班,チーム
蛮	barbar	pejvo	蛮	未開の
妃	dam	pejvo	妃	{Ｏ}貴婦人;（中世の）身分の高い女性への尊称;【遊】（トランプ、チェスの）クイーン;【
疲	lac	basic	疲	{Ｂ}疲れた,くたびれた;《転》飽き飽きした
碑	monument	basic	碑	記念碑の;《転》記念碑的な,壮大な,不朽の
眉	brov	basic	眉	{Ｂ}眉（まゆ）
肘	kubut	basic	肘	ひじの
漂	driv	pejvo	漂	{Ｏ}［自］【海】漂流する,（潮や風に）流される,>>flosi;偏流する,わきにそれる
描	pentr	basic	描	{Ｂ}［他］（色彩画を）描く;《転》（言葉で）描写する;思い描く
秒	sekund	basic	秒	{Ｂ}秒（時間・角度の単位）
蒜	ajl	basic	蒜	にんにくを含む;にんにく臭い,にんにく味の
付	pag	basic	付	{Ｂ}［他］払う,支払う;《転》仕返しする;《転》償いをする
夫	edz	basic	夫	{Ｂ}夫
父	patr	basic	父	父の
伏	embusk	pejvo	伏	待ち伏せて
沸	bol	basic	沸	{Ｂ}［自］沸騰する,煮えたぎる;《転》荒れ狂う,激高する
碧	turkis	pejvo	碧	トルコ玉の;青緑色の
篇	novel	basic	篇	{Ｏ}小説,中編小説,>>romano
圃	bed	pejvo	圃	{Ｏ}【園】（細長い）野菜畑,花壇
捕	kapt	basic	捕	{Ｂ}［他］つかまえる,捕らえる;つかむ,把握する;とりこにする
慕	sopir	basic	慕	あこがれの,憧憬に満ちた
呆	gap	pejvo	呆	ぽかんと
奉	kaj^ol	pejvo	奉	へつらいの,おもねるような,甘い
亡	pere	basic	亡	{Ｂ}［自］（災害などで）死ぬ;滅びる,消える,滅亡する
剖	anatomi	pejvo	剖	{Ｏ}解剖学
冒	aventur	basic	冒	冒険の,冒険的な
吠	boj	basic	吠	{Ｂ}［自］（犬が）ほえる;《転》（人が）わめく,がみがみ言う
北	nord	basic	北	北の;北部の,北方の,><suda
勃	erekt	pejvo	勃	【医】勃起した
摩	masaĝ	basic	摩	(gloss無)
枕	s^pal	pejvo	枕	（窓などの）横木;【鉄】枕木（まくらぎ）
沫	ŝaŭm	basic	沫	(gloss無)
味	gust	basic	味	［自］味がする
冥	kontempl	pejvo	冥	観想的な,瞑想にふける
免	imun	basic	免	{Ｂ}【医】免疫の;【法】免除の;【機】耐性のある
摸	palp	basic	摸	手探りで
茂	veget	basic	茂	植生の;《転》無為の,無気力な
猛	drast	pejvo	猛	{Ｏ}【薬】薬効の激しい;《転》強烈な,激烈な,徹底的な,思い切った,厳しい
耗	konsum	basic	耗	{Ｂ}［他］（少しずつ）消費する,消耗する;食べ尽くす,（炎が）焼き尽くす;やつれさせる
唯	sol	basic	唯	{Ｂ}唯一の,ただ一つの;ひとりきりの,単独の
佑	providenc	pejvo	佑	摂理の,神意による
友	amik	basic	友	友達の,友好的な
邑	municip	pejvo	邑	自治体の,市町村の
融	degel	basic	融	{Ｂ}［自］（雪、氷、霜が）とける
誉	honor	basic	誉	名誉の,名誉ある,尊敬すべき
庸	banal	basic	庸	{Ｏ}平凡な,ありふれた,>>triviala,>>vulgara
浴	ban	basic	浴	{Ｂ}［他］水浴させる;（液体に）浸しておく;（水などを）浴びせかける
来	ven	basic	来	{Ｂ}［自］来る,やって来る;到着する,行き着く;達する
痢	disenteri	pejvo	痢	{Ｏ}【病】赤痢
略	strategi	pejvo	略	戦略上の,戦略的な
留	las	basic	留	{Ｂ}［他］（物を）放置する,置いて去る,手放す;（人を）放す,ほうっておく;〜するに任
累	akumul	pejvo	累	［他］蓄積する
怜	kompat	basic	怜	慈悲の,哀れみの
零	nul	basic	零	ゼロの;無の,無価値の
牢	karcer	basic	牢	{Ｏ}独房;監房,牢（ろう）;留置場;監獄,刑務所;【軍】営倉
郎	knab	basic	郎	少年の
肋	rip	basic	肋	{Ｂ}【解】肋骨（ろっこつ）,あばら骨;【植】葉脈,=nervuro;【織】うね;【機】
惑	perpleks	pejvo	惑	当惑した,途方にくれた,まごついた,>>konfuzita
碗	bovl	basic	碗	{Ｂ}【料】深皿,碗（わん）,丼（どんぶり）,ボウル,>>tasego
佩	admir	basic	佩	{Ｂ}［他］感嘆する,賛美する;敬服する,感心する
做	far	basic	做	{Ｂ}［他］する,遂行する;作る,つくり出す
刹	brems	basic	刹	［他］ブレーキをかける;《転》歯止めをかける,抑制する
劈	kliv	pejvo	劈	［他］石目にそって割る,劈開（へきかい）させる
匆	hast	pejvo	匆	大急ぎの;拙速の
匕	ponard	pejvo	匕	［他］短剣で刺す
吼	muĝ	basic	吼	(gloss無)
吝	avar	basic	吝	{Ｂ}欲の深い,けちな
呻	ĝem	basic	呻	(gloss無)
哭	plor	basic	哭	{Ｂ}［自］泣く,涙を流す
嘲	mok	basic	嘲	あざけりの
嚼	maĉ	basic	嚼	(gloss無)
坎	veŝt	basic	坎	(gloss無)
址	adres	basic	址	［他］（〜あてに）送る;（言葉を）かける,向ける;あて名を書く
奢	luks	basic	奢	ぜいたくな,豪奢（ごうしゃ）な,華美な
姜	zingibr	pejvo	姜	ショウガの;ショウガ入りの
孵	kov	pejvo	孵	{Ｏ}［他］（鳥が卵を）抱いている;《転》（こどもを）大事に保護する;《転》（計画などを
屁	furz	pejvo	屁	{Ｏ}［自］おならをする,屁（へ）をひる
屏	ekran	basic	屏	［自］ついたてでさえぎる,ついたてを立てる
帷	drapir	pejvo	帷	{Ｏ}［他］ひだのある布でおおう,垂れ幕で飾る;（衣服やカーテンに）ひだをつける
弯	fleks	basic	弯	=fleksebla（曲げられる）
悄	flustr	basic	悄	ささやき声の,
悖	paradoks	basic	悖	逆説の,逆説的な
惠	komplez	basic	惠	親切な,好意的な,人を喜ばせる
慷	prodig	pejvo	慷	《稀》=malavara（気前のよい）
截	amput	pejvo	截	{Ｏ}［他］【医】（手術で手足を）切断する
找	trov	basic	找	{Ｂ}［他］見つける,見いだす,発見する;認める,気づく,感じる;（〜と）思う,評価する
抒	lirik	pejvo	抒	叙情詩の;叙情的な
抓	grat	basic	抓	{Ｂ}［他］ひっかく,かき削る;かく,>>skrapi
拿	pren	basic	拿	{Ｂ}［他］手に取る,つかむ;取りあげる,奪い取る;取る,得る,選ぶ;受け取る,受け入れ
抛	parabol	pejvo	抛	{Ｏ}【数】放物線;【宗】（宗教的・道徳的な）たとえ話,>>alegorio
捶	male	pejvo	捶	［他］槌で打つ
搏	lukt	basic	搏	{Ｂ}［自］格闘する;【運】レスリングをする;《転》闘う
擅	arbitr	basic	擅	{Ｂ}任意の,勝手気ままな
敲	frap	basic	敲	{Ｂ}［他］たたく,打つ;たたいて音を出す;はっとさせる,驚かす
晨	maten	basic	晨	朝の
霸	hegemoni	pejvo	霸	主導権を持った,支配的な
梳	komb	basic	梳	{Ｂ}［他］（くしで）すく,くしけずる
梭	naved	pejvo	梭	【織】ひ（杼）,シャトル
歇	paŭz	basic	歇	(gloss無)
毫	milimetr	basic	毫	(gloss無)
毯	tapiŝ	basic	毯	(gloss無)
氛	etos	pejvo	氛	{Ｏ}（精神的）雰囲気,ムード,趣き,情調;【芸】エートス（作品の持つ気品）
沐	ŝampu	basic	沐	(gloss無)
泄	ekskreci	pejvo	泄	【生】排泄の
泛	kosmopolit	pejvo	泛	コスモポリタン的な;【環】汎存種の,全世界に広く分布する
洒	asperg	pejvo	洒	{Ｏ}［他］（植木などに）水をやる;【カ】聖水を振りかける
淹	inund	basic	淹	{Ｂ}［他］氾濫する,水浸しにする;《転》あふれる
渊	abism	pejvo	渊	深淵（しんえん）の,底知れないほど深い;【地理】深海の
漱	gargar	pejvo	漱	{Ｏ}［他］すすぐ,水洗いする;うがいをする
炬	torc^	pejvo	炬	{Ｏ}たいまつ（松明）,トーチ;《転》光明
犹	hezit	basic	犹	{Ｂ}［自］ためらう,躊躇（ちゅうちょ）する
狡	ruz	basic	狡	{Ｂ}ずるい,悪賢い,狡猾な,抜け目ない
默	silent	basic	默	沈黙した,無言の;静かな,音を立てない
畸	terat	pejvo	畸	【医】【PIV】Grava fizika au^ fiziologia anomalio
盖	kovr	basic	盖	{Ｂ}［他］覆う,かぶせる;覆いかくす;償う,埋め合わせる
砌	mason	basic	砌	{Ｂ}［他］（石・レンガで）築く
磅	funt	basic	磅	{Ｂ}【単】ポンド（約0.5kg）
禀	temperament	pejvo	禀	{Ｏ}気質,気性,性分;（古代西洋医学で）体質
窘	embaras	basic	窘	邪魔な,厄介な,煩わしい,>>g^ena
站	staci	basic	站	{Ｂ}駅,停車場;保養地,滞在地;放送局,電話局,観測所;局,署,所,施設
粮	proviant	pejvo	粮	［他］（軍隊に）食糧を補給する,=provizumi
絮	flok	pejvo	絮	一房の綿のような,小片状の
缸	urn	pejvo	缸	{Ｏ}（古代の）つぼ（壺）,かめ（瓶）;骨つぼ;投票箱
耘	sark	basic	耘	{Ｂ}［他］（土地を）除草する,（雑草を）取り除く
聊	babil	basic	聊	{Ｂ}［自］雑談する,おしゃべりする
聘	engag^	pejvo	聘	［他］（人を）雇う,（雇用）契約する;（人をある状態に）巻き込む,引き入れる
腋	aksel	pejvo	腋	{Ｏ}【解】腋（わき）の下;【植】葉腋（ようえき）
脾	lien	pejvo	脾	{Ｏ}【解】脾臓（ひぞう）
臂	brak	basic	臂	{Ｂ}腕
范	norm	basic	范	基準の,標準の,規格の;規格に準処した
荐	rekomend	basic	荐	推薦の
蔗	sakar	pejvo	蔗	【植】【PIV】G. (Genro) (Saccharum el poacoj) de 
蟋	gril	pejvo	蟋	{Ｏ}【虫】コオロギ
裙	jup	basic	裙	{Ｂ}【服】スカート
裹	vind	basic	裹	［他］（細長い）布で巻く,おむつでくるむ,包帯を巻く
跛	lam	basic	跛	{Ｂ}足（脚）の不自由な,びっこの;《転》釣り合いの取れていない
跟	kalkan	basic	跟	{Ｂ}【解】踵（かかと）
蹲	kaŭr	basic	蹲	(gloss無)
迹	spur	basic	迹	［他］足跡をたどる;【情】トレースする
邀	invit	basic	邀	{Ｂ}［他］招待する,招く;勧誘する
陷	insid	basic	陷	落とし穴の,わなのある,狡猾（こうかつ）な
隧	tunel	basic	隧	［他］トンネルをつける
皂	sap	basic	皂	=sapumi（石けんをぬる）
羡	envi	basic	羡	ねたみの,羨望の
菇	bolet	pejvo	菇	【菌】イグチ（アミタケ科のキノコの総称）,=tubofungo
业	industri	basic	业	産業の,工業の
丰	abund	basic	丰	{Ｂ}有り余るほどの,豊富な,>>ric^a
乡	rur	pejvo	乡	《詩》=kamparo（田園）
买	aĉet	basic	买	(gloss無)
亏	deficit	basic	亏	{Ｂ}【商】欠損,赤字
众	popular	basic	众	{Ｂ}人気のある,ポピュラーな;大衆的な,通俗的な,平易な
侄	nev	basic	侄	{Ｂ}おい（甥）
侦	skolt	pejvo	侦	［自］ボーイスカウト活動をする;【軍】偵察する
俏	dand	basic	俏	おしゃれな,めかしこんだ,ダンディーな
兑	spez	basic	兑	{Ｂ}［他］出納する
凤	feniks	pejvo	凤	{Ｏ}不死鳥,フェニックス;鳳凰（ほうおう）;《転》第一人者
凯	triumf	pejvo	凯	凱旋の;大勝利の,大成功の;勝ち誇った
凳	benk	basic	凳	{Ｂ}ベンチ
刁	c^ikan	pejvo	刁	{Ｏ}［他］難癖をつける,口やかましく文句を言う;詭弁（きべん）を弄（ろう）する
则	princip	basic	则	原則的な
刨	rabot	pejvo	刨	{Ｏ}［他］かんなをかける,平らに削る
别	ali	basic	别	{Ｂ}ほかの,別の,その他の;もう一つの
劲	verv	pejvo	劲	熱のこもった,気合の入った,活気あふれた
劳	labor	basic	劳	労働の,仕事の,作業の
卡	kart	basic	卡	{Ｂ}カード,（紙の）札;はがき;地図;（トランプの）札;【電】基板
厢	vagon	basic	厢	{Ｂ}【鉄】車両,>>lokomotivo
叹	suspir	pejvo	叹	［自］嘆息する,=vespiri
叽	pep	pejvo	叽	{Ｏ}［自］（小鳥が）さえずる,ピィピィ鳴く;《転》ペチャクチャしゃべる
吓	hu	pejvo	吓	【PIV】(ntr (netransitiva)) Krii hu!: huas sim
吞	glut	basic	吞	{Ｂ}［他］飲み込む,飲み下す;《転》飲み込む,むさぼる
吱	knar	pejvo	吱	{Ｏ}［自］きしる,キイと音を立てる
吵	kverel	basic	吵	{Ｏ}［自］口論する,口げんかする
呕	naŭz	basic	呕	(gloss無)
呢	drap	basic	呢	{Ｂ}【織】ラシャ,>>lanaj^o,>>s^tofo,>>tuko
咪	miaŭ	basic	咪	(gloss無)
唬	bluf	pejvo	唬	{Ｏ}［自］はったりをかける,虚勢を張ってだます
啊	ha	pejvo	啊	(gloss無)
嗡	zum	basic	嗡	{Ｂ}［自］（虫などが）ブンブンいう,（低い振動音で）うなる;［他］【楽】ハミングする
嘹	klarion	pejvo	嘹	（声・音などが）甲高く響きわたる
嘿	nu	pejvo	嘿	(gloss無)
坠	kras^	pejvo	坠	［自］【空】墜落する;（自動車などが）激突する,>>frakasig^i
垒	rempar	pejvo	垒	{Ｏ}【軍】城壁,塁壁;《転》防御物
墩	sokl	pejvo	墩	{Ｏ}【建】（円柱・彫像などの）台座,台石（比較的平たい）,>>piedestalo;（
够	sufiĉ	basic	够	(gloss無)
奋	streb	pejvo	奋	{Ｏ}［自］全力をつくす,懸命に努力する,奮闘する
奖	premi	basic	奖	［他］賞を与える
妒	ĵaluz	basic	妒	(gloss無)
娱	amuz	basic	娱	楽しい,余興の
婴	beb	basic	婴	赤ん坊の
孙	nep	basic	孙	{Ｂ}孫
宠	dorlot	basic	宠	{Ｂ}［他］甘やかす;大事にする
宾	akuzativ	basic	宾	対格の
尔	ci	pejvo	尔	おまえの
尘	polv	basic	尘	ちりでできた;ほこりだらけの
币	valut	basic	币	通貨の;為替相場の
帅	s^ik	pejvo	帅	シックな,いきな,しゃれた,趣味の良い,>>eleganta,>>bongusta
帐	tend	basic	帐	{Ｂ}テント,天幕
帘	kurten	basic	帘	［他］カーテンをつける,カーテンで覆う
庐	kaban	basic	庐	{Ｂ}小屋,掘立て小屋,あばら屋
彻	radikal	pejvo	彻	{Ｏ}根本的な,徹底的な;【政】急進的な,急進派の,過激な
愤	indign	basic	愤	憤慨した
扩	amplif	pejvo	扩	［他］【理】=amplifiki（増幅する）
抚	kares	basic	抚	愛撫するような,優しい
抢	rab	basic	抢	{Ｂ}［他］奪う,奪い取る,強奪する,（強制的に）取り上げる
拥	svarm	pejvo	拥	{Ｏ}［自］うようよしている,群がっている,ひしめき合う,雲集する
拦	dig	pejvo	拦	［他］（堤防などで）せき止める
拨	plektr	pejvo	拨	［自］【楽】（弦を）ばちでかき鳴らす,ピック演奏する,>>pinc^i
拴	rigl	pejvo	拴	{Ｏ}［他］差し錠をかける,かんぬきをかける
挣	barakt	basic	挣	{Ｂ}［自］もがく,じたばたする;《転》苦闘する
挤	melk	basic	挤	{Ｂ}［他］乳を搾（しぼ）る;（金などを）搾り取る
捣	pist	pejvo	捣	{Ｏ}［他］（細かく）つき砕く,粉にする,粉砕する,すりつぶす
掐	pinĉ	basic	掐	(gloss無)
摹	pau^s	pejvo	摹	［他］敷き写しする,トレースする;《転》丸写しする,模倣する
斋	fast	basic	斋	{Ｂ}［他］【宗】断食する;絶食する
晓	aŭror	basic	晓	(gloss無)
晚	vesper	basic	晚	夕方の,夕べの,宵の,晩の
暂	provizor	basic	暂	{Ｏ}仮の,臨時の,一時的な,暫定的な
术	taktik	basic	术	戦術的な,戦術上の
枫	acer	pejvo	枫	{Ｏ}【植】カエデ（楓）（属）
柜	ŝrank	basic	柜	(gloss無)
桌	tabl	basic	桌	{Ｂ}テーブル,机,卓,台;食卓;《転》食事,食卓を囲む人々
桦	betul	basic	桦	{Ｂ}【植】カバノキ（属）,シラカバ（白樺）
槛	sojl	basic	槛	【理】臨界の
歼	eksterm	pejvo	歼	{Ｏ}［他］根絶する,皆殺しにする,絶滅させる,全滅させる,壊滅させる
毁	detru	basic	毁	破壊的な
毡	felt	basic	毡	［他］フェルト状にする
泵	pump	basic	泵	{Ｂ}［他］（ポンプで）吸い上げる,くみ上げる;（ポンプで）送り込む,入れる
洁	c^ast	pejvo	洁	{Ｏ}貞節な,純潔な;清純な
浇	verŝ	basic	浇	(gloss無)
涨	flus	pejvo	涨	［自］（潮が）満ちる,差す
溅	plau^d	pejvo	溅	{Ｏ}［自］バシャリと音を立てる,水音を立てる;パタパタと音を立てる
滤	filtr	basic	滤	{Ｏ}［他］こす,ろ過する;【写】フィルターにかける
滥	eksces	pejvo	滥	過度の,行過ぎた,並外れた,>>troa
滩	plag^	pejvo	滩	（観光用の）浜辺,海水浴場,ビーチ;=strando（砂浜）
灭	esting	basic	灭	{Ｂ}［他］（火や明かりを）消す;《転》消す,消滅させる
烁	scintil	pejvo	烁	【PIV】(ntr (netransitiva)) 1 (pri fluoreska m
烛	kandel	basic	烛	{Ｂ}ろうそく;【理】カンデラ（光度の単位，cd）
焰	flam	basic	焰	炎の,炎をあげる;炎のような,激しい
爷	av	basic	爷	{Ｂ}祖父;おじいさん
牺	viktim	basic	牺	{Ｂ}【宗】いけにえ,>>oferaj^o;《転》犠牲,犠牲者,被害者
猬	erinac	pejvo	猬	{Ｏ}【動】ハリネズミ
玫	roz	basic	玫	バラの,バラのような;バラ色の;《転》バラ色の,楽観的な
琐	bagatel	basic	琐	つまらない,取るに足りない
瓤	pulp	pejvo	瓤	果肉の,果肉状の;髄の,髄状の;パルプの,パルプ状の
疟	malari	pejvo	疟	{Ｏ}【病】マラリア
疯	frenez	basic	疯	{Ｂ}気の狂った;気違いじみた,無分別な;我を忘れた
矫	ortopedi	pejvo	矫	【医】整形外科
砍	hak	basic	砍	{Ｂ}［他］（斧で）切る,たたき切る;（話などを）切れ切れにする;傷める
砰	pum	pejvo	砰	【動】ピューマ
础	plint	pejvo	础	【建】（柱や彫刻台の下の四角い）柱礎,台座;【建】根石;【建】=plankoplinto
硕	magistr	pejvo	硕	（学位の）修士（日英米）,学士（フランス）
祸	akcident	basic	祸	事故の;偶発的な
筛	kribr	pejvo	筛	{Ｏ}［他］ふるいにかける
篡	uzurp	pejvo	篡	{Ｏ}［他］（領地・権力・地位などを）不当に奪う,簒奪（さんだつ）する,横領する,（称号
篮	korb	basic	篮	{Ｂ}かご,ざる
篱	heĝ	basic	篱	(gloss無)
纪	epok	basic	纪	{Ｂ}時代;【地質】世,>>periodo（紀）,>>erao（代）,>>ag^o（期）
纯	pur	basic	纯	{Ｂ}混じりけのない,純粋な,澄んだ;清らかな,清潔な,きれいな;純真な,純潔な;【宗】
纳	kotiz	basic	纳	{Ｏ}［自］（会費・分担金などを）払う
练	ekzerc	basic	练	{Ｂ}［他］訓練する,練習させる,>>disciplini,>>hardi
绊	stumbl	pejvo	绊	［自］つまずく,よろめく,=faleti;《転》とちる,言い間違える
给	don	basic	给	{Ｂ}［他］与える;渡す,もたらす;おこなう
绝	absolut	basic	绝	{Ｂ}絶対の,無条件の,完全な,全くの,>>senkondic^a,>>perfekta
绣	brod	pejvo	绣	{Ｏ}［他］刺繍（ししゅう）する
继	hered	basic	继	相続の,世襲の;遺伝の
绳	ŝnur	basic	绳	(gloss無)
维	dimensi	basic	维	{Ｂ}寸法;【数】次元;【理】（物理量の）次元;《転》規模,広がり
罢	strik	basic	罢	{Ｂ}［自］ストライキをする
聋	surd	basic	聋	{Ｂ}耳の聞こえない,耳の不自由な,聾（ろう）の;《転》耳を貸さない,聞こうとしない;《
聪	inteligent	basic	聪	{Ｂ}聡明な,頭のよい,利口な
胁	minac	basic	胁	威嚇的な,脅しの;（状況が）険悪な
胜	venk	basic	胜	勝利の
脏	viscer	pejvo	脏	【解】内臓,=internaj^o
脐	umbilik	pejvo	脐	へその
腾	sor	pejvo	腾	［自］【空】（気流に乗って）上昇する,舞い上がる,=suprenglisi
舀	ĉerp	basic	舀	(gloss無)
苇	kan	pejvo	苇	{Ｏ}《般》アシ,ヨシ,トウ,サトウキビの類,>>fragmito,>>rotango;
苍	pal	basic	苍	{Ｂ}（顔が）青ざめた,青白い,血の気のない;色の薄い,光の弱い;《転》生気のない
茬	stopl	pejvo	茬	{Ｏ}【農】（穀物を刈り取った後の）切株,刈株
萤	lampir	pejvo	萤	{Ｏ}【虫】ツチボタル（属）,>>lumvermo;（一般に）ホタル（蛍）,>>luci
讥	rikan	pejvo	讥	{Ｏ}［自］冷笑する,せせら笑う,にやにや笑う,>>mokridi,>>ridac^i
讹	c^antag^	pejvo	讹	［他］強請る（ゆする）,恐喝する
试	prov	basic	试	試みの,試験的な
诲	katekiz	pejvo	诲	{Ｏ}［他］【キ】（教理を）問答で教える
诵	deklam	pejvo	诵	{Ｏ}［他］朗読する,朗々と読む;［自］美辞麗句を並べる,大げさに言う
诺	promes	basic	诺	{Ｂ}［他］約束する,（物を）与えることを約束する;期待させる,請け合う,予想させる
谈	konversaci	basic	谈	会話の
谍	spion	pejvo	谍	［他］スパイする,ひそかに探る;《転》監視する,=gvati
谎	mensog	basic	谎	嘘の,偽りの,虚偽の,>>malvera
谓	predikat	pejvo	谓	述部の,述語の
谚	proverb	basic	谚	ことわざの,ことわざ風の;よく知られた,周知の
谣	klaĉ	basic	谣	(gloss無)
谤	kalumni	basic	谤	{Ｂ}［他］中傷する,誹謗（ひぼう）する,名誉を毀損（きそん）する
谬	absurd	basic	谬	{Ｂ}非常識な,不合理な;ばかげた,ばかばかしい;【哲】不条理な
谱	spektr	pejvo	谱	スペクトルの
贯	koher	pejvo	贯	{Ｏ}（論理が）首尾一貫した,筋道の通った,まとまりのある;【理】凝集した;【理】（光が
贷	kredit	basic	贷	(gloss無)
贸	negoc	pejvo	贸	取引の,商談の;実務的な,ビジネスライクな
贺	gratul	basic	贺	祝いの,祝賀の
贿	korupt	pejvo	贿	{Ｏ}［他］（賄賂で）買収する,=subac^eti;堕落させる,腐敗させる
赌	vet	basic	赌	賭をして;競争で
赢	gajn	basic	赢	{Ｂ}［他］（運や偶然によって）得る;勝ち取る;もうける,>>akiri
趋	tendenc	basic	趋	傾向をおびた,かたよった,偏向的な,>>partieca
踢	kalcitr	pejvo	踢	［自］（馬などが）後脚で蹴上げる;《転》頑強に抵抗する
踱	ambl	pejvo	踱	［自］【馬】側対歩で進む,>>galopi,>>troti
躺	kuŝ	basic	躺	(gloss無)
轿	palanken	pejvo	轿	{Ｏ}（中国やインドの）かご,こし
辉	efluv	pejvo	辉	【電】グロー放電
辐	spok	pejvo	辐	【機】（車輪の）スポーク,=radradio,=dratradio
迟	tard	pejvo	迟	《詩》=malfrua（遅い）
邻	najbar	basic	邻	隣の,近所の;近くの
鉴	ekspertiz	pejvo	鉴	［他］鑑定する,査定する
钢	ŝtal	basic	钢	(gloss無)
铭	deviz	pejvo	铭	{Ｏ}標語,モットー,座右の銘;（紋章の）題銘;【経】外国為替
锌	zink	basic	锌	亜鉛の
错	erar	basic	错	誤った,間違った
锚	ankr	pejvo	锚	［他］錨をおろす;【空】（気球を）係留する
锡	stan	basic	锡	スズの,スズ製の
锣	tamtam	pejvo	锣	［自］タムタムを打ち鳴らす;《転》鳴り物入りで宣伝する
锦	brok	pejvo	锦	［他］紋織りにする,錦織りにする
键	klav	basic	键	［他］打鍵する
锯	seg	basic	锯	{Ｂ}［他］のこぎりで引く
锻	forĝ	basic	锻	(gloss無)
镐	pioĉ	basic	镐	(gloss無)
闸	kluz	pejvo	闸	［他］（船を）開門して通過させる
闹	tumult	basic	闹	大騒動の,騒然とした,騒がしい
闻	anekdot	basic	闻	{Ｂ}逸話,ゴシップ,奇聞;小話
阀	valv	pejvo	阀	【機】弁,バルブ;（タイヤの）チューブバルブ;【電】整流管;【生】弁;【動】（二枚貝の）
阵	falang	pejvo	阵	{Ｏ}【軍】（古代ギリシアの）密集方陣,ファランクス;【解】指節骨（しせっこつ）
陆	kontinent	basic	陆	大陸の,大陸性の
陨	meteor	pejvo	陨	{Ｏ}【天】流星,=falstelo;【気】大気現象,=atmosfera fenome
险	risk	basic	险	危険な,一か八かの
雾	nebul	basic	雾	霧の,霧のかかった;かすんだ,不明瞭な,曖昧（あいまい）な
页	paĝ	basic	页	(gloss無)
颊	vang	basic	颊	{Ｂ}【解】ほお;【機】側板
颓	dekadenc	pejvo	颓	衰退の,退廃の;【文】デカダン派の
颖	glum	pejvo	颖	【植】包穎（ほうえい）
飘	flirt	basic	飘	{Ｂ}［自］（旗などが）翻る;（蝶などが）ひらひら飛び回る;（異性と）たわむれる
饲	furaĝ	basic	饲	(gloss無)
饶	indulg	basic	饶	寛大な
饺	raviol	pejvo	饺	(gloss無)
驰	galop	pejvo	驰	ギャロップで,全速力で
驴	azen	basic	驴	ロバの;愚かな
骂	sakr	pejvo	骂	［自］ののしる,悪態をつく,>>blasfemi
骄	fier	basic	骄	{Ｂ}誇り高い,自尊心のある;高慢な,尊大な
鲜	freŝ	basic	鲜	(gloss無)
鳞	skvam	pejvo	鳞	うろこで覆われた
鸭	anas	basic	鸭	{Ｂ}【鳥】アヒル（家鴨）
鹊	pig	basic	鹊	カササギの;《転》白黒まだらの
