type	char	root	band	fullKanji	gloss
2根	粟	panic	basic	粟	《Ｎ》【植】キビ（黍）（属）,>>mileo
2根	粟	mili	pejvo	粟	{Ｏ}【植】雑穀（アワ，キビ，ヒエ，モロコシなど）,>>setario,>>panico,>
2根	案	projekt	basic	案	［他］計画する,企画する,立案する
2根	案	pupitr	pejvo	案	{Ｏ}（傾斜した）見台,書見台,記帳台,立ち机;【楽】譜面台
2根	杏	abrikot	basic	杏	アンズの
2根	杏	anzu	piv	杏	【植】【PIV】1 Var. (Vari(aj^)o) de abrikotarbo (Pr
2根	威	impon	basic	威	印象深い,堂々とした,威厳のある
2根	尉	leŭtenant	basic	尉	(無)
2根	易	facil	basic	易	{Ｂ}容易な,簡単な;軽やかな
2根	移	translaci	pejvo	移	［他］【理】並進させる;【数】平行移動させる
2根	井	put	basic	井	井戸の
2根	咽	faring	pejvo	咽	{Ｏ}【解】咽頭（いんとう）
2根	右	dekstr	basic	右	{Ｂ}右の;【政】右翼の,右派の
2根	宇	kosm	basic	宇	宇宙の
2根	宇	univers	basic	宇	宇宙の
2根	臼	molar	pejvo	臼	【解】大臼歯,=granda mueldento;臼歯（きゅうし）,=mueldento
2根	映	kin	basic	映	{Ｂ}映画,映画制作,>>filmo
2根	映	enantio	piv	映	(無)
2根	益	util	basic	益	{Ｂ}有用な,有益な,役に立つ;便利な,実用的な
2根	益	benefic	pejvo	益	慈善興行;【法】（法律で認められた）特典,特権
2根	悦	plaĉ	basic	悦	(無)
2根	悦	delekt	piv	悦	【PIV】(tr (transitiva)) Tre plezurigi: la pas^t
2根	越	ju	pejvo	越	(無)
2根	宴	festen	basic	宴	{Ｂ}［自］ごちそうを食べる;宴会に参加する;祝宴を催す
2根	宴	banked	pejvo	宴	［自］宴会に参加する;会食する
2根	延	prokrast	basic	延	{Ｂ}［他］延期する,延ばす,遅らせる
2根	凹	konkav	pejvo	凹	{Ｏ}【理】【数】凹（おう）の,>>konveksa
2根	央	centr	basic	央	中心の,中央の
2根	央	central	basic	央	{Ｂ}中央施設,本部,=centrejo;【電】発電所;【通】電話交換局
2根	寡	vidv	basic	寡	配偶者を失った,やもめの
2根	寡	oligo	piv	寡	(無)
2根	河	river	basic	河	{Ｂ}川,河川;流れ
2根	蚊	moskit	basic	蚊	{Ｂ}《般》【虫】蚊（か）,>>kulo
2根	蚊	kul	pejvo	蚊	{Ｏ}【虫】カ（蚊）;（特に）イエカ（属）,>>moskito
2根	画	bild	basic	画	絵を用いた
2根	蛾	mote	piv	蛾	【動】【PIV】Malgranda, malutila, grizeta papilio. 
2根	雅	graci	basic	雅	{Ｂ}優雅な,優美な,上品な
2根	雅	elegant	basic	雅	{Ｂ}上品な,趣味のよい,優美な
2根	回	eĥ	basic	回	(無)
2根	悔	pent	basic	悔	{Ｂ}［他］後悔する,悔悟する,改悛する
2根	悔	rimors	piv	悔	【PIV】Konsciencriproc^o: vermo la hau^ton rong^
2根	廓	profil	pejvo	廓	横顔の;縦断面の;輪郭の
2根	廓	kontur	pejvo	廓	［他］輪郭を描く,かたどる
2根	茅	espart	piv	茅	【植】【PIV】Komuna nomo de diversaj herboj Mediter
2根	完	perfekt	basic	完	{Ｂ}完全な,完璧な,申し分のない,>>senmanka,>>plena,>>komplet
piv単独	患	infest	piv	患	【PIV】(tr (transitiva)) Svarme invadi, pp (se p
2根	汗	ŝvit	basic	汗	(無)
2根	汗	h^an	pejvo	汗	【史】ハーン,カン（汗）（中央アジア遊牧民の族長・君主の称号）
2根	肝	hepat	basic	肝	肝臓の
2根	丸	pilol	basic	丸	{Ｏ}【薬】錠剤,丸薬;《般》（避妊用の）ピル
2根	丸	testik	pejvo	丸	{Ｏ}【解】精巣,睾丸（こうがん）
2根	玩	lud	basic	玩	{Ｂ}［自］遊ぶ,たわむれる,自由に動く;［他］（ゲームなどを）する,（必要な）動作をする;
2根	玩	petol	basic	玩	たわむれる,いたずらな,ふざけた
2根	癌	kancer	basic	癌	{Ｏ}【病】がん（癌）,>>tumoro;【植】腫瘍（しゅよう）;【動】イチョウガニ（属）
2根	癌	karcinom	piv	癌	【医】【PIV】Epitelia kancera variaj^o.
2根	危	danĝer	basic	危	(無)
2根	危	kriz	basic	危	危機的な;=sojla（臨界の）
2根	喜	ĝoj	basic	喜	(無)
2根	喜	ŝat	basic	喜	(無)
2根	汽	vapor	basic	汽	蒸気の;蒸気のたちこめた,おぼろにかすんだ;（布地が）透けるように薄い
2根	祈	preĝ	basic	祈	(無)
2根	季	sezon	basic	季	季節の,季節的な
2根	季	trimestr	pejvo	季	四半期に一度の,季刊の,>>trimonata
2根	稀	rar	pejvo	稀	まれな,希少な,珍しい,=malofta
2根	稀	dilu	pejvo	稀	［他］【化】希釈する;薄める,=malkoncentri
2根	虐	turment	basic	虐	苦しめる,悩ます
2根	虐	molest	pejvo	虐	《稀》［他］いじめる,虐待する,苦しめる,>>mistrakti,>>turmenti
2根	休	ripoz	basic	休	{Ｂ}［自］休息する,休憩する;静かに横たわる,横になって休む;（死んで）横たわる,永眠する
2根	急	urĝ	basic	急	(無)
piv単独	居	setl	piv	居	【PIV】(ntr (netransitiva)) (pp (se paroli pri) 
2根	享	ĝu	basic	享	(無)
2根	叫	kri	basic	叫	{Ｂ}［自］叫ぶ,泣き叫ぶ;［他］大声で言う
2根	境	medi	basic	境	環境の
2根	境	eko	pejvo	境	(無)
2根	峡	istm	pejvo	峡	{Ｏ}【地理】地峡;【解】峡部
2根	峡	ravin	pejvo	峡	【地理】峡谷,渓谷
2根	怯	timid	pejvo	怯	《詩》=sing^ena（内気な）
2根	怯	poltron	pejvo	怯	《詩》=malkurag^a（臆病な）
piv単独	仰	supin	piv	仰	【PIV】(tr (transitiva)) Turni la antau^brakon t
2根	巾	tuk	basic	巾	{Ｂ}（用途に合わせて切った）布,布切れ
2根	近	proksim	basic	近	{Ｂ}（空間的・時間的に）近い,近接した
2根	近	miop	basic	近	{Ｏ}【医】近視の,近眼の,>>hipermetropa,>>presbiopa
2根	串	grapol	pejvo	串	（花や果実の）房;【植】総状花序
2根	屑	klast	piv	屑	【地質】【PIV】1 Fragmento de rompita kristalo, roko
2根	掘	fos	basic	掘	{Ｂ}［他］掘る;発掘する;《転》（問題などを）掘り下げる
2根	掘	sape	pejvo	掘	［他］（城壁などを土台から）掘り崩す;対壕を掘る
2根	窟	spele	pejvo	窟	【PIV】Natura subtera kavo, i.a. (interalie, int
2根	刑	kriminal	pejvo	刑	{Ｏ}【法】刑事上の
2根	刑	linc^	pejvo	刑	［他］リンチを加える,私刑にする
2根	型	tip	basic	型	典型的な,代表的な;特有の,いかにも〜らしい;類型的な,型にはまった
2根	型	muld	pejvo	型	{Ｏ}［他］型に入れて作る,鋳造する;型を取る,鋳型をとる
2根	桂	cinam	basic	桂	{Ｂ}【料】桂皮,シナモン
2根	桂	lau^r	pejvo	桂	{Ｏ}【植】ゲッケイジュ（属）（月桂樹）
2根	迎	lof	pejvo	迎	［他］【海】船首を風上にむける
piv単独	隙	interstic	piv	隙	【解】【PIV】Spaco, kiu trovig^as inter la esencaj 
2根	健	san	basic	健	{Ｂ}健康な,健やかな,丈夫な,元気な;《転》健全な
2根	健	salubr	piv	健	【医】【PIV】Favora por la sano: salubra klimato, a
2根	券	kupon	basic	券	{Ｂ}クーポン（券）,切符の半券;【経】利札（りさつ）
2根	券	bil	pejvo	券	【経】証券,手形
2根	拳	pugn	basic	拳	［他］こぶしでなぐる
2根	研	stud	basic	研	{Ｂ}［他］研究する,調べる,>>esplori;（学問を）勉強する,>>lerni
2根	言	dialekt	basic	言	方言の
2根	限	fini	piv	限	【数】【PIV】a) (pp (se paroli pri) aro) Havanta no
2根	限	restrikt	piv	限	【PIV】(tr (transitiva)) Malvastigi: restrikti l
2根	呼	vok	basic	呼	呼び声の,呼びかけの
2根	固	solid	basic	固	固体の;固い,頑丈な;確固とした,確実な;堅実な,しっかりした
2根	湖	lag	basic	湖	湖の;湖畔の
2根	糊	past	basic	糊	{Ｂ}【料】ペースト,ねり粉,生地;ペースト状のもの
2根	糊	amel	pejvo	糊	［他］糊付けする
2根	侯	princ	basic	侯	君主の;君主にふさわしい
2根	侯	markiz	pejvo	侯	{Ｏ}侯爵
2根	候	kandidat	basic	候	［自］立候補する（運動する）,志願する
2根	厚	dik	basic	厚	{Ｂ}厚い;太い;太った
2根	宏	grandioz	basic	宏	{Ｂ}雄大な,堂々たる,荘厳な
2根	宏	makro	pejvo	宏	【情】マクロ
2根	巧	lert	basic	巧	{Ｂ}器用な,巧みな,上手な;敏捷な,すばしこい
2根	梗	infarkt	pejvo	梗	【医】【PIV】Nomo donata al vaskula teritorio, en k
2根	梗	pedunkl	pejvo	梗	【植】花柄;【解】脳脚
2根	克	gram	basic	克	{Ｂ}【単】グラム（g）
2根	克	konker	pejvo	克	{Ｏ}［他］征服する,戦い取る;《転》（努力して）勝ち取る,克服する
2根	忽	ignor	basic	忽	{Ｂ}［他］（意図的に）無視する,見ないふりをする,知らないふりをする,>>neglekti
2根	忽	neglekt	basic	忽	{Ｂ}［他］（不注意などから）なおざりにする,おろそかにする,軽視する,怠る,>>malzo
2根	此	cis	pejvo	此	(無)
2根	魂	anim	basic	魂	魂の;=animita
2根	左	liv	piv	左	【PIV】Maldekstra: liva g^irado; turnu liven tuj
2根	砂	smirg	pejvo	砂	［他］金剛砂で磨く
2根	挫	frustr	pejvo	挫	{Ｏ}［他］【心】欲求不満を起こさせる
2根	材	material	basic	材	材料の;物質的な,実質的な;功利的な
2根	材	statur	basic	材	{Ｂ}身長,背丈
2根	始	komenc	basic	始	はじめの,最初の,手始めの
2根	姿	gest	basic	姿	身ぶりで
2根	姿	poz	pejvo	姿	{Ｏ}［自］【美】ポーズをとる;《転》気取る
2根	志	ambici	basic	志	野心的な
2根	思	pens	basic	思	{Ｂ}［自］思う,考える
2根	思	medit	basic	思	{Ｂ}［自］考え込む,思索する,黙想する;瞑想する
2根	止	ĉes	basic	止	(無)
2根	止	apne	pejvo	止	【医】無呼吸,（一時的な）呼吸停止
2根	雌	femal	pejvo	雌	《稀》=ina（雌の）
2根	次	foj	basic	次	一度,ある時
2根	次	sekundar	pejvo	次	【学】第二の,二次の,>>primara;《古》第二紀の,=mezozoika
2根	辞	demisi	pejvo	辞	［自］（大臣・内閣などが）辞職する,>>abdiki
2根	邪	pervers	pejvo	邪	邪悪な,よこしまな,倒錯した,>>malica
2根	邪	perversi	pejvo	邪	【医】異常;《般》性的倒錯
2根	借	prunt	basic	借	貸し借りで
2根	勺	kuler	basic	勺	{Ｂ}【料】さじ,スプーン
2根	勺	s^kop	piv	勺	【PIV】Ujo el ligno au^ lado, uzata por forc^erp
2根	爵	baron	pejvo	爵	{Ｏ}男爵;【史】（中世、国王から領地を与えられた）諸侯
2根	守	gard	basic	守	番をして;用心深く
2根	守	garnizon	pejvo	守	［自］【軍】駐屯する
2根	朱	cinabr	pejvo	朱	朱の;朱色の
2根	朱	vermiljon	pejvo	朱	朱の,朱色の
2根	授	profesor	basic	授	{Ｂ}（大学・高等教育機関の）教授（人）
2根	授	inic	pejvo	授	［他］（人に）秘伝を授ける;手ほどきをする
2根	需	bezon	basic	需	必要な,=bezonata
2根	周	semajn	basic	周	一週間の;毎週の,週一回の
2根	秋	aŭtun	basic	秋	(無)
2根	酬	rekompenc	basic	酬	お返しに,褒美として
2根	酬	honorari	pejvo	酬	［他］謝礼金を払う
2根	住	loĝ	basic	住	(無)
2根	祝	ben	basic	祝	{Ｂ}［他］祝福する
2根	祝	tost	basic	祝	［自］乾杯する,祝杯をあげる
2根	熟	matur	basic	熟	{Ｂ}熟した,成熟した;《転》熟慮した,練られた;【商】（手形などが）満期の
2根	熟	familiar	basic	熟	{Ｂ}親しい,慣れ親しんだ,心安い,くだけた,平俗な,>>intima,>>sencerem
2根	述	rakont	basic	述	{Ｂ}［他］物語る,語る,話をする
2根	述	dikt	basic	述	{Ｂ}［他］口述筆記させる;指図する
2根	薯	maniok	pejvo	薯	{Ｏ}【植】キャッサバ,マニオク,>>tapioko
2根	床	lit	basic	床	{Ｂ}ベッド,寝台;寝床;（動物の）ねぐら
2根	沼	marĉ	basic	沼	(無)
2根	硝	salpetr	pejvo	硝	{Ｏ}【化】硝石,=kalia nitrato
2根	章	ĉapitr	basic	章	(無)
piv単独	冗	redund	piv	冗	【PIV】Estanta pluroble au^ ripete, au^ aldonita
2根	城	kastel	basic	城	{Ｂ}城,城郭;大邸宅,館（やかた）
piv単独	蒸	transpir	piv	蒸	【PIV】(ntr (netransitiva)) 1 Elimini akvovaporo
2根	拭	viŝ	basic	拭	(無)
2根	拭	s^vabr	pejvo	拭	［他］モップで拭く
2根	殖	koloni	basic	殖	植民地の,植民の
2根	殖	prolifer	piv	殖	【PIV】(ntr (netransitiva)) 1 (pp (se paroli pri
2根	辱	blasfem	basic	辱	{Ｂ}［自］【宗】不敬なことを言う,冒涜的な言葉を吐く;［他］ののしる
2根	辱	sakrilegi	pejvo	辱	冒涜的な,神聖を汚す;無礼な,罰当たりな
2根	伸	etend	basic	伸	{Ｂ}［他］伸ばす;（手を伸ばして）差し出す;（金属を）延ばす;広げる,拡張する
2根	伸	ekstens	piv	伸	【解】【PIV】(tr (transitiva)) Malfaldi anatomian e
2根	深	profund	basic	深	{Ｂ}深い,底の深い,奥深い;深部に達する,深々とした;《転》深遠な,深層の;深刻な,根深い
2根	仁	human	basic	仁	{Ｂ}人間的な,人情味のある,人道的な
2根	逗	kom	basic	逗	{Ｂ}コンマ,読点;【数】小数点;【情】コンマ（，）
2根	逗	ŝerc	basic	逗	(無)
2根	吹	blov	basic	吹	{Ｂ}［自］（風が）吹く,息を吐く;［他］吹く,吹き鳴らす
2根	吹	blag	pejvo	吹	［自］でたらめをいう,ほらを吹く
2根	衰	atenu	pejvo	衰	［他］【理】（距離とともに）減衰させる,>>amortizi
2根	衰	kah^eksi	piv	衰	【医】【PIV】Grava perturbo de c^iuj funkcioj de la
2根	誓	ĵur	basic	誓	(無)
2根	誓	vot	pejvo	誓	誓いの,誓願の
2根	醒	vek	basic	醒	目覚めさせる
2根	醒	sobr	basic	醒	{Ｂ}（飲食を）節制した,しらふの;節度ある,落ち着いた
2根	税	impost	basic	税	［他］課税する
2根	税	akciz	pejvo	税	［他］【経】消費税を課す
2根	席	mat	basic	席	［自］【遊】（チェス・将棋で）詰む
2根	斥	eksklud	pejvo	斥	=ekskluziva（排他的な）
2根	斥	skold	piv	斥	【PIV】(tr (transitiva)) Riproc^e admoni: la pat
2根	籍	matrikul	pejvo	籍	［他］登録番号を付ける;=enmatrikuligi（登録する）
2根	赤	ekvator	basic	赤	{Ｂ}【地理】赤道
2根	蝉	cikad	basic	蝉	{Ｂ}【虫】セミ（蝉）
2根	泉	font	basic	泉	［自］涌き出る;《転》源を発する
2根	善	afabl	basic	善	{Ｂ}愛想のよい,親切な;ものやわらかな,ていねいな;【情】使いやすい,ユーザーフレンドリー
2根	然	natur	basic	然	自然の,天然の;本来の,自然な,天性の,生まれつきの;当然の,当たり前の;【楽】本位の
2根	奏	koncert	basic	奏	演奏会の;生演奏の,生録音の,ライブの
2根	葬	sepult	pejvo	葬	［他］葬る,埋葬する,>>entombigi
2根	促	akcel	basic	促	{Ｂ}［他］加速する,促進する,>>plirapidigi
2根	促	forc	pejvo	促	［他］【農】促成栽培する
2根	属	aparten	basic	属	{Ｂ}［自］（〜 al）〜のものである;〜に所属する
2根	属	genr	pejvo	属	{Ｏ}【Ｇ】性;【生】（分類学上の）属
2根	卒	peon	pejvo	卒	【遊】（チェスの）ポーン,（将棋の）歩兵（歩）;（中南米の）農場労働者,ペオン
2根	尊	estim	basic	尊	{Ｂ}［他］尊敬する,尊重する,高く評価する,>>s^ati,>>respekti
2根	尊	dign	basic	尊	威厳のある,堂々とした
2根	逐	ekzil	pejvo	逐	{Ｏ}［他］祖国から追放する,>>proskribi,>>elpeli
2根	逐	proskrib	pejvo	逐	［他］追放する,=ekzili;=malpermesi;=eksterleg^igi
2根	窒	sufok	basic	窒	窒息するような,息苦しい,息詰まる
2根	窒	asfiksi	pejvo	窒	［他］【医】窒息させる
2根	忠	fidel	basic	忠	{Ｂ}忠実な,誠実な;節操の堅い,貞節な;事実を曲げない
2根	忠	lojal	basic	忠	{Ｂ}忠義な,忠実な;誠実な,公正な
2根	兆	megom	pejvo	兆	【電】=megaomo（メガオーム）
2根	挑	provok	basic	挑	挑発の;挑発する
2根	朝	dinasti	pejvo	朝	{Ｏ}【史】（一系統の）王朝
2根	跳	salt	basic	跳	{Ｂ}［自］跳ぶ,跳び上がる,跳躍する;飛び移る,飛びのく;《転》飛躍する;《転》急増する
2根	跳	kapriol	pejvo	跳	［自］跳ね回る,跳躍する
piv単独	珍	delic	piv	珍	【PIV】Delikata g^uo (gastronomia, amora k.a. (k
2根	爪	ung	basic	爪	［他］つめを立てる,ひっかく,>>ungograti,>>ungovundi
2根	爪	klik	pejvo	爪	【機】歯止め,爪（つめ）;（排他的な）徒党,一味,派閥
2根	抵	hipotek	pejvo	抵	［他］抵当に入れる,担保に入れる
2根	蹄	huf	basic	蹄	{Ｂ}【動】ひづめ（蹄）
2根	摘	pluk	pejvo	摘	［他］（花や実を）摘む,摘みとる,>>des^iri;つまみ上げる;【楽】（ハープなどを）つ
2根	摘	enukle	pejvo	摘	［他］【医】（腫瘍・眼球などを）摘出する
2根	哲	filozofi	basic	哲	哲学的な
2根	哲	filozof	pejvo	哲	［自］=filozofii（哲学する）;達観する
2根	堵	ŝtop	basic	堵	(無)
2根	堵	obtur	pejvo	堵	［他］（穴や開口部を）ふさぐ,密閉する;【医】（虫歯を）充填する
2根	徒	van	basic	徒	{Ｂ}実りのない,むだな;むなしい,実質を伴わない
2根	徒	adept	pejvo	徒	{Ｏ}（学説・教義の）信奉者;（思想・運動の）支持者,仲間,同志
2根	奴	sklav	basic	奴	奴隷の,奴隷的な;卑屈な,言いなりの
2根	怒	koler	basic	怒	怒りの,立腹した,怒っている
2根	怒	kolerik	piv	怒	【医】【PIV】Apartenanta al unu el la kvar temperam
2根	党	parti	basic	党	党の;=partieca（党派的な）
2根	刀	sabr	pejvo	刀	［他］サーベルで切る,切りつける
2根	痘	akn	basic	痘	{Ｂ}にきび,吹き出物（ふきでもの）
2根	痘	variol	pejvo	痘	{Ｏ}【病】天然痘,痘瘡（とうそう）
2根	答	respond	basic	答	答えの,返答の;一致する,対応する;責任のある
2根	踏	tret	pejvo	踏	{Ｏ}［他］踏む,踏みつける;踏みつぶす
2根	橡	kverk	basic	橡	{Ｂ}【植】ナラ（楢）,カシ（樫）,オーク;【植】コナラ属
2根	橡	glan	pejvo	橡	{Ｏ}【植】カシの実,どんぐり;【解】亀頭
2根	年	jar	basic	年	年間の,=unujara;年次の,毎年の,=c^iujara
2根	燃	brul	basic	燃	燃えるような,燃焼の
2根	燃	fuel	pejvo	燃	【技】【PIV】Solida, likva au^ gasa substanco el ki
2根	波	ond	basic	波	波の,波状の
2根	肺	pulm	basic	肺	肺の
2根	肺	pneu^mon	pejvo	肺	【医】【PIV】Pulmo (en kunmetaj^oj).
2根	倍	ploid	piv	倍	【生】【PIV】Nombro de homologaj serioj de la n kro
2根	媒	svat	basic	媒	{Ｂ}［他］（職業的に）結婚を仲介する,仲人する
2根	媒	medium	pejvo	媒	霊媒の
2根	陪	akompan	basic	陪	{Ｂ}［他］同行する;【楽】伴奏する
2根	博	doktor	basic	博	博士の
2根	博	erudici	pejvo	博	学識豊かな,博識の
2根	舶	bark	basic	舶	{Ｂ}小型船,小型帆船（s^ipoより小さく、boatoより大きい）;【海】バーク船
2根	爆	eksplod	basic	爆	{Ｂ}［自］爆発する,破裂する;《転》激高する;《転》勃発（ぼっぱつ）する
2根	卑	trivial	pejvo	卑	{Ｏ}野卑な,下卑た,卑俗な,低俗な,>>banala,>>vulgara
2根	披	mantel	basic	披	{Ｂ}【服】マント,外套,コート,ケープ;【建】マントルピース;《転》覆い隠すもの
2根	泌	sekreci	pejvo	泌	［他］分泌する
2根	肥	fekund	basic	肥	繁殖力のある,多産な;《転》実り多い,肥沃（ひよく）な
2根	被	pasiv	basic	被	{Ｏ}受身の,消極的な;【Ｇ】受動の
2根	避	evit	basic	避	{Ｂ}［他］避ける,回避する,
2根	避	rifuĝ	basic	避	(無)
2根	膝	genu	basic	膝	［自］ひざまずいている,ひざ立ちしている
2根	菱	romb	pejvo	菱	{Ｏ}【数】菱形（ひしがた）;【魚】=rombofis^o（ヒラメの一種）
2根	菱	lozang^	pejvo	菱	{Ｏ}（紋章の）菱形紋;（宝石の）菱形面;（ひし形の）糖衣錠,=pastelo;【数】=>r
2根	必	neces	basic	必	{Ｂ}必要な,不可欠の;【論】必然の,必然的な
2根	必	nepr	basic	必	絶対必要な,不可欠の,必然の
piv単独	逼	kompuls	piv	逼	【PIV】(tr (transitiva)) Igi, ke iu efektive ple
2根	品	frand	basic	品	美味の,おいしいそうな
2根	怖	teror	pejvo	怖	【政】テロル,テロ,組織的暴力
2根	怖	horor	pejvo	怖	身の毛もよだつ,戦慄すべき
2根	侮	ofend	basic	侮	侮辱的な,感情を害する,無礼な
2根	侮	insult	basic	侮	侮辱的な,ののしりの
2根	武	arm	basic	武	{Ｂ}［他］武装させる;装甲する
2根	覆	teg	basic	覆	{Ｂ}［他］（布・皮などで）上張りする,覆いをする
2根	覆	mulc^	pejvo	覆	［他］【農】（作物に）敷き藁を敷く,マルチングする
2根	吻	kis	basic	吻	{Ｂ}［他］キスする,口づけする;《転》そっと触れる
2根	焚	incendi	pejvo	焚	火災の,=brulega;放火の,=bruliga
piv単独	丙	propil	piv	丙	【化】【PIV】La radiko CH 3-CH 2-CH 2 -.
piv単独	蔑	disdegn	piv	蔑	【PIV】(tr (transitiva)) Mals^ati: alpreni tian 
2根	墓	tomb	basic	墓	墓の,墓のような
2根	峰	alp	pejvo	峰	【地理】【PIV】Alta monto, kun pas^tejoj sur la flan
2根	崩	kolaps	pejvo	崩	［自］【病】虚脱する;【天】崩壊する;【情】フリーズする;《転》（急に）意気消沈する,衰弱す
2根	放	emancip	pejvo	放	{Ｏ}［他］【法】親権を解除する;《転》（政治的・社会的束縛から）解放する,>>liberi
2根	烹	kuir	basic	烹	料理の,調理の
2根	烹	gastronomi	basic	烹	(無)
2根	蓬	vil	pejvo	蓬	毛で覆われた,毛むくじゃらの,けば立った
2根	蓬	hirt	pejvo	蓬	{Ｏ}（毛の）逆立った,（髪の）乱れた
2根	忘	forges	basic	忘	{Ｂ}［他］忘れる,失念する;なおざりにする,おろそかにする
2根	忘	amnezi	pejvo	忘	【病】健忘症
2根	棒	baston	basic	棒	［他］棒で叩く（たたく）
2根	膨	dilat	pejvo	膨	［他］【理】膨張させる,>>ekspansii
2根	膨	ekspansi	pejvo	膨	［自］【理】（気体が）膨張する,>>dilati
2根	朴	naiv	basic	朴	{Ｂ}素朴な,無邪気な;うぶな,世間知らずの,愚直な
2根	朴	rustik	piv	朴	【建】【PIV】Prezentanta simplan, ec^ krudan prilab
2根	本	instinkt	basic	本	本能の,本能的な;直観的な
2根	幕	akt	basic	幕	{Ｂ}【劇】幕;【法】証書
2根	幕	kulis	pejvo	幕	{Ｏ}【劇】舞台裏;舞台の袖（そで）;《転》内幕,舞台裏
2根	末	last	basic	末	{Ｂ}最後の,最終の,後者の;最近の,最新の,直前の,この前の;最下位の,最低の
2根	慢	kronik	pejvo	慢	【医】慢性の,><akuta
2根	慢	adag^	pejvo	慢	【楽】（速度標語）ゆるやかに
2根	蔓	sarment	piv	蔓	【PIV】1 Ligna, tamen fleksebla tigo, kiun vito 
2根	未	futur	pejvo	未	【Ｇ】未来（時制）,=os-tempo;《詩》=estonteco（未来）
2根	魅	ĉarm	basic	魅	(無)
2根	魅	fascin	pejvo	魅	魅惑的な,魅了する
2根	眠	somnol	piv	眠	【PIV】Stato transig^a inter dormo k maldormo.
2根	矢	sag	basic	矢	［自］矢のように飛ぶ
2根	役	servut	pejvo	役	賦役の,農奴労働の
2根	役	kampanj	pejvo	役	［自］キャンペーンを張る
2根	柳	salik	basic	柳	{Ｂ}【植】ヤナギ（柳）（属）
2根	柳	vimen	pejvo	柳	【植】タイリクキヌヤナギ（大陸絹柳）（種）;《般》（柔らかい）柳の枝
2根	勇	kuraĝ	basic	勇	(無)
2根	勇	brav	basic	勇	{Ｂ}勇敢な,勇ましい,りりしい;実直な,律義な;りっぱな
2根	幽	fantom	basic	幽	幽霊の,まぼろしのような
2根	由	motiv	basic	由	［他］（物事が）動機付ける,理由付ける
2根	洋	ocean	basic	洋	{Ｂ}【地理】大洋,大海,海洋
2根	翼	plane	pejvo	翼	【空】翼板,翼（よく）
2根	裸	nud	basic	裸	{Ｂ}裸の;むき出しの;飾りのない
2根	酪	krem	basic	酪	クリーム入りの;クリーム状の
2根	酪	fromaĝ	basic	酪	(無)
2根	梨	pir	basic	梨	{Ｂ}【果】ナシ（梨）,洋ナシ
2根	隆	tuber	basic	隆	こぶの,こぶのある
2根	厘	centi	pejvo	厘	(無)
2根	厘	centimetr	basic	厘	(無)
2根	烈	intens	basic	烈	{Ｏ}強烈な,激しい,強度の;集中的な,集約的な,徹底的な
2根	露	ros	basic	露	［自］（無主語）露がおりる
2根	露	ekshibici	piv	露	【PIV】Emo sin montri, aparte en erotika situaci
2根	狼	lup	basic	狼	狼の;《転》残虐な
2根	湾	golf	basic	湾	{Ｂ}【地理】湾
2根	湾	sinu	piv	湾	【PIV】C^iu el la kurbaj^oj, fleksoj de vojo, ri
2根	腕	pojn	pejvo	腕	【解】手首,=manradiko
2根	个	individu	basic	个	個人の,個人的な;個々の,個別的な
2根	个	individual	pejvo	个	(無)
2根	乘	vetur	basic	乘	{Ｂ}［自］（乗り物で）行く;（乗り物が）行く,運行する
2根	乘	multiplik	basic	乘	【数】掛け算の,乗法の
2根	舒	komfort	basic	舒	{Ｂ}快適な,心地よい,安楽な
2根	舒	diastol	pejvo	舒	【医】心拡張期,><sistolo
piv単独	估	stim	piv	估	【PIV】Taksi per stokastika procedo; kalkuli sti
2根	佛	budh	basic	佛	【仏】仏陀（ぶっだ）,正覚者,>>tatagato
2根	佛	buda	pejvo	佛	(無)
piv単独	俯	pron	piv	俯	【PIV】(tr (transitiva)) Turni la antau^brakon t
2根	冰	glaci	basic	冰	氷の,氷のような;《転》冷ややかな,よそよそしい
2根	况	situaci	basic	况	［自］《古》=situi（位置する）
2根	况	cirkonstanc	basic	况	{Ｂ}周囲の事情,状況
2根	辨	disting	basic	辨	他との区別を示す,特有の;示差的な
2根	辨	diskrimin	piv	辨	【PIV】(ntr (netransitiva)) 1 Distingi inter plu
2根	厂	fabrik	basic	厂	［他］製造する,製作する,生産する
2根	厂	uzin	basic	厂	（大規模な）冶金工場,>>fabriko
2根	听	aŭd	basic	听	(無)
2根	听	aŭskult	basic	听	(無)
2根	咏	c^ant	pejvo	咏	【楽】【PIV】Formo de kantado uzata por psalmoj k k
2根	咏	psalm	pejvo	咏	［他］【カ】（詩篇を）詠唱する;単調に歌う
2根	咒	anatem	pejvo	咒	［他］【宗】（教会が公式に）のろう,破門する
2根	咒	envult	pejvo	咒	［他］（相手をかたどった人形で）呪いをかける
2根	啼	grak	pejvo	啼	［自］（カラスなどが）カアカア鳴く,>>bleki;（痰を出そうとして）のどを鳴らす
2根	啼	kokerik	pejvo	啼	［自］（雄鶏が）コケコッコと鳴く
2根	嗅	flar	basic	嗅	{Ｂ}［他］（においを）感じる;嗅ぐ;嗅ぎ分ける
2根	嗅	olfakt	piv	嗅	【生】【PIV】Flarsenso.
2根	噪	bru	basic	噪	騒がしい
2根	噪	kakofoni	piv	噪	【PIV】1 Kunmeto de sonoj, silaboj au^ vortoj, k
2根	夸	fanfaron	basic	夸	{Ｂ}［自］空威張りする,大言壮語する,ほらを吹く,>>bombasti
2根	夸	bombast	pejvo	夸	誇張した,大げさな
2根	孕	graved	basic	孕	{Ｂ}妊娠した;《転》はらんだ
2根	孕	koncip	pejvo	孕	［他］（子を）はらむ,妊娠する,>>gravedig^i
2根	屎	kak	pejvo	屎	《Ｎ》［自］うんちをする（幼児語）,>>feki
2根	屎	merd	piv	屎	【PIV】(fm (familiara, familiare)) 1 Fekaj^o. 2 
2根	巫	mag	pejvo	巫	【史】マギ（古代ペルシャの祭司）;（古代の）占星術師
2根	巫	s^aman	pejvo	巫	【宗】シャーマン
2根	并	paralel	basic	并	【数】平行の;並列の,平行する;【電】並列の;【情】パラレルの,>>seria
2根	并	aneks	pejvo	并	{Ｏ}［他］【政】併合する;添付する
2根	广	vast	basic	广	{Ｂ}広い,広々とした;（衣服が）ゆったりした;《転》広範な;【声】（母音が）開いた
2根	广	ampleks	basic	广	広大な,広範囲の,包括的な
2根	怕	tim	basic	怕	恐怖の;不安の
2根	怕	fob	piv	怕	(無)
2根	拉	tir	basic	拉	{Ｂ}［他］引く,引っ張る,引き寄せる;引き出す,取り出す;引き伸ばす;引いて行く,引きずる
2根	揉	kned	basic	揉	{Ｂ}［他］（穀粉・粘土を）こねる,練る;もむ;《転》（性格などを）鍛える
2根	揉	tau^z	pejvo	揉	［他］（髪など）かき乱す,かきむしる,かき回す,もみくしゃにする;《転》小突き回す,痛めつけ
2根	杠	vekt	pejvo	杠	{Ｏ}天秤棒,（はかりの）さお
2根	框	kadr	basic	框	［他］縁取る,（額縁のように）囲む;枠にはめる,>>enkadrigi
2根	框	fram	pejvo	框	{Ｏ}【機】フレーム,枠;【建】骨組,>>c^asio,>>kadro
2根	棕	palm	basic	棕	{Ｂ}【植】ヤシ（椰子）,シュロ（棕櫚）（ヤシ科の植物の総称）
2根	棕	arek	piv	棕	【植】【PIV】G. (Genro) (Areca el arekacoj) de dau^
2根	椰	kokos	basic	椰	{Ｂ}【果】ヤシの実,ココナッツ;【植】=kokosarbo
piv単独	榕	fikus	piv	榕	【植】【PIV】G. (Genro) (Ficus el morusacoj) de lak
2根	橙	oranĝ	basic	橙	(無)
2根	檐	kornic	pejvo	檐	{Ｏ}【建】コーニス,軒蛇腹（のきじゃばら）;【地理】岩棚,雪庇（せっぴ）
2根	檐	vizier	pejvo	檐	{Ｏ}（帽子の）ひさし;（かぶとの）まびさし（眉庇）;（洋式かぶとの）面ぼお
2根	汞	hidrarg	pejvo	汞	{Ｏ}【化】水銀
2根	泪	larm	basic	泪	涙の,涙にぬれた
2根	淤	aluvi	pejvo	淤	【地理】沖積土（ちゅうせきど）
2根	淤	kongest	pejvo	淤	鬱血した
piv単独	溪	roj	piv	溪	【地理】【PIV】Mallarg^a k malprofunda rivereto. Vd 
2根	灌	klister	pejvo	灌	［他］【医】浣腸する
piv単独	熏	bukan	piv	熏	【PIV】Viando au^ fis^o fumsekigita.
2根	猩	goril	pejvo	猩	{Ｏ}【動】ゴリラ
2根	瓣	klap	pejvo	瓣	{Ｏ}片開きの弁状のもの;【機】弁;（片側を蝶番で固定した）はね板;（ポケットの）たれぶた;
2根	瓣	petal	pejvo	瓣	{Ｏ}【植】花弁,花びら,=korolfolio
piv単独	疆	marki	piv	疆	【史】【PIV】Regiono au^ provinco, kiu konsistigis 
2根	矮	nan	pejvo	矮	小人（こびと）の;【生】矮性の
2根	簧	anc^	pejvo	簧	{Ｏ}【楽】（管楽器の）リード,簧（した）
2根	缺	mank	basic	缺	欠けている,足りない,不備の
2根	罐	amfor	pejvo	罐	{Ｏ}アンフォラ（つぼ）
2根	罐	bokal	pejvo	罐	（首の短い）広口びん,ジャー
2根	羞	pudor	pejvo	羞	恥じらいのある,慎み深い
2根	翔	ŝveb	basic	翔	(無)
2根	耙	erp	pejvo	耙	{Ｏ}［他］【農】まぐわでならす
2根	耙	rast	pejvo	耙	{Ｏ}［他］（熊手などで）かく,かき集める;かきならす;【軍】徹底的に捜索する,掃討する
2根	肚	trip	pejvo	肚	{Ｏ}（動物の）はらわた,臓物;（反芻動物の）胃;【料】トライプ（牛の胃を刻んで煮込んだもの
2根	胖	obez	pejvo	胖	【医】【PIV】Dikventra, trafita de obezeco.
2根	胖	korpulent	pejvo	胖	太った,肥満体の
2根	腮	mumps	pejvo	腮	【病】流行性耳下腺炎,おたふく風邪
2根	臀	pug	pejvo	臀	=postaj^o（尻）
2根	臀	grop	piv	臀	【動】【PIV】1 La posta parto de c^evalo, bovo, bir
2根	艾	moks	pejvo	艾	【医】灸（きゅう）;もぐさ（sekigita artemizio）
2根	苹	pom	basic	苹	リンゴの
2根	苞	brakte	piv	苞	【植】【PIV】Folio, aksele de kiu formig^as floro, 
2根	蚌	ostr	pejvo	蚌	{Ｏ}《般》カキ（牡蠣）;【貝】イタボガキ（板甫牡蠣）（属）
2根	蚌	mitul	pejvo	蚌	{Ｏ}【貝】イガイ（貽貝）（属）,ムール貝
2根	蝠	filostom	piv	蝠	【動】【PIV】G. (Genro) (Phyllostomus) de mamuloj e
2根	蝠	vespertilion	piv	蝠	【動】【PIV】G. (Genro) (Vespertilio) de mamuloj el
2根	蝎	skorpi	basic	蝎	{Ｂ}【動】サソリ（蠍）（目の総称）;【聖】さそり鞭（むち）
2根	蝗	akrid	basic	蝗	{Ｂ}（一般に）バッタ（蝗虫）;【虫】ショウリョウバッタ（属）,>>lokusto,>>sa
2根	蝗	lokust	pejvo	蝗	【虫】トノサマバッタ（属）,>>akrido;飛蝗（ひこう）
2根	蠕	helmint	piv	蠕	【動】【PIV】Kn (Kolektiva nomo) de vermoj, kies pl
2根	蠕	peristalt	piv	蠕	【生】【PIV】Nevola muskola kontrahig^o, okazanta e
2根	衫	ĉemiz	basic	衫	(無)
2根	衫	bluz	basic	衫	{Ｂ}【服】ブラウス;上っ張り,仕事着;ジャンパー,ブルゾン
2根	躁	nervoz	basic	躁	{Ｂ}神経質な,神経の細い,いらだった
2根	辣	kapsik	pejvo	辣	{Ｏ}【植】トウガラシ（唐辛子）（属）,>>papriko;=kapsikofrukto
2根	辣	kajen	pejvo	辣	(無)
2根	雹	hajl	basic	雹	［自］（無主語）あられが降る,ひょうが降る
2根	雹	grajl	pejvo	雹	［自］（無主語）あられが降る
2根	勒	brid	basic	勒	［他］（馬に）馬勒（ばろく）をつける;《転》手綱を締める,抑制する
2根	勒	string	pejvo	勒	［他］締めつける,握りしめる,抱きしめる,=c^irkau^premi,=c^irkau^s
2根	德	virt	basic	德	徳の高い,有徳の
2根	德	moral	basic	德	道徳の,道義上の;道徳的な,道義にかなった;心の,精神的な
2根	炫	parad	pejvo	炫	閲兵式の;パレードの;誇示の,見せびらかしの
2根	炫	bravur	piv	炫	【楽】【PIV】Tre brila stilo au^ ludmaniero: bravur
2根	东	orient	basic	东	東の,東方の,東部の;東洋の
2根	东	oriental	pejvo	东	(無)
2根	丧	funebr	basic	丧	哀悼の,悲嘆にくれた;喪の,葬式の
2根	举	lev	basic	举	{Ｂ}［他］上げる,持ち上げる,拾い上げる;立てる,起こす;《転》高める,出す
2根	举	kondut	basic	举	{Ｂ}［自］ふるまう,態度をとる
2根	乌	ebon	pejvo	乌	黒たんの;漆黒の
2根	习	kutim	basic	习	いつもの
2根	仪	rit	pejvo	仪	（宗教的）儀式の,典礼の
2根	份	porci	basic	份	{Ｂ}分け前,割当て,配給量;（料理の）一人前
2根	侧	flank	basic	侧	側面の;副次的な
2根	储	rezerv	basic	储	保留の;予備の
2根	储	stok	basic	储	［他］【商】ストックする,仕入れる;蓄える
piv単独	凿	gug^	piv	凿	【PIV】Konkavaklinga c^izilo, uzata en meblofara
2根	劝	admon	basic	劝	{Ｂ}［他］言い聞かせる,勧告する,強く勧める;戒める,訓戒する,説諭する,叱責する
2根	卖	vend	basic	卖	売却の,販売の
2根	历	kalendar	basic	历	暦の上の
piv単独	厕	klozet	piv	厕	【PIV】Necesejo, ordinare kun pelvo k akvos^pruc
2根	吨	tun	basic	吨	{Ｂ}【単】トン（1t=1000kg）
2根	吨	tonel	pejvo	吨	{Ｏ}【海】（船の）容積トン（2.83ｍ3）
2根	哼	ronk	basic	哼	{Ｂ}［自］いびきをかく;ごうごううなる,>>grunti
2根	哼	grunt	pejvo	哼	［自］（ブタのように）ブーブー鳴く,>>bleki
2根	啃	rod	pejvo	啃	［他］=>rong^i（かじる）
2根	啃	rong^	pejvo	啃	{Ｏ}［他］かじる,=mordeti
2根	啪	krak	pejvo	啪	{Ｏ}［自］（ぱちぱち・ぴしり・ぽきん・めりめり）乾いた音を立てる
2根	啪	knal	piv	啪	【PIV】(ntr (netransitiva)) Brui kiel vipo, krev
2根	喻	trop	pejvo	喻	{Ｏ}【修】言葉のあや,（語の）転用,比喩,=vortfiguro
2根	喻	metafor	pejvo	喻	隠喩の,比喩の
piv単独	嘻	hihi	piv	嘻	【PIV】Eligi tian bruon.
2根	嚎	hurl	pejvo	嚎	［自］（オオカミ・犬が）ほえる,遠吠えする,>>ululi
2根	嚎	ulul	pejvo	嚎	［自］（狼のように長く不吉な）遠吠えをする;（梟などが）ほうほうと鳴く;（サイレンなどが）う
2根	囤	stapl	pejvo	囤	［他］倉庫に集積する,置場に積む
2根	囤	akapar	pejvo	囤	{Ｏ}［他］買占める,=forac^eti;独占する
2根	坛	forum	basic	坛	{Ｏ}フォーラム（公開討論の場）;【史】フォーラム（古代ローマの公共広場）
2根	坛	altar	pejvo	坛	{Ｏ}祭壇
2根	垄	monopol	basic	垄	独占的な;専売の
2根	垛	stak	pejvo	垛	いなむら（稲叢）;（物を積んだ）山;【情】スタック
2根	垛	krenel	pejvo	垛	銃眼のついた;【植】（葉の縁が）鈍鋸歯状の
2根	垫	kusen	basic	垫	{Ｂ}クッション,座布団
2根	垫	matrac	basic	垫	{Ｂ}マットレス（寝床用の厚い敷物）
piv単独	娇	lind	piv	娇	【PIV】Alloge plac^aspekta.
2根	宁	seren	basic	宁	{Ｂ}晴朗な,晴れ晴れした;おだやかな,うららかな,のどかな
2根	宁	prefer	basic	宁	むしろ,なるべく,好んで
2根	宪	konstituci	basic	宪	憲法の;立憲的な
2根	寻	serĉ	basic	寻	(無)
2根	寻	klaft	pejvo	寻	{Ｏ}【史】両手を広げた長さの単位（約1.8〜2.1m）,尋（ひろ）
2根	岁	aĝ	basic	岁	(無)
2根	岗	posten	basic	岗	［自］持ち場についている,部署を守る
2根	庙	templ	basic	庙	{Ｏ}【史】（古代ギリシア・ローマなどの）神殿;【宗】寺院,聖堂,礼拝堂,教会堂;《転》殿堂
piv単独	张	toni	piv	张	【生】【化】【PIV】1 Stato de malforta kontrahig^o de 
2根	归	atribu	pejvo	归	{Ｏ}［他］割り当てる;（〜の）せいにする
2根	忧	angor	pejvo	忧	苦悶の,不安にかられた
2根	怀	sin	basic	怀	{Ｂ}胸部;懐（ふところ）;胎内;《転》内奥;《転》胸の内
2根	态	stat	basic	态	【理】定位の,><astata
2根	态	ekologi	basic	态	(無)
2根	恼	irit	basic	恼	［他］いらだたせる;【医】刺激する
2根	恼	ĉagren	basic	恼	(無)
2根	悬	suspensi	pejvo	悬	【技】【PIV】1 Tuto de la arang^o, kiu ebligas al k
2根	惯	rutin	pejvo	惯	型どおりの,慣例に従った,旧弊な
2根	惯	inerci	pejvo	惯	【理】慣性の;《転》惰性の
2根	懒	pigr	pejvo	懒	《詩》=maldiligenta（怠惰な）
2根	拟	mimik	pejvo	拟	［他］身ぶりや表情で表現する;まねをする
2根	拟	simul	pejvo	拟	［他］【医】（病気の）ふりをする;【学】シミュレートする,模擬実験をする
2根	拧	tord	basic	拧	撚った,曲がりくねった,=tordita
2根	拧	vring	pejvo	拧	［他］=premtordi（絞る）
2根	拼	ortografi	basic	拼	(無)
2根	拼	parget	pejvo	拼	［他］【建】寄せ木張りにする
2根	挥	sving	basic	挥	{Ｂ}［他］振る,振り動かす,ぶらぶらさせる,振り回す,振り上げる;《転》勢いづける
2根	揭	rivel	basic	揭	{Ｂ}［他］（秘密などを）あかす,暴露する;【写】現像する
2根	揭	denunc	basic	揭	{Ｂ}［他］告発する;密告する
2根	搅	agit	basic	搅	{Ｂ}［他］（激しく）揺り動かす,動揺させる,かきたてる;扇動する,あおり立てる;【化】かき
2根	摆	pendol	basic	摆	振り子の
2根	摆	bask	basic	摆	{Ｂ}【服】（衣服の）すそ,たれ
piv単独	撑	steg	piv	撑	【技】【PIV】Peco, kiu kunligas du flankojn de obje
2根	杀	icid	pejvo	杀	(無)
2根	杀	murd	pejvo	杀	{Ｏ}［他］殺害する,（故意に）殺す
2根	查	enket	basic	查	［自］アンケートをとる,調査する;取調べる
2根	栅	krad	basic	栅	格子の;格子の付いた
2根	栅	hurd	pejvo	栅	［他］すのこを張る
2根	桩	stump	basic	桩	{Ｂ}切株,切残り;切れ端;（入場券などの）半券
2根	桩	palis	basic	桩	{Ｂ}杭（くい）,棒杭（ぼうぐい）,支柱
2根	棱	eg^	pejvo	棱	【数】（立体の）辺,稜（りょう）;【機】刃,縁（ふち）,へり,端;【地理】稜線,尾根
2根	歧	diskriminaci	basic	歧	{Ｏ}［他］差別する
2根	污	makul	basic	污	しみのついた;斑点のある
2根	汤	sup	basic	汤	{Ｂ}【料】スープ
2根	泽	glace	pejvo	泽	光沢のある,つや出しした,>>polurita
piv単独	浊	turbid	piv	浊	【地質】【PIV】Mara au^ laga detrito, suspensie tran
2根	涂	ŝmir	basic	涂	(無)
2根	涂	stuk	pejvo	涂	{Ｏ}［他］漆喰（しっくい）を塗る
2根	涩	adstring	pejvo	涩	【医】収斂性の;=adstringagusta（渋い）
2根	满	plen	basic	满	{Ｂ}いっぱいの,満ちた;十分な,完全な,全部の
2根	满	kontent	basic	满	{Ｂ}満足した,甘んじた
piv単独	灿	splend	piv	灿	【PIV】Pompe brila, bele k lukse impresanta.
2根	烦	ted	basic	烦	うんざりするような,くどい,つまらない,退屈な
2根	烦	agac	pejvo	烦	神経を刺激する,いらだたせるような
2根	烫	glad	basic	烫	{Ｂ}［他］アイロンをかける
2根	烫	brog	pejvo	烫	{Ｏ}［他］熱湯をかける;【料】湯がく,湯引く;（熱湯で）やけどさせる
2根	焊	lut	pejvo	焊	{Ｏ}［他］ハンダ付けする,鑞付けする,>>veldi
2根	焊	veld	pejvo	焊	［他］【機】溶接する,>>luti
2根	爱	am	basic	爱	{Ｂ}［他］愛する,好きである
2根	盔	kask	pejvo	盔	{Ｏ}ヘルメット,鉄帽;【史】兜（かぶと）
2根	盔	helm	piv	盔	【史】【PIV】Kasko mezepoka.
2根	矾	alun	pejvo	矾	{Ｏ}【化】ミョウバン
2根	矾	vitriol	pejvo	矾	{Ｏ}《古》【化】礬（ばん）（重金属の硫酸塩）,=sulfato;《般》濃硫酸
2根	砖	brik	basic	砖	{Ｂ}れんが;れんが形のもの
2根	碳	karbon	basic	碳	{Ｏ}【化】炭素（元素，Ｃ）
2根	碳	karbur	pejvo	碳	［他］（内燃機関の燃料を）気化する;【化】（金属を）浸炭処理する
2根	秃	kalv	pejvo	秃	{Ｏ}（頭の）はげた;《転》草木の生えていない
2根	稳	stabil	basic	稳	{Ｏ}安定した,永続する;【理】安定な,>>metastabila,>>nestabila,
2根	稳	aplomb	pejvo	稳	自信に満ちて,落ち着き払って,沈着冷静に;図々しく
2根	竖	vertikal	basic	竖	【数】【理】鉛直の;（地面に）垂直な,縦の,>>horizontala
2根	笼	kaĝ	basic	笼	(無)
2根	糕	kuk	basic	糕	{Ｂ}菓子（一般）;【菓】焼菓子,ケーキ
2根	紧	streĉ	basic	紧	(無)
2根	紧	strikt	pejvo	紧	厳格な,窮屈な;【服】ぴったり合った
2根	纬	latitud	basic	纬	{Ｂ}【地理】緯度,>>longitudo
2根	纬	veft	pejvo	纬	［他］横糸を通す
2根	纺	ŝpin	basic	纺	(無)
piv単独	绕	haspel	piv	绕	【服】【PIV】1 Lata ligna au^ metala tamburo, kiu r
2根	绘	desegn	basic	绘	{Ｂ}［他］描く,素描する,デッサンする;デザインする,設計図をひく,製図する;《転》輪郭を
2根	缀	sufiks	basic	缀	接尾辞の
2根	缀	prefiks	basic	缀	{Ｏ}【Ｇ】接頭辞,>>sufikso
2根	缎	saten	pejvo	缎	{Ｏ}【織】サテン,繻子（しゅす）
2根	缎	damask	pejvo	缎	{Ｏ}【織】ダマスク織,どんす（緞子）
2根	缠	implik	basic	缠	込み入った,複雑な
2根	缠	obsed	pejvo	缠	（観念が）頭から離れない
2根	罗	groc	pejvo	罗	【単】グロス（＝12ダース）
2根	罚	pun	basic	罚	罰の,懲罰の,刑罰の
2根	罚	penal	pejvo	罚	【運】ペナルティー,反則に対する罰
2根	耍	j^ongl	pejvo	耍	{Ｏ}［自］（物を空中に投げる）曲芸をする;手品をする;《転》巧みに扱う
2根	胰	pankreat	pejvo	胰	{Ｏ}【解】すい臓
2根	茧	kal	basic	茧	たこのできた,ごつごつした
2根	茧	kokon	pejvo	茧	{Ｏ}【虫】繭（まゆ）;（クモの）卵嚢（らんのう）
piv単独	荔	lic^i	piv	荔	【植】【PIV】1 G. (Genro) (Litchi el sapindacoj) de
2根	荣	glor	basic	荣	栄光ある,輝かしい
2根	荣	prosper	basic	荣	栄えている,隆盛な
2根	荧	luminesk	pejvo	荧	［自］【理】冷光を発する
2根	获	akir	basic	获	{Ｂ}［他］手に入れる,獲得する,習得する,>>gajni
2根	获	rikolt	basic	获	{Ｂ}［他］収穫する,刈り入れる,採取する;《転》（報いとして）得る,受ける
2根	莺	silvi	pejvo	莺	{Ｏ}【鳥】オナガムシクイ（尾長虫喰）（属）
2根	虑	konsider	basic	虑	{Ｂ}［他］考慮する,考察する;考慮に入れる;（〜と）見なす
2根	蚁	formik	basic	蚁	アリの;《転》（アリのように）勤勉な
piv単独	蜕	mud	piv	蜕	【動】【PIV】S^ang^ig^o de hau^to au^ de hau^ta pro
2根	蝇	muŝ	basic	蝇	(無)
2根	袜	ŝtrump	basic	袜	(無)
piv単独	袭	razi	piv	袭	【史】【PIV】1 En arabaj landoj, ekspedicio farata 
2根	见	vid	basic	见	{Ｂ}［他］見る,見える,目にうつる;会う,面会する;見て気づく,認める,わかる;目撃する
2根	订	mend	basic	订	{Ｂ}［他］注文する,あつらえる,予約する
2根	订	abon	basic	订	予約の
2根	训	trejn	basic	训	訓練の,練習の;養成の
2根	训	instrukci	pejvo	训	［他］指令を与える,訓令を発する
piv単独	识	kogn	piv	识	【哲】【PIV】(tr (transitiva)) Rekoni, percepti, ka
2根	诈	frau^d	pejvo	诈	［他］詐取する,ごまかす,不正行為を働く,>>trompi
2根	诈	artifik	pejvo	诈	策略による,ごまかしの
2根	诊	klinik	basic	诊	【医】臨床の
2根	诚	honest	basic	诚	{Ｂ}正直な,誠実な,実直な;公正な,正当な,まともな,いつわりのない
2根	诚	sincer	basic	诚	{Ｂ}誠実な,率直な;真心のこもった,本心からの
2根	询	konsult	basic	询	{Ｏ}［他］（専門家に）相談する,諮問する;（辞書などを）調べる,参照する
2根	诱	tent	basic	诱	誘うような,そそのかす,気をそそる
2根	诱	indukt	pejvo	诱	帰納的;【理】誘導の
2根	读	leg	basic	读	{Ｂ}［他］読む,音読する;読み取る,解読する;【情】読み取る
2根	课	kurs	basic	课	{Ｂ}講座,講習会,課程;コース,道順,路線;=kurzo（相場）
2根	课	lecion	basic	课	{Ｂ}授業,けいこ,レッスン;学課,課業;（教科書の）課;教訓,戒め
2根	谜	enigm	basic	谜	謎の,謎めいた,不可解な
2根	谜	mister	basic	谜	神秘的な,不可解な,なぞの
2根	谢	dank	basic	谢	感謝の,感謝している
2根	谦	humil	basic	谦	{Ｂ}謙虚な,控えめな;卑下した
2根	谦	modest	basic	谦	{Ｂ}控えめな,謙虚な,慎み深い;質素な,地味な,ささやかな
2根	谨	diskret	pejvo	谨	{Ｏ}口の堅い;控え目な,慎み深い;目立たない
2根	谨	skrupul	pejvo	谨	良心的な,気の小さい,慎重な;細心の,綿密な,きちょうめんな
2根	贞	virg	basic	贞	{Ｂ}純潔な,童貞の,処女の;《転》人手に触れたことのない,未開発の;《転》無垢の
2根	贡	kontribu	basic	贡	{Ｏ}［自］寄与する,貢献する;［他］寄付する,寄稿する
2根	贡	tribut	pejvo	贡	［他］貢ぐ,貢納する,朝貢する
2根	责	riproĉ	basic	责	(無)
2根	责	respons	pejvo	责	=respondeca（責任のある）
2根	败	fiask	basic	败	［自］大失敗する,完全にしくじる
2根	败	defet	piv	败	【PIV】(ntr (netransitiva)) Kredi sin au^ sian p
2根	账	kont	basic	账	{Ｏ}【商】勘定口座,貸借勘定;【情】アカウント
2根	账	faktur	basic	账	［他］【商】仕切状を作成する;請求する
2根	贪	avid	basic	贪	{Ｂ}渇望している;むさぼるような
2根	贬	devalut	pejvo	贬	［他］【経】（通貨の）平価を切下げる
2根	贬	deprec	piv	贬	【PIV】(tr (transitiva)) Redukti la merkatvaloro
2根	费	kost	basic	费	高価な
2根	费	premium	piv	费	【PIV】Monsumo, difinita en la poliso k periode 
2根	赏	aprez	pejvo	赏	［他］真価を認める,高く評価する,>>s^ati;鑑賞する,>>gustumi
2根	赏	gratifik	pejvo	赏	［他］（特別手当として）与える
piv単独	赖	lizin	piv	赖	【化】【PIV】Aminacido, NH 2 -(CH 2) 4-CH(NH 2)-COO
piv単独	赚	lukr	piv	赚	【PIV】(tr (transitiva)) Perlabori: li lukras do
2根	跑	kur	basic	跑	{Ｂ}［自］走る,駆ける;急いで行く;（水などが）流れる
2根	跷	stilz	pejvo	跷	（〜j）竹馬,=pas^stango,=stangirilo
2根	跷	baskul	pejvo	跷	シーソー式の,はね構えの
2根	轧	grinc	basic	轧	{Ｂ}［自］きしむ
2根	轧	laminat	pejvo	轧	［他］【機】（金属を）圧延する
2根	载	ŝarĝ	basic	载	(無)
2根	较	kompar	basic	较	比較の
2根	较	komparativ	pejvo	较	{Ｏ}【Ｇ】比較級
2根	辅	asist	basic	辅	補佐の
2根	辅	konsonant	basic	辅	子音の,子音的な
2根	输	transfuz	pejvo	输	【医】【PIV】(tr (transitiva)) Intravejnen injekti 
2根	迁	migr	basic	迁	移動の,遍歴の;移動性の
2根	迁	emigr	piv	迁	【PIV】(ntr (netransitiva)) Elmigri pro politika
2根	运	port	basic	运	{Ｂ}［他］持っている,抱えている;持ち運ぶ,持って行く;身につけている,携帯する;（責任な
2根	运	fortun	basic	运	幸運,>>destino,>>hazardo,>>fato
2根	违	delikt	pejvo	违	【法】違反,違犯,軽犯罪,>>krimo
2根	邮	poŝt	basic	邮	(無)
2根	邮	filatel	basic	邮	切手収集,郵趣
2根	钝	obtuz	pejvo	钝	{Ｏ}（音・痛みなどが）鈍い,はっきりしない;【数】鈍角の
2根	钝	hebet	piv	钝	【医】【PIV】Trafita de hebeteco.
2根	钠	natr	pejvo	钠	【化】ナトロン,ソーダ石（炭酸ナトリウムを含む）,>>sodo
2根	钳	tenajl	pejvo	钳	［他］ペンチではさむ
2根	钳	h^elicer	piv	钳	【動】【PIV】La unua para membro c^e merostomoj k a
2根	铝	alumini	basic	铝	{Ｂ}【化】アルミニウム
2根	铺	stern	basic	铺	{Ｂ}［他］敷く,敷き広げる;横たえる,なぎ倒す;《転》広げる,繰り広げる
2根	铺	pavim	pejvo	铺	［他］【建】舗装する
2根	销	stift	pejvo	销	［他］くさび栓で留める
2根	销	debit	pejvo	销	［他］売りさばく,小売りする
2根	锁	ŝlos	basic	锁	(無)
2根	锁	serur	basic	锁	{Ｂ}錠,錠前,>>s^losilo
piv単独	锄	rastr	piv	锄	【PIV】Fosilo kun triangula ferplato fiksita aku
2根	锈	rust	basic	锈	［自］さびている;さびる
2根	锈	ured	piv	锈	【植】【PIV】1 Eksa formgenro (Uredo), nomenklature
2根	锐	akr	basic	锐	{Ｂ}鋭い
2根	锐	akut	pejvo	锐	{Ｏ}【数】鋭角の;【病】急性の,><kronika;【楽】高音の
2根	镑	pund	pejvo	镑	{Ｏ}【貨】ポンド（イギリス）,=100 pencoj;ポンド（エジプト・シリアなど）,=1
2根	镑	sterling	pejvo	镑	【貨】英ポンドの
2根	闭	ferm	basic	闭	{Ｂ}［他］閉める,閉じる,閉ざす;《転》終える
piv単独	闷	brez	piv	闷	【PIV】(tr (transitiva)) Kuiri per milda fajro, 
2根	陡	krut	basic	陡	{Ｂ}切り立った,険しい
2根	陡	abrupt	basic	陡	{Ｂ}唐突な,突然の,不意の;ぶっきらぼうな;（崖などが）険しい
2根	隐	ermit	pejvo	隐	{Ｏ}【宗】隠者,隠修士;《転》世捨て人
2根	隐	marabut	piv	隐	【イスラム】【PIV】Asketa ermito.
2根	霉	s^im	pejvo	霉	カビの;かびた,カビの生えた
2根	顽	bub	basic	顽	{Ｂ}いたずらっ子;【遊】（トランプの）ジャック,=fanto
2根	顽	obstin	basic	顽	{Ｂ}頑固な,強情な;不屈の,粘り強い,>>persista
2根	顾	retrospektiv	pejvo	顾	回顧的な,過去を振り返る
2根	颁	dekret	pejvo	颁	［他］【政】（政令を）発令する,布告する
2根	颁	promulg	piv	颁	【法】【PIV】(tr (transitiva)) Oficiale konstati la
2根	颅	krani	basic	颅	頭蓋の
2根	颠	tang	pejvo	颠	［自］【海】縦揺れ（ピッチング）する,>>rulig^i;【楽】タンゴを踊る
2根	颠	atrop	piv	颠	【植】【PIV】G. (Genro) (Atropa el solanacoj) de 4 
2根	颤	trem	basic	颤	{Ｂ}［自］震える,身震いする;揺れる,揺れ動く,震動する;恐れる,びくびくする
2根	飞	flug	basic	飞	{Ｂ}［自］飛ぶ,飛行する;飛ぶように進む,急ぐ
2根	饮	trink	basic	饮	{Ｂ}［他］飲む,>>drinki
2根	饮	drink	basic	饮	{Ｏ}［他］（酒を）飲む,>>trinki
2根	饱	sat	basic	饱	{Ｂ}満腹した,食い足りた;《転》満ち足りた
2根	饱	satur	pejvo	饱	{Ｏ}［他］【理】【化】飽和させる;充満させる,たっぷり満たす
2根	馏	distil	pejvo	馏	{Ｏ}［他］【化】蒸留する
piv単独	驮	ferut	piv	驮	【PIV】Transporti kamionojn au^ remorkojn sur fe
2根	驱	pel	basic	驱	{Ｂ}［他］追う,追いたてる;追いかける;（状態に）駆り立てる,追いやる;【機】駆動する
2根	驻	rezid	pejvo	驻	【情】常駐の
2根	骑	rajd	basic	骑	馬に乗って;馬乗りに
2根	骑	kavaleri	pejvo	骑	{Ｏ}【軍】騎兵隊;【経】融通手形
2根	鲤	karp	basic	鲤	{Ｂ}【魚】コイ（鯉）
2根	鲤	ciprin	pejvo	鲤	【動】コイ（属）,>>karpo
2根	鲨	ŝark	basic	鲨	(無)
2根	鳄	krokodil	basic	鳄	［自］【Ｅ】（Esp.で話すべき場面で）自国語で話す
2根	鸥	mev	basic	鸥	{Ｏ}【鳥】カモメ（鴎）（科）
2根	鸥	lar	pejvo	鸥	【鳥】カモメ（属）,>>mevo
2根	鹤	gru	basic	鹤	{Ｂ}【鳥】ツル
