r	rk	y	yk	r_gloss	y_gloss
adher	附	alg	藻	［自］【理】付着する,=algluig^i	{Ｂ}海藻,も（藻）
adiant	铁线草	har	毛	【植】クジャクシダ（属）,アジアンタム,=harfiliko	{Ｂ}毛（一本）,髪の毛（一本）
adjekt	状	cirkonstanc	况	【Ｇ】状況補語,=cirkonstanca komplemento	{Ｂ}周囲の事情,状況
adolt	成	plen	满	=plenkreska（成熟した）	{Ｂ}いっぱいの,満ちた;十分な,完全な,全部の
advers	敌	kontra	反	=kontrau^aga（敵対している）	
afekci	情	sent	感	感動的な,=emocia	感情の
afid	虫	plant	植	【虫】アブラムシ（油虫）,アリマキ（蟻巻）（科の総称）,=plantla	{Ｂ}［他］植える,植え付ける;（地面に差し込んで）立てる
agrikultur	农	ter	地	農業,=terkultivado,>>bredado	地球の;土の;地上の;【生】陸生の
agr	农	kultiv	栽	農地,=kultivata kampo	［他］（土地を）耕作する,（植物を）栽培する;（生きものなどを）育てる,
ajl	蒜	tub	管	にんにくを含む;にんにく臭い,にんにく味の	管の,管状の
akumulator	蓄电	akumul	累	【電】蓄電池,=akumulilo	［他］蓄積する
ald	中音	kontralt	女低	{Ｏ}【楽】アルト,=kontralto;=aldoviolono（ビオ	{Ｏ}【楽】コントラルト（女声の低音域）,>>aldo,>>sopran
amplif	扩	amplifik	增幅	［他］【理】=amplifiki（増幅する）	［他］【理】増幅する
anagal	草	kamp	田	{Ｏ}【植】ルリハコベ（属）;=kampa anagalo	［自］キャンプする,野営する
anemi	贫血	sang	血	貧血の,貧血症の,=sangomanka	血の,血液の;血まみれの,流血の;血の色をした
anhel	喘	spire	木	［自］あえぐ,息切れする,荒い息をする,=spiregi	【植】【PIV】1 (ss (striktasence)) G. (Ge
apopleksi	卒中	cerb	脑	{Ｏ}【病】卒中,脳卒中,=cerbatako	頭脳的な,脳の
ark	弧	paf	射	{Ｂ}弓形;弓,=pafarko;【数】弧;【建】アーチ;【理】電弧,=	{Ｂ}［他］撃つ,射る,射撃する,射出する,発射する
ark	弧	lum	光	{Ｂ}弓形;弓,=pafarko;【数】弧;【建】アーチ;【理】電弧,=	光の,明るい
arkt	极	nord	北	【地理】北極の,=nordpolusa,><antarkta	北の;北部の,北方の,><suda
arnik	羊菊	mont	山	{Ｏ}【植】ウサギギク（兎菊）（属）;アルニカ,=monta arnik	山の,山岳の
asteri	海星	mar	海	【動】ヒトデ,=marstelo	海の
avanc	进	promoci	升	《稀》［自］【軍】進撃する,=antau^eniri;=promocii	［他］昇進させる,進級させる,=rangaltigi;【遊】（ポーンをク
bagag^	行李	pak	包	（旅行者の）手荷物,=pakaj^o	［他］包む,包装する,荷造りする;【情】（ファイルを）圧縮する
bajt	字节	bit	位	【情】バイト,=bitoko	{Ｏ}【情】ビット
barg^	驳	plat	扁	【海】（港や河川で使われる）平底の荷船,はしけ,バージ,=plats^i	{Ｂ}平たい,薄い,厚みのない;平らな,平坦な,起伏のない;《転》平板な
basbal	棒球	baz	基	【運】野球,=bazopilko	基礎的な;【化】塩基性の
basen	盆	rond	圆	{Ｏ}泉水,ため池;船溜まり;（川の）流域;【地理】盆地,=rondva	円形の,丸い
beb	婴	infan	童	赤ん坊の	子供の,子供らしい
binom	二项	dut	二度	【数】二項式の	【楽】二度音程
bobel	泡	aer	气	=aerveziko（気泡）	空気の,大気の;空の,空中の,航空の;《転》空虚な,実体のない
bolet	菇	tub	管	【菌】イグチ（アミタケ科のキノコの総称）,=tubofungo	管の,管状の
bordel	妓院	prostitu	妓	{Ｏ}売春宿,=prostituejo,=malc^astejo	{Ｏ}［他］売春させる
brasik	菜	kap	头	{Ｂ}【植】キャベツ,=kapobrasiko;（キャベツ、ハクサイ、カ	頭の
bunt	彩	divers	杂	=diverskolora（色とりどりの）	{Ｂ}いろいろな,さまざまな,多種多様な
buton	扣	flor	花	［他］（衣服の）ボタンをかける	花の;花のような
celsius	摄氏	cel	标	【理】セ氏の,摂氏の,=celsia	［他］ねらう,目ざす
cens	普	popol	民	【史】ケンスス（古代ローマで徴税・徴兵を目的とした財産・人口調査）;=p	人民の;民衆の
cim	臭虫	program	程	{Ｏ}【虫】ナンキンムシ（南京虫）;カメムシ（亀虫）の類	プログラムの;綱領の;【芸】標題的な
cist	草	vezik	囊	【植】ゴジアオイ（午時葵）（属）,キスツス;【解】=veziko（嚢胞）	{Ｂ}泡（あわ）,気泡,=aerveziko;【解】嚢胞;《転》（漫画の
citron	果	limon	柠檬	{Ｂ}《般》レモン（慣用）,=limono;【果】シトロン	【果】レモン,>>citrono
dama	鹿	dam	妃	【動】ダマジカ,=damcervo	{Ｏ}貴婦人;（中世の）身分の高い女性への尊称;【遊】（トランプ、チェス
depon	存	sekur	安	{Ｂ}［他］預ける,預金する;【情】（データを）保存する,=sekuri	{Ｂ}安全な,安心できる,危険のない,><dang^era;（攻撃や災害
depresi	低	deprim	沮丧	【経】不況,不景気;【医】=deprimo（うつ病）	意気消沈させる
detal	细	pom	苹	詳しい,詳細な;細かな;小売の	リンゴの
devi	偏	dev	应	［自］それる,外れる;かたよる;《転》逸脱する,=devojig^i	{Ｂ}［自］〜しなければならない;〜にちがいない;〜はずである
dierez	分音	trem	颤	［他］二重母音を分けて発音する	{Ｂ}［自］震える,身震いする;揺れる,揺れ動く,震動する;恐れる,びく
diluv	洪	inund	淹	{Ｏ}【聖】ノアの洪水;《転》大洪水,=inundego	{Ｂ}［他］氾濫する,水浸しにする;《転》あふれる
disertaci	论文	disert	论	（学術）論文,学位論文,=disertaj^o	［自］（学術的に）論じる
dispozici	处	klau^z	款	［他］配置する,>>arang^i;向かわせる	【法】条項,約款（やっかん）
dogan	关	lim	界	{Ｂ}関税,=limimposto,>>akcizo;税関	境界の
dom	屋	hejm	家	家の	家庭の,自宅の;（動物が）飼いならされた
drat	线	metal	金	［他］針金を張る	金属の,金属製の,金属質の,金属的な
drup	核果	kern	核	【植】石果（せきか）（ウメ、モモなど堅い核をもつ多肉果）,=kernof	核の;《転》核心的な,肝要な
dukt	管	kondukt	导	【解】管;【機】導管,=konduktubo	［他］【理】（熱・電気を）伝導する,伝える
eduk	育	kultiv	栽	教育の;教育的な	［他］（土地を）耕作する,（植物を）栽培する;（生きものなどを）育てる,
ejakul	射	sperm	精液	［自］射精する,=spermelj^eti	{Ｏ}【生】精液
ekin	海胆	mark	标	【動】ウニ,=markas^tano	［他］印をつける
ekskori	擦伤	skrap	刮	［他］【医】=skrapvundi（擦りむく）	{Ｂ}［他］削り取る,かき落とす,こそげる;きいきい鳴らす
emeritur	退休金	emerit	退	退職年金,=emerita pensio	退職した;退職者の
emfizem	气肿	pulm	肺	【病】気腫（きしゅ）;=pulma emfizemo	肺の
endokrin	内分泌	send	送	【医】内分泌の,=sendukta	{Ｂ}［他］（物を）送る,発送する;（人を）送り出す,派遣する;《転》投
ensembl	套	muzik	乐	（調和のとれた家具・調度品の）ひとそろい;【服】アンサンブル;【楽】アン	音楽の,音楽的な
ergot	麦角	krur	腿	【植】麦角（ばっかく）;【鳥】蹴爪（けづめ）,=krurungo	{Ｂ}（人・動物の）脚,足（全体）;【解】すね,脚（膝から足首まで）,>
eritrocit	红胞	ru	浸	【解】=rug^a sangoc^elo（赤血球）	［他］（繊維をとるために）浸水する
escept	除	ekskluziv	排	例外的な	{Ｏ}排他的な,独占的な;（〜を）除いた,（〜と）相いれない,><ink
etiket	礼	etiked	标	礼儀作法にかなった	［他］ラベルを貼る,荷札をつける
faden	丝	drat	线	{Ｂ}糸,線;針金,=drato;（話などの）筋,脈絡	［他］針金を張る
faeton	马车	tropik	热带	フェートン（無蓋 の軽四輪馬車）;【鳥】ネッタイチョウ（属）,=trop	回帰線の;熱帯の
faksimil	复	faks	传真	［他］複写する,模写する;【通】模写電送する,=faksi	［他］ファックスで送る,=telekopii
fau^n	兽相	best	兽	【動】動物相,ファウナ,=bestaro	動物の,獣のような
fav	黄癣	tini	头癣	黄癬の	【医】【PIV】Grupa nomo de iaj parazitaj 
ferment	酵	enzim	酵素	{Ｏ}［自］発酵する	【化】酵素
firma	商	firm	坚	【商】商会,商社,=firmo	{Ｂ}堅い,引き締まった;しっかりした,ぐらつかない;《転》堅固な,確固
fizionomi	相	viz	证	{Ｏ}人相,顔つき,容貌,=vizag^aspekto;《転》外観,様相	［他］（旅券に）査証する
flau^r	植相	veget	茂	【植】植物相,フロラ,=vegetaj^aro	植生の;《転》無為の,無気力な
fondus	基金	fond	建	【経】基金,財団,=fondaj^o	{Ｂ}［他］創立する,創設する,創建する;根拠を置く
fork	叉	mang	芒果	フォーク状の	{Ｏ}【果】マンゴー（の実）
fornel	炉	kuir	烹	【料】レンジ,=kuirforno	料理の,調理の
forst	林	kultiv	栽	【農】育成林,=kultivarbaro	［他］（土地を）耕作する,（植物を）栽培する;（生きものなどを）育てる,
fotel	扶椅	brak	臂	{Ｂ}肘掛け椅子,=brakseg^o	{Ｂ}腕
fot	拍	fotograf	照	［他］写真にとる,撮影する,=fotografi	
frid	冷	malv	葵	《詩》=malvarma（冷たい）;【理】冷却の	薄紫色の,ふじ色の
fuort	堡	fortik	坚	【軍】砦（とりで）,堡塁（ほうるい）,=fortikaj^eto	{Ｂ}堅固な,頑丈な,頑健な;要塞化した
futbal	球	pied	足	【運】サッカー,=piedpilko	足の,下部の
futur	未	est	是	【Ｇ】未来（時制）,=os-tempo;《詩》=estonteco（未来	{Ｂ}［自］（〜）である;いる,存在する
gang	脉石	c^ir	卷须	【地質】脈石（みゃくせき）,=c^irkau^minaj^o	【植】【PIV】1 Maldika, volva organo de g
gasteroste	刺鱼	dorn	刺	【魚】イトヨ（属）;トゲウオ,=dornfis^o	とげのある,いばらの;《転》苦難の
gavi	潜鸟	kol	颈	【鳥】=kolimbo（アビ）	{Ｂ}【解】首;《転》首状に細くなった部分
gazon	草坪	raz	剃	芝生（しばふ）,=razeno,=herbotapis^o	{Ｂ}［他］〜の毛をそる
gazon	草坪	herb	草	芝生（しばふ）,=razeno,=herbotapis^o	{Ｂ}草;牧草,芝草;【植】草本
genetik	遗传	gen	生	遺伝学の,遺伝の;=gena（遺伝子の）	【生】遺伝子の,遺伝の
geotrup	虫	sterk	粪	【虫】センチコガネ（属）,=sterkoskarabo	［他］肥料を施す
gingiv	牙肉	dent	齿	【解】歯肉,歯茎,=dentokarno	歯の;歯のついた
gis	铸	muld	型	［他］【機】鋳造する,=muldi	{Ｏ}［他］型に入れて作る,鋳造する;型を取る,鋳型をとる
glir	睡鼠	dorm	睡	【動】オオヤマネ,=dormomuso	{Ｂ}［自］眠っている;《転》休止している
globul	血球	sang	血	【解】=sangoc^elo（血球）	血の,血液の;血まみれの,流血の;血の色をした
grac	恩	di	神	【宗】恩寵,神の恵み,=difavoro	神の;神のような,この上なくすばらしい
grenad	手雷	mang	芒果	{Ｏ}【軍】擲弾（てきだん）,>>obuso;手榴弾（しゅりゅうだん）,	{Ｏ}【果】マンゴー（の実）
gruz	砾	kart	卡	［他］砂利を敷く	{Ｂ}カード,（紙の）札;はがき;地図;（トランプの）札;【電】基板
gum	胶	frot	擦	［他］ゴムを塗る;ゴムを加える	{Ｂ}［他］摩擦する,こする
harmonik	琴	bus	车	{Ｏ}【楽】ハーモニカ,=bus^harmoniko;【楽】=harmo	【車】バス,=au^tobuso
harmonik	琴	harmoni	谐	{Ｏ}【楽】ハーモニカ,=bus^harmoniko;【楽】=harmo	調和した;【楽】和声の
heliant	向日葵	sun	阳	【植】ヒマワリ（向日葵）（属）,=sunfloro	太陽の;日当たりのよい
helic	螺	pel	驱	{Ｏ}【数】つるまき線,>>spiralo;【海】スクリュー;【空】プロ	{Ｂ}［他］追う,追いたてる;追いかける;（状態に）駆り立てる,追いやる
helik	螺	spiral	旋	カタツムリの;螺旋（らせん）状の,=spirala	らせん形の,渦巻き状の
helik	螺	volv	卷	カタツムリの;螺旋（らせん）状の,=spirala	{Ｂ}［他］巻く;巻きつける
hemoragi	出血	sang	血	【医】出血性の	血の,血液の;血まみれの,流血の;血の色をした
hepatik	肝草	hepat	肝	【植】スハマソウ（属）,=hepatherbo	肝臓の
hermafrodit	两性	am	爱	=ambau^seksa,両性具有の,半陰陽の;【動】雌雄同体の;【植】	{Ｂ}［他］愛する,好きである
hil	蛙	verd	绿	【動】アマガエル（雨蛙）（属）,=verda rano	{Ｂ}緑の,緑色の;草木の茂った,青々とした;生の,未成熟の,青い;【Ｅ
hirund	燕	dom	屋	{Ｂ}【鳥】ツバメ（属）;=domhirundo	家の
his	升	supr	顶	［他］【海】（帆を）あげる;（旗を）掲げる,=suprentiri	上方の
holoturi	海参	mark	标	【動】ナマコ（海鼠）（綱の総称）,=markolbaso	［他］印をつける
humor	情	humur	谐	気質の;機嫌のよい	ユーモラスな,こっけい味のある
ikon	圣像	sankt	圣	【キ】（ギリシア正教の）聖画像,イコン,=sanktfiguro	{Ｂ}【宗】神聖な,聖なる;《転》尊重すべき,神聖不可侵の
ileks	冬青	akvifoli	木	{Ｏ}【植】モチノキ（属）;セイヨウヒイラギ,=akvifolio	【植】【PIV】1 (ark. (arkaismo, arkaisme)
incendi	焚	brul	燃	火災の,=brulega;放火の,=bruliga	燃えるような,燃焼の
indic	征	indik	指	［他］気配を示す;指数で示す	{Ｂ}［他］指し示す,示す,表す
inflam	炎	brul	燃	［自］炎症を起こしている	燃えるような,燃焼の
influenc	感	elektr	电	【理】=elektrostatika induko（静電誘導）;【病】=	電気の;電動の
influenc	感	grip	流感	【理】=elektrostatika induko（静電誘導）;【病】=	{Ｂ}【病】インフルエンザ
interez	利	rent	租	【経】利子,利息,金利,=rentumo;利潤	{Ｂ}地代,賃貸料;金利収入
invest	投资	investitur	任	［他］【経】投資する;《古》=investituri（任命する）	［他］（儀式を伴って）任命する,>>enoficigi
jah^t	游艇	jakt	艇	【海】=jakto（ヨット）	【海】ヨット
jard	码	vel	帆	【単】ヤード（＝91.44cm）;【海】ヤード,帆桁（ほげた）,=vel	帆の
j^uri	陪审	jug	束缚	【法】陪審;《転》（コンテストなどの）審査員団,=jug^antaro	［他］くびきにつける;束縛する;隷属させる
kamer	室	kamera	摄	{Ｏ}暗室,窓のない小部屋;【機】（密閉した）箱;【光】暗箱;【映】=k	【映】（動画撮影用）カメラ,>>fotilo
karaktr	字	sign	符	【情】文字,キャラクター,=signo	［他］しるしをつける,（しるしで）示す;合図する
kardi	心	kardj	胃门	【貝】ヨーロッパザルガイ（食用の二枚貝）;【解】=kardjo（噴門）	【解】【PIV】(ostium cardiacum) Ezofaga a
karik	木瓜	kareks	草	【植】パパイヤ（属）,>>papajo;【植】=karekso（スゲ）	【植】スゲ（属）
karton	板	muld	型	［他］厚紙の表紙で製本する	{Ｏ}［他］型に入れて作る,鋳造する;型を取る,鋳型をとる
katarakt	白内障	kaskad	级	{Ｏ}【病】白内障	（多段式の）滝,>>akvofalo;《転》次々と起こること
katastr	地籍	teren	地	［他］地籍調査する,土地台帳に記載する	{Ｂ}（特定用途に仕切られた）土地,用地,敷地,区画,地域,〜場;地所;
kateh^iz	教理	katekiz	诲	{Ｏ}［他］=katekizi（問答で教える）	{Ｏ}［他］【キ】（教理を）問答で教える
kazern	营	soldat	兵	{Ｏ}【軍】兵営,兵舎,=soldatejo	{Ｂ}兵士,軍人
keloni	龟	martes	兽	【動】ウミガメ（科の総称）,=martestudo;アオウミガメ（属）	【動】【PIV】1 G. (Genro) (Martes) de mam
kidnap	拐	fork	叉	［他］誘拐する,=forkapti,>>infans^teli	フォーク状の
kiras	甲	kara	藻	［他］装甲する	【植】【PIV】G. (Genro) (Chara el karaaco
klap	瓣	valv	阀	{Ｏ}片開きの弁状のもの;【機】弁;（片側を蝶番で固定した）はね板;（ポ	【機】弁,バルブ;（タイヤの）チューブバルブ;【電】整流管;【生】弁;【
knedlik	面团	past	糊	《Ｎ》【料】団子,=pastobulo	{Ｂ}【料】ペースト,ねり粉,生地;ペースト状のもの
kodeks	典	farmak	药	{Ｏ}（冊子状の）古写本,古文書;【薬】=farmakopeo（薬局方）	
koit	交	seks	性	［自］交接する,性交する,=sekskunig^i	性の,性的な
kolier	项链	kol	颈	ネックレス,=kolc^eno	{Ｂ}【解】首;《転》首状に細くなった部分
kolofon	松香	rezin	脂	{Ｏ}【化】ロジン,=rezinaj^o	樹脂の,樹脂質の,樹脂製の
kolon	柱	kolumn	栏	{Ｂ}【建】円柱,柱;記念柱;《転》柱状のもの;《転》大黒柱（人）;【印	{Ｂ}【印】（縦の）欄;（新聞の）コラム;（縦の）列;【遊】（チェス盤な
kolor	色	sonk	草	色のついた	【植】【PIV】G. (Genro) (Sonchus el aster
kolumn	栏	vertikal	竖	{Ｂ}【印】（縦の）欄;（新聞の）コラム;（縦の）列;【遊】（チェス盤な	【数】【理】鉛直の;（地面に）垂直な,縦の,>>horizontala
kolz	油菜	ole	油	{Ｏ}【植】（セイヨウ）アブラナ,=oleonapo;《般》菜の花	油の;油性の,油を含んだ
komentari	注	koment	评	{Ｏ}［他］注釈をつける,注解する;=komenti（論評する）	{Ｏ}［他］論評する,解説する;=komentarii（注釈をつける）
komerc	商	intern	内	商業的な	{Ｂ}内部の,内側の;国内の;内心の,精神的な
kompiler	编译	traduk	译	［他］【情】=traduki（コンパイルする）	翻訳の,翻訳に関する
komplic	同谋	krim	罪	【法】共犯者,=kunkulpulo;（犯罪の）加担者,=krimhel	犯罪の;罪のある
koncentr	集	sam	同	集中的な,濃厚な;《古》=samcentra（同心の）	{Ｂ}同一の,同じ;同種の,同様の
kondiment	佐	spic	香	［他］【料】味付けする	香辛料の;《転》ぴりっとした
konduk	导	stir	驾	{Ｂ}［他］導く,連れて行く,案内する;至る,通じる;指揮する;運転する	{Ｏ}［他］操縦する,運転する
konfekci	成衣	pret	备	既製服の,=pretkudrita	{Ｂ}用意の整った,準備のできた;即応できる;覚悟のできた,喜んで〜する
konfirm	确	konfirmaci	坚信礼	証拠として;承認して	［他］【キ】堅信を授ける
konfront	对质	kontra	反	［他］【法】（法廷で）対質させる;《般》対決させる,=kontrau^s	
konstelaci	星座	stel	星	【天】星座,=stelfiguro	星の,星形の
korn	角	hup	鸣	角の,角製の	［自］【車】警笛を鳴らす
korol	花冠	petal	瓣	{Ｏ}【植】花冠（かかん）,=petalaro	{Ｏ}【植】花弁,花びら,=korolfolio
korsar	私掠	kaper	劫	{Ｏ}【史】私掠船船長,私掠船乗組員,=kaperisto,>>pira	［他］（敵船を）私掠（しりゃく）する,捕獲する
kript	墓窖	c^ifr	密	地下墓室の	暗号の
krisol	熔锅	fand	熔	【化】るつぼ,=fandvazo	{Ｂ}［他］（熱で）溶かす;鋳造（ちゅうぞう）する
krit	临界	sojl	槛	【理】臨界の,=sojla	【理】臨界の
kriz	危	sojl	槛	危機的な;=sojla（臨界の）	【理】臨界の
kuf	帽	hup	鸣	{Ｏ}【服】ボンネット（飾りのない婦人帽の一種）;（鳥の）羽冠,=hup	［自］【車】警笛を鳴らす
kupl	连	kluc^	合	［他］【機】【鉄】【電】連結する,つなぐ;【理】（相互作用で）結合させる	［他］【機】クラッチを入れる
kurkuli	象甲	bek	嘴	【虫】ゾウムシ（科）,=bekskarabo;シギゾウムシ（属）,>>k	［他］（くちばしで）つつく;［自］さえずる
kurs	课	kurz	价	{Ｂ}講座,講習会,課程;コース,道順,路線;=kurzo（相場）	{Ｏ}【経】相場（価格）,時価
labil	易变	nest	巢	【理】不安定な,=nestabila	［自］巣を構える,巣を作る;（巣に）すんでいる
langvor	倦	malv	葵	【詩】=malviglo（無気力）	薄紫色の,ふじ色の
laz	套	kapt	捕	［他］投げなわで捕らえる	{Ｂ}［他］つかまえる,捕らえる;つかむ,把握する;とりこにする
libertin	荡	liber	自由	【史】解放奴隷;【哲】自由思想家,=liberpensulo	{Ｂ}自由な;独立の,束縛されない,免れた;ひまな,空いている,広々した
lic	许	est	是	［自］《稀》=esti permesata（許されている）	{Ｂ}［自］（〜）である;いる,存在する
lingvistik	学	lingv	语	言語学の	言語の
livi	鸽	rok	岩	【鳥】カワラバト（河原鳩）（種）,=rokkolombo	岩の,岩石からなる;岩に覆われた
lobi	游说	prem	压	［自］（公職者・議員に対して）陳情する,運動する	押しつけるような,重苦しい
lotus	莲	lot	签	{Ｂ}【植】ハス（蓮）,スイレン（睡蓮）;【建】ロータス模様,睡蓮（すい	くじで,くじ引きで,抽選で
lozang^	菱	pastel	含片	{Ｏ}（紋章の）菱形紋;（宝石の）菱形面;（ひし形の）糖衣錠,=past	{Ｏ}【菓】ドロップ;（薬用の）トローチ,糖衣錠
lukan	锹甲	cerv	鹿	【虫】クワガタムシ（属）,=cervskarabo	{Ｂ}【動】シカ（鹿，属）;シカ（科）
male	捶	mor	俗	［他］槌で打つ	{Ｂ}風俗,慣習,風習,習わし,>>kutimo
maleol	脚腕	pied	足	{Ｂ}【解】くるぶし（踝）;=piedartiko（足首）	足の,下部の
manikur	美甲	man	手	［他］マニキュアを施す,=manflegi	手で
map	图	bild	画	［他］地図を作る;【数】写像する,=bildigi	絵を用いた
markot	压	s^os	芽	［他］【園】取木する	［自］若枝を伸ばす,ひこばえを生じる
marmit	锅	kuir	烹	【料】なべ（鍋）,=kuirpoto	料理の,調理の
masakr	屠	amas	堆	［他］大虐殺する,殺戮する,皆殺しにする,=amasbuc^i	大量の
maskl	雄	vir	男	《稀》=virseksa（雄の）	男の;男のような
mas^	眼	ventr	腹	{Ｏ}編み目;（網の）目;【理】（定常波の）腹,=ventro	腹の,腹部の
megom	兆	mega	百万	【電】=megaomo（メガオーム）	
melankoli	郁	deprim	沮丧	憂鬱な,ふさぎ込んだ,もの悲しい;鬱病の	意気消沈させる
menstru	月经	monat	月	{Ｏ}［自］【医】月経がある,（俗に）生理がある	一ヶ月の,毎月の
meteor	陨	fals	伪	{Ｏ}【天】流星,=falstelo;【気】大気現象,=atmosfer	偽の
meteor	陨	atmosfer	气	{Ｏ}【天】流星,=falstelo;【気】大気現象,=atmosfer	{Ｏ}大気;雰囲気;【理】気圧（気圧の単位，atm）
mim	仿	mimik	拟	［他］=mimiki（身ぶりや表情で表現する）	［他］身ぶりや表情で表現する;まねをする
mim	仿	pantomim	哑剧	［他］=mimiki（身ぶりや表情で表現する）	{Ｏ}【劇】パントマイム,無言劇
ministeri	部	ministr	臣	省の	大臣の
minoritat	少数	nep	孙	少数派,マイノリティー,=malplimulto,><majoritat	{Ｂ}孫
mirmekofag	兽	formik	蚁	【動】オオアリクイ（大蟻喰）,=formikurso	アリの;《転》（アリのように）勤勉な
mitral	机枪	mas^	眼	【軍】機関銃,=mas^inpafilo	{Ｏ}編み目;（網の）目;【理】（定常波の）腹,=ventro
mjel	髓	spin	脊	【解】脊髄（せきずい）,=spina medolo	{Ｏ}背骨,脊柱,=vertebraro;【解】棘（きょく）;《転》山稜
model	模	modl	塑	模範的な	［他］（粘土・ロウなどで）形を作る,造形する
model	模	muld	型	模範的な	{Ｏ}［他］型に入れて作る,鋳造する;型を取る,鋳型をとる
molar	臼	grand	大	【解】大臼歯,=granda mueldento;臼歯（きゅうし）,=m	{Ｂ}大きい,強大な,多大の,偉大な
molar	臼	muel	磨	【解】大臼歯,=granda mueldento;臼歯（きゅうし）,=m	{Ｂ}［他］（ひきうすなどで）挽く,粉にする,細かく砕く;押しつぶす
monitor	监	vid	见	［他］【機】モニタリングする	{Ｂ}［他］見る,見える,目にうつる;会う,面会する;見て気づく,認める
monitor	监	varan	龙	［他］【機】モニタリングする	【動】オオトカゲ（科）
motacil	鸟	vost	尾	【鳥】セキレイ（鶺鴒）（属）,=vostskuanto	尾の;《転》後尾の
mung	擦鼻	naz	鼻	［他］洟（はな）をかんでやる,洟をかむ,=nazpurigi	鼻の
naci	族	regn	国	民族の;国民の;国立の,国の	国の,国家の
naft	原油	krud	粗	{Ｏ}【化】ナフサ;《般》原油,=kruda petrolo	{Ｂ}生の,未加工の;粗野な,荒々しい
nap	油菜	rap	萝卜	{Ｏ}【農】カブ,カブラ（蕪）,=rapo;【植】セイヨウアブラナ（種）	{Ｏ}【植】カブ,カブラ（蕪）（種）
narkotik	麻醉	narkot	麻	{Ｏ}【医】麻酔薬,=narkotaj^o	麻酔性の;眠気を催すような
navig	航	mar	海	［自］【海】航行する,=marveturi;【空】航行する,=aerve	海の
navig	航	aer	气	［自］【海】航行する,=marveturi;【空】航行する,=aerve	空気の,大気の;空の,空中の,航空の;《転》空虚な,実体のない
nerv	神经	nervoz	躁	神経の;=nervoza（神経質な）	{Ｂ}神経質な,神経の細い,いらだった
nimfe	睡莲	akv	水	【植】スイレン（睡蓮）（属）,=akvolilio	水の;【生】水生の
nimf	精	vulv	外阴	{Ｏ}【神】ニンフ（ギリシア神話の水の精）;【虫】若虫（わかむし）;【解	陰門の,外陰部の
nostalgi	怀旧	hejm	家	郷愁に満ちた	家庭の,自宅の;（動物が）飼いならされた
nukle	核	atom	子	核の;有核の;【理】原子核の	原子の;原子力の,核の
oblikv	斜	supr	顶	{Ｂ}斜めの,傾斜した	上方の
okup	占	eko	境	{Ｂ}［他］占めている,占有している,占領している;=ekokupi;専	
operaci	操	operac	作战	［他］【医】手術する;【商】操作する;【数】【情】演算する	【軍】作戦,軍事行動
orbit	轨	okul	目	［自］軌道を描いて回る	目の
orkid	兰	testik	丸	【植】ハクサンチドリ（属）,オルキス;【解】精巣,睾丸（こうがん）,=t	{Ｏ}【解】精巣,睾丸（こうがん）
ostag^	人质	garanti	保	［自］人質になっている	保証の,担保の
oval	椭圆	ov	卵	{Ｏ}卵形線の;卵形の,=ovoforma	{Ｂ}卵（たまご）,鶏卵;【生】卵（らん）,>>frajo
pad	径	voj	路	（野山や森の）小道,細道,=vojeto	［自］たどる,進む;道を行く,=vojiri
paradize	极乐鸟	paradiz	天	【鳥】フウチョウ（風鳥）,ゴクラクチョウ（極楽鳥）（科の総称）,=par	天国の;楽園の,極楽の
parvenu	升	nov	新	［自］成り上がる	{Ｂ}新しい,新規の,最新の;新品の,できたばかりの
pas	过	pase	昔	=pasema（一時的な）	《詩》=pasinteco（過去）;=pasintaj^o（昔のこと）
pase	昔	pasi	情	《詩》=pasinteco（過去）;=pasintaj^o（昔のこと）	情熱的な,熱烈な
pau^t	翘嘴	lip	唇	［自］口をとがらす,ふくれ面をする,=lipmieni	唇の
penik	笔	kvast	穗	［自］筆で描く,はけで塗る	{Ｏ}ふさ飾り
penik	笔	grapol	串	［自］筆で描く,はけで塗る	（花や果実の）房;【植】総状花序
perkut	撞	frap	敲	《稀》［他］（硬い物体が）打撃を与える,衝撃を与える,=frapi;【医	{Ｂ}［他］たたく,打つ;たたいて音を出す;はっとさせる,驚かす
perl	珠	bi	生	真珠の,真珠のような,真珠色の	
perpendikl	垂	ort	直角	【数】垂直の;【数】=orta（直角の）	【数】直角の
perpendikular	垂	ort	直角	垂直な,=perpendikla	【数】直角の
petiol	叶柄	foli	叶	【植】葉柄,=folitigo	［自］葉をつける;［他］=foliumi
pic^	阴户	vulv	外阴	《俗》=vulvo（陰門）	陰門の,外陰部の
pic^	阴户	tonal	调	《俗》=vulvo（陰門）	
plant	植	veget	茂	{Ｂ}［他］植える,植え付ける;（地面に差し込んで）立てる	植生の;《転》無為の,無気力な
plint	础	plank	板	【建】（柱や彫刻台の下の四角い）柱礎,台座;【建】根石;【建】=plan	［他］床を張る
pluk	摘	pin	松	［他］（花や実を）摘む,摘みとる,>>des^iri;つまみ上げる;【楽	{Ｂ}【植】マツ（松）（属）
plural	复数	plur	多	{Ｂ}【Ｇ】複数,=plurnombro,>>singularo	
pojn	腕	man	手	【解】手首,=manradiko	手で
polen	粉	flor	花	［他］【植】受粉させる,授粉する	花の;花のような
poligon	多角	plur	多	{Ｏ}【植】タデ（蓼）（属）;【数】多角形,=plurangulo;《古	
poligon	多角	fagopir	麦	{Ｏ}【植】タデ（蓼）（属）;【数】多角形,=plurangulo;《古	【植】ソバ（蕎麦）（属）;ソバの実
polm	掌	man	手	【解】手のひら,=manplato	手で
polo	马球	male	捶	【運】ポロ,=maleopilko	［他］槌で打つ
postic^	伪	imit	仿	=falsaj^o（模造品）,=imitaj^o	{Ｂ}［他］まねる,模倣する;見習う;模造する
potas	钾碱	kau^stik	蚀	{Ｏ}【化】灰汁（あく）,カリ（炭酸カルシウムの俗称）;=kau^sti	【化】苛性（かせい）の,腐食性の;《転》辛辣（しんらつ）な,痛烈な
povr	贫	kompat	怜	《詩》=kompatinda（哀れな）;=malric^a（貧しい）	慈悲の,哀れみの
preskrib	规	recept	方	{Ｂ}［他］（法などが）命じる,規定する;【医】処方する,=recept	［他］【医】処方する,=preskribi
primar	原	paleozoik	古生	【学】第一の,一次の,原初の,最初の,>>sekundara;《古》第一	古生代の
princ	侯	reg	治	君主の;君主にふさわしい	【機】制御の;【生】優性の
proced	办	procez	程	{Ｂ}［自］手順を進める,処理を行う	経過,過程,進展,成り行き,>>progresado;【情】プロセス
procedur	程	jug	束缚	［自］訴訟手続をとる	［他］くびきにつける;束縛する;隷属させる
procent	率	interez	利	{Ｂ}パーセント,=elcento;利率,利回り;利息,利子,=inte	【経】利子,利息,金利,=rentumo;利潤
progresi	进	vic	列	【数】数列,=vico	列になって,順に並んで
prohibici	禁	leg	读	［他］【法】（製造・売買を法的に）禁止する,=leg^e malperm	{Ｂ}［他］読む,音読する;読み取る,解読する;【情】読み取る
promoci	升	rang	级	［他］昇進させる,進級させる,=rangaltigi;【遊】（ポーンをク	［自］〜の位にある
promoci	升	dam	妃	［他］昇進させる,進級させる,=rangaltigi;【遊】（ポーンをク	{Ｏ}貴婦人;（中世の）身分の高い女性への尊称;【遊】（トランプ、チェス
propedeu^tik	预科	prepar	备	予備教育の	準備の
proviant	粮	proviz	供	［他］（軍隊に）食糧を補給する,=provizumi	予備の
pup	偶	gant	手套	{Ｂ}人形;指人形,=gantopupo;【虫】さなぎ（蛹）;《転》（軽	［他］手袋をはめる
radik	根	radikal	彻	根の;《転》根本的な,根源的な;【植】根生の;【Ｇ】語根の;【数】根の	{Ｏ}根本的な,徹底的な;【政】急進的な,急進派の,過激な
radi	射	radius	半径	ラジオ（放送）の	【数】半径の;【解】橈骨の
reakci	反应	rea	美洲鸵	反動的な;反動の,反応の	【動】【PIV】G. (Genro) (Rhea) de S-Ameri
reaktor	反应堆	reakci	反应	【化】反応装置;【理】原子炉;【空】ジェットエンジン,=reakcimo	反動的な;反動の,反応の
redakci	部	redakt	编	編集部の	{Ｂ}［他］（記事・文書を）書く,まとめる;（新聞・雑誌を）編集する
reflekt	反射	simetri	称	【理】反射の	左右対称の,均斉のとれた
reflektor	镜	reflekt	反射	【車】ヘッドライト;=reflektilo（反射鏡）	【理】反射の
registr	录	ton	调	［他］登録する,記載する,記録する,書留にする;《転》記憶にとどめる	{Ｂ}【楽】（一定の音高の）楽音,音;【楽】主音,=toniko;【楽】
reklamaci	诉	kompens	补	［自］不服を申し立てる,苦情を申し出る,=plendi	補償の,賠償の
relikv	遗物	sankt	圣	【宗】聖遺物;（聖者の）遺骨,遺品,=sanktrestaj^o;【生】	{Ｂ}【宗】神聖な,聖なる;《転》尊重すべき,神聖不可侵の
remiz	库	vetur	乘	［他］車庫に入れる,小屋に入れる	{Ｂ}［自］（乗り物で）行く;（乗り物が）行く,運行する
reporter	记者	raport	报	《稀》=raportisto（レポーター）	{Ｂ}［他］報告する,伝える;報道する;答申する
respons	责	respond	答	=respondeca（責任のある）	答えの,返答の;一致する,対応する;責任のある
resurekt	复活	rev	幻	［自］【キ】=revivig^i（復活する）	空想的な,夢のような
retret	退	ret	网	［自］【軍】=retirig^i（退却する）	網の,網状の;ネットワークの,インターネットの
rilaks	缓	rel	轨	【理】緩和,=relaso	{Ｂ}【鉄】レール,軌条;（手すりや柵の）横棒,横木
rip	肋	nerv	神经	{Ｂ}【解】肋骨（ろっこつ）,あばら骨;【植】葉脈,=nervuro;【	神経の;=nervoza（神経質な）
rong^	啃	mord	咬	{Ｏ}［他］かじる,=mordeti	かみつくような,辛らつな;【化】腐食性の
ruf	赤褐	flav	黄	《詩》=flavrug^a（赤褐色の）	{Ｂ}黄色い,黄色の
rur	乡	kamp	田	《詩》=kamparo（田園）	［自］キャンプする,野営する
sake	酒	riz	米	【料】酒,日本酒,=rizvino	{Ｂ}【植】イネ（稲）（種）;《般》米（粒）;【料】米飯,ライス
salping	卵管	ov	卵	【解】卵管,=ovodukto	{Ｂ}卵（たまご）,鶏卵;【生】卵（らん）,>>frajo
sangvin	乐	sang	血	（気質が）陽気な,楽天的な;多血質の,=sangoplena	血の,血液の;血まみれの,流血の;血の色をした
seks	性	genr	属	性の,性的な	{Ｏ}【Ｇ】性;【生】（分類学上の）属
sekundar	次	mez	中	【学】第二の,二次の,>>primara;《古》第二紀の,=mezozo	まん中の,中央の;中くらいの,中間の;並の,平均的な
semestr	期	jard	码	半期ごとの,半年ごとの,=jarduona	【単】ヤード（＝91.44cm）;【海】ヤード,帆桁（ほげた）,=vel
sem	种	sperm	精液	［他］（〜の）種をまく;《転》まき散らす;（うわさなどを）振りまく	{Ｏ}【生】精液
silur	鱼	kat	猫	{Ｏ}【魚】ヨーロッパナマズ（属）;《般》ナマズ（鯰）（目の総称）,=k	猫の,猫のような
sinkop	切分	sven	昏	{Ｏ}【楽】シンコペーション;【医】=sveno（失神）;【語】語中音省	気を失って
sism	震	ter	地	【地質】=tertremo（地震）	地球の;土の;地上の;【生】陸生の
situaci	况	situ	位	［自］《古》=situi（位置する）	［自］位置する,場所にある
skafald	架	trab	梁	［自］足場を組む	{Ｏ}【建】梁（はり）,桁（けた）;角材
skal	度	gam	阶	{Ｂ}尺度,目盛,縮尺;《転》規模,スケール;【楽】=gamo（音階）	{Ｏ}【楽】音階;全音域;《転》あらゆる段階,全範囲
skarab	甲	kole	胆	{Ｏ}【虫】タマオシコガネ,スカラベ（属）;《般》コガネムシ（黄金虫・金	【化】【医】【PIV】Galo 1 (pref-e (prefikse)
skrot	阴囊	testik	丸	【解】陰嚢（いんのう）,=testikujo	{Ｏ}【解】精巣,睾丸（こうがん）
sled	雪车	glit	滑	［自］そりで行く	つるつるした,ぬるぬるした;=glitiga
sodomi	肛交	anus	肛	［他］肛門性交を行う,=anuse seksumi	肛門の
solvent	偿	pag	付	{Ｏ}【商】（債務の）支払能力のある,=pagokapabla	{Ｂ}［他］払う,支払う;《転》仕返しする;《転》償いをする
sor	腾	supr	顶	［自］【空】（気流に乗って）上昇する,舞い上がる,=suprenglis	上方の
spekulaci	投机	spekul	投	=spekuli（投機をする）	投機的な
spin	脊	vertebr	椎	{Ｏ}背骨,脊柱,=vertebraro;【解】棘（きょく）;《転》山稜	椎骨の,脊椎の;脊椎のある
spion	谍	gvat	监	［他］スパイする,ひそかに探る;《転》監視する,=gvati	［他］様子をうかがう,見張る,>>observi
spok	辐	rad	轮	【機】（車輪の）スポーク,=radradio,=dratradio	車輪の;車輪のついた
spok	辐	drat	线	【機】（車輪の）スポーク,=radradio,=dratradio	［他］針金を張る
spur	迹	pied	足	［他］足跡をたどる;【情】トレースする	足の,下部の
stadi	阶	stadion	赛场	{Ｂ}（発展の）段階,程度,時期;【史】スタジオン（=約180m）;=s	{Ｂ}スタジアム,競技場
stapl	囤	stok	储	［他］倉庫に集積する,置場に積む	［他］【商】ストックする,仕入れる;蓄える
stapl	囤	kas	库	［他］倉庫に集積する,置場に積む	{Ｂ}金庫;会計
stereotip	套	klis^	铸版	ステロ版の;《転》きまり文句の,紋切型の	{Ｏ}［他］【印】ステロ版にとる
sterling	镑	bri	苔	【貨】英ポンドの	【植】【PIV】G. (Genro) (Bryum el briacoj
stilz	跷	pas	过	（〜j）竹馬,=pas^stango,=stangirilo	=pasema（一時的な）
stilz	跷	stang	杆	（〜j）竹馬,=pas^stango,=stangirilo	{Ｂ}棒,さお,柱,>>bastono,>>vergo,>>fosto
stov	炉	hejt	热	ストーブ,=hejtoforno	{Ｂ}［他］（炉などに）火をたく;（部屋を）暖房する
strangol	绞	prem	压	{Ｏ}［他］首を絞める,絞め殺す,=premsufoki	押しつけるような,重苦しい
string	勒	c^ir	卷须	［他］締めつける,握りしめる,抱きしめる,=c^irkau^premi,	【植】【PIV】1 Maldika, volva organo de g
stumbl	绊	fal	落	［自］つまずく,よろめく,=faleti;《転》とちる,言い間違える	{Ｂ}［自］落ちる,落下する;倒れる,転ぶ;降る;《転》滅びる
sturm	突	kur	跑	［他］【軍】突撃する,襲撃する,=kurataki	{Ｂ}［自］走る,駆ける;急いで行く;（水などが）流れる
substitu	替	ans	柄	代用の,置き換えの	（水差し・つぼ・引き出し・ドアなどの）取っ手,>>tenilo
sugesti	暗示	sugest	示	（催眠術的な）暗示の,暗示にかける	示唆する,ほのめかす
sum	总	resum	概	合計で,合わせて;=resume（要するに）	
supl	柔	fleks	弯	《稀》=malrigida（柔軟な）,=fleksebla（しなやかな）	=fleksebla（曲げられる）
surf	冲浪	ond	波	［自］波乗りをする,サーフィンをする	波の,波状の
suspir	叹	vesp	蜂	［自］嘆息する,=vespiri	{Ｂ}【虫】スズメバチ（雀蜂）（科の総称）;《般》（大型の）ハチ（蜂）,
svelt	苗条	elegant	雅	すらりとした,すんなりとした,ほっそりした,=elegante mald	{Ｂ}上品な,趣味のよい,優美な
s^pur	距	trak	轨	【鉄】軌間,=traklarg^o;【車】輪距,ゲージ	【史】=traco（トラキア人）
s^utr	百叶窗	fenestr	窗	【建】（窓の）シャッター,よろい戸,=fenestrokovrilo	{Ｂ}窓;【情】ウィンドウ
tabel	表	tabul	板	{Ｂ}表,一覧表,目録,数表;【史】=tabuleto（書字板）	［他］板を張る,=paneli
taks	评	alte	立葵	{Ｂ}［他］評価する,鑑定する,見積もる,査定する;《古》=alte t	{Ｏ}【植】タチアオイ（立葵）（属）
talent	才	tal	距	才能のある,腕のある,有能な	【解】【PIV】(talus) Tarsa osto de la rep
tartr	酒石	dent	齿	【化】酒石;【医】歯石,=dentos^tono	歯の;歯のついた
tau^r	牡牛	vir	男	《稀》雄牛,種牛,=virbovo;【動】ウシ（種）	男の;男のような
televizi	电视	televid	视	=televida（テレビ放送の）	テレビの,テレビ放送の
telfer	缆路	kabl	缆	=kablovojo（ロープウエー）	{Ｏ}太綱,ケーブル;【電】被覆電線,ケーブル
temp	时	port	运	時間の,時の;一時的な,=portempa	{Ｂ}［他］持っている,抱えている;持ち運ぶ,持って行く;身につけている
tensi	压	sang	血	【理】張力,>>strec^o;【機】応力;【電】電圧;【医】緊張;【医	血の,血液の;血まみれの,流血の;血の色をした
tepid	温	varm	暖	《詩》=varmeta（ぬるい）	{Ｂ}暖かい,熱い,暑い;熱のある;《転》熱心な,熱気のある
termin	词	fak	专	{Ｏ}専門用語,術語,=fakvorto	専門の,専門的な
tetra	野鸡	bonazi	鸟	{Ｏ}【鳥】エゾライチョウ（蝦夷雷鳥）（種）,=bonazio	【動】【PIV】Sp. (Specio) (Bonasa bonasia
tez	题	disertaci	论文	{Ｏ}主張,説;【論】命題,定立,提題;【政】テーゼ;【学】=diser	（学術）論文,学位論文,=disertaj^o
timid	怯	sin	怀	《詩》=sing^ena（内気な）	{Ｂ}胸部;懐（ふところ）;胎内;《転》内奥;《転》胸の内
timpan	鼓室	timbal	鼓	【解】鼓室,中耳;【建】ティンパヌム,三角小間;【楽】=timbalo（	【楽】ティンパニ;【料】タンバル（パイの一種）
tin	桶	lign	木	（木の）桶（おけ）,=ligna kuvo	木製の
toast	烤包	rost	烤	【料】トーストパン,=rostpano	{Ｂ}［他］【料】焼く,あぶる,ローストする,煎る;《転》強い熱にさらす
ton	调	tonik	主	{Ｂ}【楽】（一定の音高の）楽音,音;【楽】主音,=toniko;【楽】	【楽】主音の;【薬】強壮にする
tragik	悲剧	tragedi	悲	{Ｂ}悲惨な,悲劇的な,=tragedia	悲劇の;悲劇的な,悲惨な
transpon	转	ali	别	［他］【楽】移調する,=aligamigi;【数】（行列を）転置する	{Ｂ}ほかの,別の,その他の;もう一つの
trop	喻	vort	词	{Ｏ}【修】言葉のあや,（語の）転用,比喩,=vortfiguro	語の,言葉の;言葉だけの
trumpet	小号	distr	散	［自］らっぱを吹く,トランペットを吹く;=distrumpeti	気晴らしの
tuc^	墨	lav	洗	［他］墨でかく;（水彩で）薄く塗る,=lavumi	{Ｂ}［他］洗う,洗濯する,洗浄する,洗い落とす;清める
turment	虐	tortur	拷	苦しめる,悩ます	{Ｏ}［他］拷問する
turne	巡	rond	圆	【劇】=rondiro（巡業）	円形の,丸い
umbilik	脐	hil	蛙	へその	【動】アマガエル（雨蛙）（属）,=verda rano
ureter	输尿管	urin	尿	【解】尿管,=urinkanalo	尿の,小便の
uretr	尿道	urin	尿	【解】尿道,=urintubo	尿の,小便の
val	谷	basen	盆	{Ｂ}【地理】谷,谷間,渓谷;流域,=baseno;【建】（屋根の）谷	{Ｏ}泉水,ため池;船溜まり;（川の）流域;【地理】盆地,=rondva
vaz	器	angi	脉	{Ｂ}容器,うつわ,つぼ,かめ,花びん,はち,>>poto,>>pelv	【解】脈管,>>arterio,>>vejno,>>limfangio;
vegan	素	veget	茂	=vegetaj^ano（完全菜食家）	植生の;《転》無為の,無気力な
vegetal	植	veget	茂	植物の,=vegetaj^a	植生の;《転》無為の,無気力な
vel	帆	palat	口顶	帆の	口蓋の
vener	性病	seks	性	【病】性病の,=seksmalsana	性の,性的な
vertig^	晕	sent	感	［自］めまいがする,=senti kapturnon	感情の
vertig^	晕	kapt	捕	［自］めまいがする,=senti kapturnon	{Ｂ}［他］つかまえる,捕らえる;つかむ,把握する;とりこにする
veterinar	兽医	best	兽	獣医の,=bestkuraca	動物の,獣のような
vezik	囊	aer	气	{Ｂ}泡（あわ）,気泡,=aerveziko;【解】嚢胞;《転》（漫画の	空気の,大気の;空の,空中の,航空の;《転》空虚な,実体のない
viadukt	旱桥	val	谷	{Ｂ}（谷などに渡された）陸橋,高架橋,=valponto	{Ｂ}【地理】谷,谷間,渓谷;流域,=baseno;【建】（屋根の）谷
violent	暴	perfor	穿	=perforta（乱暴な）	【PIV】(tr (transitiva)) Okazigi perfo
viper	蛇	vipur	毒蛇	{Ｏ}【動】=vipuro（マムシ）	{Ｏ}【動】クサリヘビ（鎖蛇）（属）;《般》マムシ（蝮）
viscer	脏	intern	内	【解】内臓,=internaj^o	{Ｂ}内部の,内側の;国内の;内心の,精神的な
vit	葡	vin	酒	{Ｂ}【植】ブドウ（葡萄）（属）,=vinberarbo	ワインの
vitriol	矾	sulf	硫	{Ｏ}《古》【化】礬（ばん）（重金属の硫酸塩）,=sulfato;《般》	【化】【PIV】Mll de sulfuro, uzata en nom
volatil	挥发	vapor	汽	【化】揮発性の,=vaporig^ema	蒸気の;蒸気のたちこめた,おぼろにかすんだ;（布地が）透けるように薄い
vor	贪食	mang	芒果	=mang^egi（むさぼり食う）	{Ｏ}【果】マンゴー（の実）
vring	拧	prem	压	［他］=premtordi（絞る）	押しつけるような,重苦しい
vultur	秃鹰	kon	认	{Ｂ}【鳥】コンドル（種）,=kondoro;《般》ハゲタカ（禿鷹）（ハ	{Ｂ}［他］（体験して）知っている;知り合いである,面識がある;精通して
zelot	迷	fanatik	狂	《転》熱心なファン,（サッカーの）サポーター【私家版】	{Ｏ}狂信的な,熱狂的な
zip	拉链	fulm	闪	［他］ファスナーで閉じる	稲妻の
altitud	高	absolut	绝	【地理】標高,海抜,=absoluta alteco	{Ｂ}絶対の,無条件の,完全な,全くの,>>senkondic^a,>>
vort	词	dir	说	語の,言葉の;言葉だけの	{Ｂ}［他］言う,述べる,告げる
astaten	卤	astat	无定	【PIV】= astato.	【理】無定位の,>>stata
bajonet	刺刀	stift	销	{Ｏ}【軍】銃剣	［他］くさび栓で留める
batrak	蛙	amfibi	两栖	【PIV】(ark. (arkaismo, arkaisme)) = a	両生類の;水陸両用の
bostrik	虫	skorpi	蝎	【動】【PIV】1 G. (Genro) (Bostrychus) de	{Ｂ}【動】サソリ（蠍）（目の総称）;【聖】さそり鞭（むち）
ekvipotencial	等势	egal	等	【理】【PIV】= egalpotenciala.	{Ｂ}等しい,同等の;対等な,平等な;むらのない,一様な;どうでもよい
entjer	整	cifer	数	【数】整数	［他］数字で表す
femin	女	vir	男	【PIV】= virino.	男の;男のような
filari	丝虫	vukeri	虫	【PIV】1 (ark. (arkaismo, arkaisme)) =	【動】【PIV】G. (Genro) (Wuchereria, sin.
fit	植	salp	海桶	【植】【PIV】Planto vs (vastasence) (uzat	【動】【PIV】G. (Genro) (Salpa) de tuniku
fit	植	akv	水	【植】【PIV】Planto vs (vastasence) (uzat	水の;【生】水生の
flog	木	floks	草	【植】【PIV】1 G. (Genro) (Phloga el arek	【植】【PIV】G. (Genro) (Phlox el polemon
foni	声	radi	射	【PIV】= radiotelefonio.	ラジオ（放送）の
format	版	prepar	备	{Ｏ}【印】（本や紙の）判	準備の
grosulari	木	gros	醋栗	【植】【PIV】1 (ark. (arkaismo, arkaisme)	{Ｏ}【植】=grosujo;【果】グーズベリーの実,（セイヨウ）スグリ
heksagon	六角	regul	规	【PIV】1 = regula sesangulo. 2 = sesan	正規の,規則にかなった;規則正しい,規則的な,定期的な
holoste	硬骨	holost	草	【PIV】= holosto.	【植】【PIV】G. (Genro) (Holosteum el kar
impregn	浸	fekund	肥	【PIV】(tr (transitiva)) 1 S^irmsaturi	繁殖力のある,多産な;《転》実り多い,肥沃（ひよく）な
klad	支	filum	门	【生】【PIV】1 Grupo (cladus) de vivuloj 	【生】【PIV】Sistematika unuo (phylum) am
klast	屑	detrit	碎屑	【地質】【PIV】1 Fragmento de rompita kris	【地質】【PIV】Mineralo au^ fragmento de m
kori	绒膜	derm	皮	【解】【動】【PIV】1 Ekstera parto de la pla	【解】真皮,>>epidermo
korm	茎叶体	firma	商	【植】【PIV】1 Vegeta korpo de la superaj	【商】商会,商社,=firmo
koroid	脉膜	kori	绒膜	【解】脈絡膜	【解】【動】【PIV】1 Ekstera parto de la pla
kvik	麦草	kvivit	鸣	【植】【PIV】1 (ss (striktasence)) Sp. (S	【PIV】Tiu krieto: kion birdo havas pr
ligatur	结扎	lig	结	【医】【PIV】1 a) Fadeno, per kiu oni lig	結合の
mitral	机枪	mitr	冠	【軍】機関銃,=mas^inpafilo	［他］【カ】ミトラを授ける
opt	视	talam	丘脑	【解】【PIV】Vidkapablo.	【解】【PIV】(thalamus) Nomo de du dikaj 
plumbag	草	grafit	石墨	【植】【PIV】1 G. (Genro) (Plumbago el pl	{Ｏ}【鉱】黒鉛,石墨
poefag	牛	grunt	哼	【PIV】= gruntbovo.	［自］（ブタのように）ブーブー鳴く,>>bleki
provincial	省	orden	修会	【PIV】= ordena provincestro: provinci	［他］叙勲する
ruf	赤褐	ferdek	甲板	《詩》=flavrug^a（赤褐色の）	{Ｏ}【海】甲板,デッキ;上甲板
skop	镜	s^kop	勺	【PIV】= s^kopo.	【PIV】Ujo el ligno au^ lado, uzata po
tak	倾	board	迎风	【PIV】(tr (transitiva)) 1 = g^iri 3 p	［自］【海】まぎる,ジグザグに帆走する;《転》回り道をする,遠回しの手段
trigon	三角	romb	菱	【解】【PIV】Triangula anatomia elemento:	{Ｏ}【数】菱形（ひしがた）;【魚】=rombofis^o（ヒラメの一種
