content	eu^klid	未対応
content	kreol	未対応
content	parkinson	未対応
content	kopt	未対応
content	kabil	未対応
content	dorik	未対応
content	zambi	未対応
content	piran	未対応
content	oomot	未対応
content	kolonj	未対応
content	burgund	未対応
content	romanik	未対応
content	druid	未対応
content	tamul	未対応
content	hena	未対応
content	gomenol	未対応
content	malajal	未対応
content	jagi	未対応
content	otoman	未対応
content	nikol	未対応
content	rokok	未対応
content	jog	未対応
content	mastrih^t	未対応
content	prolan	未対応
content	ebol	未対応
content	samojed	未対応
content	bau^d	未対応
content	u^at	未対応
content	korintik	未対応
content	rotari	未対応
content	tunguz	未対応
content	ajnu	未対応
content	kalips	未対応
content	donkih^ot	未対応
content	j^urasi	未対応
content	polk	未対応
content	s^ija	未対応
content	j^ul	未対応
content	mistral	未対応
content	jot	未対応
content	veber	未対応
content	zeta	未対応
content	kas^ub	未対応
content	punc^	未対応
content	maraton	未対応
content	saf	未対応
content	frig	未対応
content	orsted	未対応
content	lenin	未対応
content	piridoks	未対応
content	saduke	未対応
content	brusel	未対応
content	ionik	未対応
content	kejns	未対応
content	to	未対応
content	alanin	未対応
content	graj	未対応
content	g^enov	未対応
content	kambog^	未対応
content	arabin	未対応
content	surinam	未対応
content	c^ernobil	未対応
content	irak	未対応
content	koran	未対応
content	talmud	未対応
content	tesl	未対応
content	masor	未対応
content	polinezi	未対応
content	fumar	未対応
content	dravid	未対応
content	mormon	未対応
content	labrador	未対応
content	kilovat	未対応
content	mau^rici	未対応
content	salmonel	未対応
content	sorab	未対応
content	henr	未対応
content	imam	未対応
